project,project_id,sprint_id,start,end,partition
APIKIT,35,4187,2013-10-29 17:31:52+00:00,2013-11-11 18:31:52+00:00,train
APIKIT,35,4186,2013-11-11 21:38:10+00:00,2013-11-25 21:38:10+00:00,train
APIKIT,35,4185,2013-12-04 02:56:45+00:00,2013-12-17 02:56:45+00:00,train
APIKIT,35,4181,2014-12-02 21:24:16+00:00,2014-12-16 21:24:00+00:00,train
APIKIT,35,4180,2014-12-18 19:31:44+00:00,2015-02-11 19:31:00+00:00,train
APIKIT,35,4176,2015-06-18 19:37:38+00:00,2015-07-02 19:37:00+00:00,train
APIKIT,35,4175,2015-07-01 18:55:34+00:00,2015-07-15 18:55:00+00:00,train
APIKIT,35,4174,2015-07-15 19:01:57+00:00,2015-07-29 19:01:00+00:00,train
APIKIT,35,4173,2015-07-29 19:24:42+00:00,2015-08-12 19:24:00+00:00,train
APIKIT,35,4172,2015-08-12 19:31:23+00:00,2015-08-26 19:31:00+00:00,train
APIKIT,35,4167,2015-08-26 18:29:16+00:00,2015-09-09 18:29:00+00:00,train
APIKIT,35,4166,2015-10-21 03:30:04+00:00,2015-11-04 04:30:00+00:00,train
APIKIT,35,4074,2015-11-02 17:26:45+00:00,2015-11-16 17:26:00+00:00,train
APIKIT,35,4165,2015-11-04 20:51:48+00:00,2015-11-18 20:51:00+00:00,train
APIKIT,35,4116,2015-11-16 17:46:15+00:00,2015-11-30 17:46:00+00:00,train
APIKIT,35,4164,2015-11-18 18:36:15+00:00,2015-12-02 18:36:00+00:00,train
APIKIT,35,4170,2015-12-02 18:30:13+00:00,2015-12-16 18:30:00+00:00,train
APIKIT,35,4168,2015-12-30 18:45:59+00:00,2016-01-13 18:45:00+00:00,train
APIKIT,35,4160,2016-05-04 17:16:56+00:00,2016-05-18 17:16:00+00:00,train
APIKIT,35,4159,2016-05-18 17:50:32+00:00,2016-06-01 17:50:00+00:00,train
APIKIT,35,4148,2016-11-07 17:31:59+00:00,2016-11-24 17:31:00+00:00,train
APIKIT,35,4147,2016-11-21 17:26:58+00:00,2016-12-08 17:26:00+00:00,train
APIKIT,35,4146,2016-12-05 17:48:46+00:00,2016-12-19 17:48:00+00:00,train
APIKIT,35,4145,2017-01-30 22:47:53+00:00,2017-02-10 22:47:00+00:00,train
APIKIT,35,4144,2017-03-01 20:39:21+00:00,2017-03-13 19:39:00+00:00,train
APIKIT,35,4139,2017-05-22 17:50:23+00:00,2017-06-05 17:50:00+00:00,train
APIKIT,35,4138,2017-06-05 17:49:52+00:00,2017-06-19 17:49:00+00:00,train
APIKIT,35,4136,2017-07-03 19:09:53+00:00,2017-07-17 19:09:00+00:00,train
APIKIT,35,4126,2017-07-31 18:23:32+00:00,2017-08-14 18:23:00+00:00,train
APIKIT,35,4098,2017-08-14 19:34:48+00:00,2017-08-28 19:34:00+00:00,train
APIKIT,35,4114,2017-08-28 15:58:47+00:00,2017-09-11 15:58:00+00:00,train
APIKIT,35,4115,2017-09-25 08:09:23+00:00,2017-10-07 08:09:00+00:00,train
APIKIT,35,4118,2017-10-09 15:25:07+00:00,2017-10-21 15:25:00+00:00,train
APIKIT,35,4093,2017-11-07 17:34:07+00:00,2017-11-18 17:34:00+00:00,train
APIKIT,35,4091,2017-11-22 13:50:24+00:00,2017-12-02 13:50:00+00:00,train
APIKIT,35,4083,2017-12-04 15:40:24+00:00,2017-12-18 02:59:00+00:00,train
APIKIT,35,4095,2017-12-18 16:54:44+00:00,2017-12-31 03:13:00+00:00,train
APIKIT,35,4073,2018-01-02 15:48:15+00:00,2018-01-15 02:07:00+00:00,train
APIKIT,35,4075,2018-01-15 15:34:13+00:00,2018-01-28 01:53:00+00:00,train
APIKIT,35,4101,2018-01-29 16:14:01+00:00,2018-02-14 02:33:00+00:00,train
APIKIT,35,4117,2018-02-14 15:04:19+00:00,2018-02-28 01:23:00+00:00,train
APIKIT,35,4099,2018-02-28 15:56:34+00:00,2018-03-14 01:15:00+00:00,train
APIKIT,35,4103,2018-03-14 15:48:18+00:00,2018-03-28 02:07:00+00:00,train
APIKIT,35,4104,2018-03-28 19:40:18+00:00,2018-04-11 19:40:00+00:00,train
APIKIT,35,4110,2018-04-11 19:20:32+00:00,2018-04-25 19:20:00+00:00,train
APIKIT,35,4134,2018-04-25 19:27:52+00:00,2018-05-09 19:27:00+00:00,validation
APIKIT,35,4128,2018-05-09 19:47:58+00:00,2018-05-23 19:47:00+00:00,validation
APIKIT,35,4133,2018-05-23 20:03:44+00:00,2018-06-06 20:03:00+00:00,validation
APIKIT,35,4090,2018-06-06 21:08:02+00:00,2018-06-20 21:08:00+00:00,validation
APIKIT,35,4124,2018-06-21 21:05:36+00:00,2018-07-04 21:05:00+00:00,validation
APIKIT,35,4088,2018-07-05 13:44:01+00:00,2018-07-18 13:44:00+00:00,validation
APIKIT,35,4097,2018-07-19 17:10:23+00:00,2018-08-01 17:10:00+00:00,validation
APIKIT,35,4081,2018-08-02 20:40:24+00:00,2018-08-15 20:40:00+00:00,validation
APIKIT,35,4112,2018-08-16 14:07:20+00:00,2018-08-29 14:07:00+00:00,validation
APIKIT,35,4113,2018-08-30 17:24:04+00:00,2018-09-12 17:24:00+00:00,validation
APIKIT,35,4108,2018-09-13 12:20:00+00:00,2018-09-26 10:20:00+00:00,validation
APIKIT,35,4076,2018-09-26 19:42:59+00:00,2018-10-10 17:42:00+00:00,validation
APIKIT,35,4079,2018-10-10 20:35:17+00:00,2018-10-24 18:35:00+00:00,validation
APIKIT,35,4094,2018-10-24 19:56:48+00:00,2018-11-07 18:56:00+00:00,validation
APIKIT,35,4107,2018-11-07 20:11:30+00:00,2018-11-21 18:11:00+00:00,validation
APIKIT,35,4130,2018-12-19 19:24:12+00:00,2019-01-02 17:24:00+00:00,test
APIKIT,35,4100,2019-01-02 19:16:01+00:00,2019-01-16 17:16:00+00:00,test
APIKIT,35,4082,2019-01-16 19:18:15+00:00,2019-01-30 17:18:00+00:00,test
APIKIT,35,4096,2019-02-13 19:31:06+00:00,2019-02-27 16:31:00+00:00,test
APIKIT,35,4120,2019-03-13 14:57:31+00:00,2019-03-27 11:57:00+00:00,test
APIKIT,35,4121,2019-04-10 17:20:07+00:00,2019-04-24 17:20:00+00:00,test
APIKIT,35,4119,2019-04-24 20:17:00+00:00,2019-05-08 20:16:00+00:00,test
APIKIT,35,4092,2019-05-22 19:03:11+00:00,2019-06-05 19:03:00+00:00,test
APIKIT,35,4123,2019-06-05 20:35:47+00:00,2019-06-19 20:35:00+00:00,test
APIKIT,35,4085,2019-06-19 20:02:20+00:00,2019-07-03 20:02:00+00:00,test
APIKIT,35,4080,2019-07-03 18:59:12+00:00,2019-07-17 18:59:00+00:00,test
APIKIT,35,4086,2019-07-17 18:05:05+00:00,2019-07-31 18:05:00+00:00,test
APIKIT,35,4089,2019-09-11 18:51:12+00:00,2019-09-25 18:51:00+00:00,test
APIKIT,35,4078,2019-10-09 19:25:13+00:00,2019-10-23 19:25:00+00:00,test
APIKIT,35,4131,2019-10-23 20:48:31+00:00,2019-11-06 21:48:00+00:00,test
COMPASS,30,3382,2017-01-31 05:36:03+00:00,2017-02-03 05:36:00+00:00,train
COMPASS,30,3377,2017-11-15 20:57:26+00:00,2017-11-22 20:57:00+00:00,train
COMPASS,30,3376,2017-12-14 14:39:11+00:00,2017-12-21 14:39:00+00:00,train
COMPASS,30,3375,2018-02-14 15:31:16+00:00,2018-02-21 15:31:00+00:00,train
COMPASS,30,3374,2018-03-14 15:30:42+00:00,2018-03-21 15:30:00+00:00,train
COMPASS,30,3373,2018-03-21 15:22:25+00:00,2018-03-28 15:22:00+00:00,train
COMPASS,30,3372,2018-03-28 14:29:55+00:00,2018-04-04 14:29:00+00:00,train
COMPASS,30,3370,2018-04-13 10:52:45+00:00,2018-04-20 10:52:00+00:00,train
COMPASS,30,3368,2018-04-25 14:29:42+00:00,2018-05-02 14:29:00+00:00,train
COMPASS,30,3367,2018-05-02 14:23:45+00:00,2018-05-09 14:23:00+00:00,train
COMPASS,30,3365,2018-05-22 13:06:29+00:00,2018-05-29 13:06:00+00:00,train
COMPASS,30,3363,2018-06-01 14:13:19+00:00,2018-06-08 14:13:00+00:00,train
COMPASS,30,3362,2018-06-06 20:05:17+00:00,2018-06-13 20:05:00+00:00,train
COMPASS,30,3361,2018-06-13 16:22:59+00:00,2018-06-20 16:22:00+00:00,train
COMPASS,30,3360,2018-06-20 14:13:10+00:00,2018-06-27 14:13:00+00:00,train
COMPASS,30,3359,2018-06-28 14:49:25+00:00,2018-07-05 14:49:00+00:00,train
COMPASS,30,3356,2018-07-19 15:23:34+00:00,2018-07-26 15:23:00+00:00,train
COMPASS,30,3355,2018-07-25 14:23:54+00:00,2018-08-01 14:23:00+00:00,train
COMPASS,30,3351,2018-08-22 14:20:42+00:00,2018-08-29 14:20:00+00:00,train
COMPASS,30,3348,2018-09-05 14:53:25+00:00,2018-09-12 10:30:00+00:00,train
COMPASS,30,3347,2018-09-12 14:27:16+00:00,2018-09-19 14:27:00+00:00,train
COMPASS,30,3346,2018-09-19 14:33:23+00:00,2018-09-26 10:10:00+00:00,train
COMPASS,30,3345,2018-09-27 13:08:50+00:00,2018-10-04 08:45:00+00:00,train
COMPASS,30,3344,2018-10-04 14:02:05+00:00,2018-10-11 09:39:00+00:00,train
COMPASS,30,3343,2018-10-31 14:35:39+00:00,2018-11-07 10:12:00+00:00,train
COMPASS,30,3342,2018-10-31 17:38:30+00:00,2018-11-07 13:15:00+00:00,train
COMPASS,30,3350,2018-11-07 13:49:45+00:00,2018-11-14 09:26:00+00:00,train
COMPASS,30,3341,2018-11-14 15:29:30+00:00,2018-11-28 11:06:00+00:00,train
COMPASS,30,3339,2018-11-28 15:37:16+00:00,2018-12-12 11:14:00+00:00,train
COMPASS,30,3340,2018-12-12 15:33:22+00:00,2018-12-26 11:10:00+00:00,train
COMPASS,30,3338,2019-01-09 15:31:06+00:00,2019-01-23 11:08:00+00:00,train
COMPASS,30,3337,2019-01-23 15:32:26+00:00,2019-02-06 11:09:00+00:00,train
COMPASS,30,3336,2019-02-06 15:23:16+00:00,2019-02-20 11:00:00+00:00,train
COMPASS,30,3335,2019-02-20 15:36:13+00:00,2019-03-06 11:13:00+00:00,train
COMPASS,30,3334,2019-03-06 15:24:25+00:00,2019-03-20 11:01:00+00:00,train
COMPASS,30,3333,2019-03-20 16:17:54+00:00,2019-04-03 11:54:00+00:00,train
COMPASS,30,3332,2019-04-03 14:31:48+00:00,2019-04-17 10:08:00+00:00,train
COMPASS,30,3331,2019-04-17 15:01:33+00:00,2019-05-01 10:38:00+00:00,train
COMPASS,30,3330,2019-05-02 14:19:26+00:00,2019-05-16 09:56:00+00:00,train
COMPASS,30,3327,2019-06-13 14:34:37+00:00,2019-06-27 10:11:00+00:00,train
COMPASS,30,3326,2019-06-26 15:05:46+00:00,2019-07-10 10:42:00+00:00,train
COMPASS,30,3325,2019-07-10 14:31:14+00:00,2019-07-24 10:08:00+00:00,train
COMPASS,30,3324,2019-07-24 14:37:25+00:00,2019-08-07 10:14:00+00:00,validation
COMPASS,30,3323,2019-08-07 14:32:44+00:00,2019-08-21 10:09:00+00:00,validation
COMPASS,30,3322,2019-08-21 14:38:47+00:00,2019-09-04 10:15:00+00:00,validation
COMPASS,30,3321,2019-09-04 14:34:49+00:00,2019-09-18 10:11:00+00:00,validation
COMPASS,30,3320,2019-09-18 20:26:31+00:00,2019-10-02 16:03:00+00:00,validation
COMPASS,30,3319,2019-10-02 14:11:49+00:00,2019-10-16 09:48:00+00:00,validation
COMPASS,30,3317,2019-10-30 14:38:45+00:00,2019-11-13 10:15:00+00:00,validation
COMPASS,30,3316,2019-11-13 15:21:36+00:00,2019-11-27 10:58:00+00:00,validation
COMPASS,30,3315,2019-11-27 15:36:16+00:00,2019-12-11 11:13:00+00:00,validation
COMPASS,30,3314,2019-12-11 15:37:36+00:00,2019-12-25 11:14:00+00:00,validation
COMPASS,30,3313,2020-01-08 15:36:05+00:00,2020-01-22 11:13:00+00:00,validation
COMPASS,30,3312,2020-01-22 15:41:08+00:00,2020-02-05 11:18:00+00:00,validation
COMPASS,30,3311,2020-02-05 15:56:30+00:00,2020-02-19 11:33:00+00:00,validation
COMPASS,30,3310,2020-02-19 15:39:34+00:00,2020-03-04 11:16:00+00:00,validation
COMPASS,30,3309,2020-03-04 15:41:35+00:00,2020-03-18 11:18:00+00:00,test
COMPASS,30,3308,2020-03-18 15:38:33+00:00,2020-04-01 11:15:00+00:00,test
COMPASS,30,3304,2020-04-01 14:38:08+00:00,2020-04-15 10:15:00+00:00,test
COMPASS,30,3307,2020-04-15 14:42:35+00:00,2020-04-29 10:19:00+00:00,test
COMPASS,30,3306,2020-04-29 14:51:56+00:00,2020-05-13 10:28:00+00:00,test
COMPASS,30,3305,2020-05-12 11:22:00+00:00,2020-05-26 06:59:00+00:00,test
COMPASS,30,3303,2020-05-27 14:48:00+00:00,2020-06-10 10:25:00+00:00,test
COMPASS,30,3302,2020-06-15 12:31:00+00:00,2020-06-29 08:08:00+00:00,test
COMPASS,30,3301,2020-07-08 14:40:00+00:00,2020-07-22 10:17:00+00:00,test
COMPASS,30,3300,2020-07-22 14:21:00+00:00,2020-08-05 09:58:00+00:00,test
COMPASS,30,3299,2020-08-05 14:30:00+00:00,2020-08-19 10:07:00+00:00,test
COMPASS,30,3298,2020-08-19 14:17:00+00:00,2020-09-02 09:54:00+00:00,test
COMPASS,30,3297,2020-09-02 14:15:00+00:00,2020-09-16 09:52:00+00:00,test
COMPASS,30,3296,2020-09-16 15:24:00+00:00,2020-09-30 11:01:00+00:00,test
CONFCLOUD,21,1690,2013-03-05 03:58:51+00:00,2013-03-19 02:58:51+00:00,train
CONFCLOUD,21,1687,2013-10-08 03:13:23+00:00,2013-10-22 03:13:00+00:00,train
CONFCLOUD,21,1665,2013-10-08 04:16:22+00:00,2013-10-22 04:16:00+00:00,train
CONFCLOUD,21,1681,2013-10-14 08:47:43+00:00,2013-10-28 08:47:00+00:00,train
CONFCLOUD,21,1674,2013-10-21 03:00:08+00:00,2013-10-30 03:00:00+00:00,train
CONFCLOUD,21,1678,2013-11-07 05:45:16+00:00,2013-12-31 05:45:00+00:00,train
CONFCLOUD,21,1668,2013-11-11 10:04:49+00:00,2013-11-25 10:04:00+00:00,train
CONFCLOUD,21,1671,2013-12-10 04:11:32+00:00,2013-12-17 04:11:00+00:00,train
CONFCLOUD,21,1667,2014-01-06 08:19:27+00:00,2014-01-20 08:19:00+00:00,train
CONFCLOUD,21,1603,2014-10-08 00:33:35+00:00,2014-10-17 00:33:00+00:00,train
CONFCLOUD,21,1566,2014-11-17 04:17:58+00:00,2014-11-24 04:17:00+00:00,train
CONFCLOUD,21,1584,2014-12-11 00:29:39+00:00,2014-12-25 00:29:00+00:00,train
CONFCLOUD,21,1685,2014-12-15 09:09:50+00:00,2014-12-29 09:09:00+00:00,train
CONFCLOUD,21,1677,2015-01-16 07:35:16+00:00,2015-01-23 07:35:00+00:00,train
CONFCLOUD,21,1622,2015-03-15 23:37:35+00:00,2015-03-19 23:37:00+00:00,train
CONFCLOUD,21,1706,2015-06-15 03:30:25+00:00,2015-06-26 06:00:00+00:00,train
CONFCLOUD,21,1630,2015-08-03 05:34:17+00:00,2015-08-07 13:34:00+00:00,train
CONFCLOUD,21,1600,2015-08-10 04:59:15+00:00,2015-08-14 12:59:00+00:00,train
CONFCLOUD,21,1579,2015-09-10 04:03:45+00:00,2015-09-17 12:03:00+00:00,train
CONFCLOUD,21,1580,2015-09-23 04:23:21+00:00,2015-09-30 12:23:00+00:00,train
CONFCLOUD,21,1587,2015-09-29 06:30:58+00:00,2015-10-06 13:30:00+00:00,train
CONFCLOUD,21,1596,2015-10-22 05:03:16+00:00,2015-10-29 13:03:00+00:00,train
CONFCLOUD,21,1597,2015-10-27 00:35:59+00:00,2015-11-03 00:35:00+00:00,train
CONFCLOUD,21,1627,2015-12-01 00:56:25+00:00,2015-12-08 00:56:00+00:00,train
CONFCLOUD,21,1607,2015-12-15 00:50:10+00:00,2015-12-22 00:50:00+00:00,train
CONFCLOUD,21,1703,2015-12-21 03:27:16+00:00,2016-01-04 01:30:00+00:00,train
CONFCLOUD,21,1704,2016-01-04 03:10:32+00:00,2016-01-11 02:00:00+00:00,train
CONFCLOUD,21,1581,2016-01-05 01:00:26+00:00,2016-01-12 01:00:00+00:00,train
CONFCLOUD,21,1611,2016-01-12 23:33:39+00:00,2016-01-19 23:33:00+00:00,train
CONFCLOUD,21,1699,2016-01-27 00:39:05+00:00,2016-02-03 05:10:00+00:00,train
CONFCLOUD,21,1593,2016-02-02 04:14:58+00:00,2016-02-09 04:14:00+00:00,train
CONFCLOUD,21,1591,2016-02-09 04:49:26+00:00,2016-02-23 04:49:00+00:00,train
CONFCLOUD,21,1576,2016-02-23 02:52:48+00:00,2016-03-01 02:52:00+00:00,train
CONFCLOUD,21,1711,2016-03-09 23:34:52+00:00,2016-03-21 02:30:00+00:00,train
CONFCLOUD,21,1575,2016-03-22 23:54:30+00:00,2016-03-29 23:54:00+00:00,train
CONFCLOUD,21,1573,2016-04-30 01:54:00+00:00,2016-05-07 01:54:00+00:00,train
CONFCLOUD,21,1569,2016-07-13 06:25:01+00:00,2016-07-20 06:25:00+00:00,train
CONFCLOUD,21,1588,2016-07-27 07:20:07+00:00,2016-08-03 07:20:00+00:00,train
CONFCLOUD,21,1609,2016-08-11 07:48:43+00:00,2016-08-18 07:48:00+00:00,train
CONFCLOUD,21,1718,2016-11-02 03:02:38+00:00,2016-11-09 02:30:00+00:00,train
CONFCLOUD,21,1589,2016-11-02 03:52:24+00:00,2016-11-08 03:52:00+00:00,train
CONFCLOUD,21,1723,2016-11-08 23:59:52+00:00,2016-11-22 06:30:00+00:00,train
CONFCLOUD,21,1623,2016-11-09 03:54:45+00:00,2016-11-15 03:54:00+00:00,train
CONFCLOUD,21,1617,2016-11-16 03:48:45+00:00,2016-11-22 03:48:00+00:00,train
CONFCLOUD,21,1717,2016-11-23 00:02:14+00:00,2016-12-06 06:33:00+00:00,train
CONFCLOUD,21,1714,2016-11-23 02:51:31+00:00,2016-11-30 02:30:00+00:00,train
CONFCLOUD,21,1602,2016-11-23 04:00:13+00:00,2016-11-29 04:00:00+00:00,train
CONFCLOUD,21,1567,2016-11-30 04:32:07+00:00,2016-12-06 04:32:00+00:00,train
CONFCLOUD,21,1716,2016-12-01 06:02:48+00:00,2016-12-07 02:30:00+00:00,train
CONFCLOUD,21,1724,2016-12-12 04:02:58+00:00,2016-12-23 02:30:00+00:00,train
CONFCLOUD,21,1636,2016-12-21 04:00:11+00:00,2017-01-04 03:00:00+00:00,train
CONFCLOUD,21,1632,2017-01-09 14:36:03+00:00,2017-01-28 15:21:00+00:00,train
CONFCLOUD,21,1574,2017-01-11 04:48:31+00:00,2017-01-25 03:48:00+00:00,train
CONFCLOUD,21,1582,2017-01-29 22:59:11+00:00,2017-02-12 21:59:00+00:00,train
CONFCLOUD,21,1629,2017-02-03 05:14:27+00:00,2017-02-17 04:14:00+00:00,train
CONFCLOUD,21,1612,2017-02-08 22:37:46+00:00,2017-02-22 21:37:00+00:00,train
CONFCLOUD,21,1728,2017-02-15 03:05:55+00:00,2017-02-22 02:30:00+00:00,train
CONFCLOUD,21,1604,2017-02-16 03:38:55+00:00,2017-03-02 02:38:00+00:00,train
CONFCLOUD,21,1731,2017-03-01 04:56:50+00:00,2017-03-08 02:30:00+00:00,train
CONFCLOUD,21,1721,2017-03-08 05:29:00+00:00,2017-03-14 05:28:00+00:00,train
CONFCLOUD,21,1635,2017-03-15 03:52:46+00:00,2017-03-29 02:52:00+00:00,validation
CONFCLOUD,21,1729,2017-03-22 03:45:38+00:00,2017-03-29 03:00:00+00:00,validation
CONFCLOUD,21,1661,2017-04-19 02:01:04+00:00,2017-04-26 02:01:00+00:00,validation
CONFCLOUD,21,1659,2017-04-27 00:03:45+00:00,2017-05-10 03:30:00+00:00,validation
CONFCLOUD,21,1657,2017-05-17 07:41:05+00:00,2017-05-24 03:30:00+00:00,validation
CONFCLOUD,21,1653,2017-06-12 21:40:12+00:00,2017-06-21 03:39:00+00:00,validation
CONFCLOUD,21,1637,2017-06-21 04:56:56+00:00,2017-06-28 03:56:00+00:00,validation
CONFCLOUD,21,1655,2017-06-23 00:05:44+00:00,2017-06-28 06:04:00+00:00,validation
CONFCLOUD,21,1642,2017-07-28 00:18:24+00:00,2017-08-03 23:18:00+00:00,validation
CONFCLOUD,21,1646,2017-11-14 18:40:17+00:00,2017-11-28 13:37:00+00:00,validation
CONFCLOUD,21,1641,2018-01-30 23:01:06+00:00,2018-02-06 23:01:00+00:00,validation
CONFCLOUD,21,1561,2018-11-27 23:08:57+00:00,2018-12-10 23:08:00+00:00,validation
CONFCLOUD,21,1562,2019-01-07 23:50:22+00:00,2019-01-18 05:45:00+00:00,validation
CONFCLOUD,21,1559,2019-01-23 00:26:15+00:00,2019-02-02 06:21:00+00:00,validation
CONFCLOUD,21,1556,2019-02-20 19:30:45+00:00,2019-03-30 19:30:00+00:00,validation
CONFCLOUD,21,1555,2019-03-04 23:35:48+00:00,2019-03-19 04:30:00+00:00,validation
CONFCLOUD,21,1553,2019-03-18 19:22:06+00:00,2019-04-02 00:17:00+00:00,validation
CONFCLOUD,21,1554,2019-04-15 23:02:36+00:00,2019-04-29 23:02:00+00:00,validation
CONFCLOUD,21,1542,2019-07-15 19:10:22+00:00,2019-07-29 19:10:00+00:00,validation
CONFCLOUD,21,1535,2019-08-05 21:50:51+00:00,2019-08-19 19:37:00+00:00,validation
CONFCLOUD,21,1537,2019-08-19 21:34:00+00:00,2019-09-02 19:20:00+00:00,test
CONFCLOUD,21,1549,2019-10-07 19:47:43+00:00,2019-10-21 19:47:00+00:00,test
CONFCLOUD,21,1530,2019-11-04 22:26:39+00:00,2019-11-16 08:21:00+00:00,test
CONFCLOUD,21,1526,2019-12-02 21:44:24+00:00,2019-12-20 07:39:00+00:00,test
CONFCLOUD,21,1525,2019-12-03 18:38:28+00:00,2019-12-15 04:33:00+00:00,test
CONFCLOUD,21,1524,2019-12-16 21:36:17+00:00,2019-12-28 07:31:00+00:00,test
CONFCLOUD,21,1529,2020-01-13 00:10:00+00:00,2020-01-24 00:10:00+00:00,test
CONFCLOUD,21,1528,2020-01-21 19:07:04+00:00,2020-02-04 19:07:00+00:00,test
CONFCLOUD,21,1521,2020-02-03 21:23:03+00:00,2020-02-14 07:18:00+00:00,test
CONFCLOUD,21,1544,2020-02-14 23:57:46+00:00,2020-02-28 23:57:00+00:00,test
CONFCLOUD,21,1520,2020-02-24 11:40:36+00:00,2020-03-09 11:40:00+00:00,test
CONFCLOUD,21,1533,2020-03-02 19:05:00+00:00,2020-03-16 19:04:00+00:00,test
CONFCLOUD,21,1516,2020-03-02 23:29:32+00:00,2020-03-15 23:29:00+00:00,test
CONFCLOUD,21,1518,2020-03-16 18:01:00+00:00,2020-03-30 18:01:00+00:00,test
CONFCLOUD,21,1514,2020-03-23 17:07:29+00:00,2020-03-30 17:07:00+00:00,test
CONFCLOUD,21,1515,2020-04-27 22:18:11+00:00,2020-05-10 22:18:00+00:00,test
CONFCLOUD,21,1519,2020-05-25 14:04:17+00:00,2020-06-08 14:04:00+00:00,test
CONFCLOUD,21,1503,2020-06-08 17:43:32+00:00,2020-06-22 17:43:00+00:00,test
CONFCLOUD,21,1493,2020-08-03 18:00:33+00:00,2020-08-17 18:00:00+00:00,test
CONFCLOUD,21,1494,2020-08-17 16:36:50+00:00,2020-08-31 16:36:00+00:00,test
CONFCLOUD,21,1491,2020-09-28 18:36:36+00:00,2020-10-09 18:36:00+00:00,test
CONFSERVER,22,2165,2012-10-28 23:37:40+00:00,2012-12-10 00:37:00+00:00,train
CONFSERVER,22,2489,2012-11-05 23:49:12+00:00,2012-11-19 23:49:12+00:00,train
CONFSERVER,22,2495,2012-11-13 05:57:13+00:00,2012-11-20 05:57:13+00:00,train
CONFSERVER,22,2483,2012-11-16 03:34:36+00:00,2012-12-04 03:34:36+00:00,train
CONFSERVER,22,2477,2012-12-05 05:46:00+00:00,2012-12-18 05:46:00+00:00,train
CONFSERVER,22,2170,2012-12-10 00:08:25+00:00,2013-02-08 00:08:00+00:00,train
CONFSERVER,22,2517,2012-12-13 22:27:44+00:00,2012-12-17 22:27:44+00:00,train
CONFSERVER,22,2509,2012-12-18 00:05:56+00:00,2013-01-01 00:05:56+00:00,train
CONFSERVER,22,2519,2013-01-07 23:52:56+00:00,2013-01-14 23:52:56+00:00,train
CONFSERVER,22,2325,2013-02-19 04:34:42+00:00,2013-03-05 04:34:42+00:00,train
CONFSERVER,22,2184,2013-02-21 02:45:11+00:00,2013-03-29 02:45:11+00:00,train
CONFSERVER,22,2474,2013-03-05 03:58:51+00:00,2013-03-19 02:58:51+00:00,train
CONFSERVER,22,2516,2013-03-12 03:15:09+00:00,2013-03-29 07:15:09+00:00,train
CONFSERVER,22,2473,2013-03-19 03:24:26+00:00,2013-03-29 06:24:26+00:00,train
CONFSERVER,22,2471,2013-03-19 04:10:47+00:00,2013-04-02 04:10:47+00:00,train
CONFSERVER,22,2178,2013-03-26 03:36:58+00:00,2013-04-09 03:36:58+00:00,train
CONFSERVER,22,2181,2013-08-19 07:30:00+00:00,2013-08-30 07:30:00+00:00,train
CONFSERVER,22,2427,2013-09-09 07:06:48+00:00,2013-09-18 07:06:00+00:00,train
CONFSERVER,22,2429,2013-09-10 05:18:49+00:00,2013-09-17 05:18:00+00:00,train
CONFSERVER,22,2425,2013-09-17 06:35:06+00:00,2013-09-30 06:35:00+00:00,train
CONFSERVER,22,2453,2013-09-23 07:12:35+00:00,2013-09-30 08:12:00+00:00,train
CONFSERVER,22,2418,2013-09-30 09:01:06+00:00,2013-10-14 09:01:00+00:00,train
CONFSERVER,22,2442,2013-10-08 03:13:23+00:00,2013-10-22 03:13:00+00:00,train
CONFSERVER,22,2388,2013-10-08 04:16:22+00:00,2013-10-22 04:16:00+00:00,train
CONFSERVER,22,2218,2013-10-09 06:05:40+00:00,2013-10-16 05:00:00+00:00,train
CONFSERVER,22,2412,2013-10-21 03:00:08+00:00,2013-10-30 03:00:00+00:00,train
CONFSERVER,22,2301,2013-10-28 04:32:00+00:00,2013-11-08 04:32:00+00:00,train
CONFSERVER,22,2414,2013-10-28 08:28:13+00:00,2013-11-11 08:28:00+00:00,train
CONFSERVER,22,2403,2013-10-31 02:24:16+00:00,2013-11-14 02:24:00+00:00,train
CONFSERVER,22,2462,2013-11-04 00:25:06+00:00,2013-11-18 00:25:00+00:00,train
CONFSERVER,22,2406,2013-11-04 04:06:14+00:00,2013-11-18 04:06:00+00:00,train
CONFSERVER,22,2155,2013-11-06 06:09:38+00:00,2013-11-13 06:09:00+00:00,train
CONFSERVER,22,2411,2013-11-07 01:02:23+00:00,2013-11-19 01:02:00+00:00,train
CONFSERVER,22,2294,2013-11-07 05:45:16+00:00,2013-12-31 05:45:00+00:00,train
CONFSERVER,22,2407,2013-11-11 10:04:49+00:00,2013-11-25 10:04:00+00:00,train
CONFSERVER,22,2197,2013-11-13 05:59:56+00:00,2013-11-20 05:59:00+00:00,train
CONFSERVER,22,2395,2013-11-17 22:46:30+00:00,2013-11-29 22:46:00+00:00,train
CONFSERVER,22,2423,2013-11-17 23:23:29+00:00,2013-12-01 23:23:00+00:00,train
CONFSERVER,22,2199,2013-11-20 05:59:55+00:00,2013-11-27 05:59:00+00:00,train
CONFSERVER,22,2401,2013-11-25 07:25:53+00:00,2013-12-09 07:25:00+00:00,train
CONFSERVER,22,2402,2013-11-26 00:03:46+00:00,2013-12-10 00:03:00+00:00,train
CONFSERVER,22,2209,2013-11-27 06:07:32+00:00,2013-12-04 06:07:00+00:00,train
CONFSERVER,22,2183,2013-12-02 03:22:14+00:00,2013-12-16 03:22:00+00:00,train
CONFSERVER,22,2399,2013-12-03 04:20:10+00:00,2013-12-17 04:20:00+00:00,train
CONFSERVER,22,2400,2013-12-03 04:26:03+00:00,2013-12-10 04:26:00+00:00,train
CONFSERVER,22,2276,2013-12-09 07:07:04+00:00,2013-12-23 07:07:00+00:00,train
CONFSERVER,22,2397,2013-12-10 04:11:32+00:00,2013-12-17 04:11:00+00:00,train
CONFSERVER,22,2394,2013-12-11 00:28:53+00:00,2013-12-24 00:28:00+00:00,train
CONFSERVER,22,2156,2013-12-11 05:54:00+00:00,2013-12-18 05:53:00+00:00,train
CONFSERVER,22,2405,2013-12-15 22:57:57+00:00,2013-12-23 22:57:00+00:00,train
CONFSERVER,22,2211,2013-12-18 06:00:54+00:00,2014-01-07 06:00:00+00:00,train
CONFSERVER,22,2010,2013-12-20 03:24:00+00:00,2014-01-15 03:23:00+00:00,train
CONFSERVER,22,2404,2013-12-23 07:53:40+00:00,2014-01-06 07:53:00+00:00,train
CONFSERVER,22,2415,2014-01-06 01:06:58+00:00,2014-01-20 01:06:00+00:00,train
CONFSERVER,22,2393,2014-01-06 08:19:27+00:00,2014-01-20 08:19:00+00:00,train
CONFSERVER,22,2392,2014-01-08 06:01:23+00:00,2014-01-15 06:01:00+00:00,train
CONFSERVER,22,2389,2014-01-12 22:30:45+00:00,2014-01-22 22:30:00+00:00,train
CONFSERVER,22,2514,2014-01-20 04:21:43+00:00,2014-01-28 04:21:00+00:00,train
CONFSERVER,22,2498,2014-01-20 05:55:16+00:00,2014-02-03 05:55:00+00:00,train
CONFSERVER,22,2520,2014-01-20 07:36:05+00:00,2014-02-10 07:36:00+00:00,train
CONFSERVER,22,2386,2014-01-28 22:51:05+00:00,2014-02-04 22:51:00+00:00,train
CONFSERVER,22,2008,2014-01-29 04:48:47+00:00,2014-02-12 04:48:00+00:00,train
CONFSERVER,22,2383,2014-02-09 23:31:57+00:00,2014-02-18 23:31:00+00:00,train
CONFSERVER,22,2385,2014-02-10 06:17:22+00:00,2014-02-17 06:17:00+00:00,train
CONFSERVER,22,2391,2014-02-10 08:12:26+00:00,2014-02-24 08:12:00+00:00,train
CONFSERVER,22,2382,2014-02-11 04:52:43+00:00,2014-02-18 04:52:00+00:00,train
CONFSERVER,22,2153,2014-02-12 05:20:51+00:00,2014-02-19 05:20:00+00:00,train
CONFSERVER,22,2482,2014-02-18 04:11:29+00:00,2014-02-25 04:11:00+00:00,train
CONFSERVER,22,2379,2014-02-23 22:35:27+00:00,2014-03-04 22:35:00+00:00,train
CONFSERVER,22,2378,2014-03-04 04:20:50+00:00,2014-03-11 04:20:00+00:00,train
CONFSERVER,22,2198,2014-03-06 04:59:03+00:00,2014-03-12 04:59:00+00:00,train
CONFSERVER,22,2508,2014-03-11 04:51:43+00:00,2014-03-25 04:51:00+00:00,train
CONFSERVER,22,2176,2014-04-07 03:40:26+00:00,2014-04-14 03:40:00+00:00,train
CONFSERVER,22,2179,2014-04-14 03:51:00+00:00,2014-04-21 03:51:00+00:00,train
CONFSERVER,22,2168,2014-04-21 03:52:00+00:00,2014-04-28 03:52:00+00:00,train
CONFSERVER,22,2457,2014-05-12 06:11:35+00:00,2014-05-26 06:11:00+00:00,train
CONFSERVER,22,2206,2014-06-04 04:44:44+00:00,2014-06-11 04:44:00+00:00,train
CONFSERVER,22,2005,2014-06-10 05:31:32+00:00,2014-06-18 05:31:00+00:00,train
CONFSERVER,22,2360,2014-06-16 00:39:00+00:00,2014-06-23 00:39:00+00:00,train
CONFSERVER,22,2357,2014-06-17 04:21:38+00:00,2014-06-30 04:21:00+00:00,train
CONFSERVER,22,2161,2014-06-17 08:40:32+00:00,2014-07-01 08:40:00+00:00,train
CONFSERVER,22,2362,2014-06-20 06:42:15+00:00,2014-06-27 06:42:00+00:00,train
CONFSERVER,22,2358,2014-06-23 10:31:36+00:00,2014-06-30 10:31:00+00:00,train
CONFSERVER,22,2200,2014-08-19 21:39:14+00:00,2014-08-26 21:39:00+00:00,train
CONFSERVER,22,2166,2014-08-27 08:51:41+00:00,2014-09-10 08:51:00+00:00,train
CONFSERVER,22,2344,2014-08-31 23:00:00+00:00,2014-09-12 07:00:00+00:00,train
CONFSERVER,22,2341,2014-09-01 01:12:07+00:00,2014-09-08 01:12:00+00:00,train
CONFSERVER,22,2203,2014-09-03 04:18:25+00:00,2014-09-10 04:18:00+00:00,train
CONFSERVER,22,2342,2014-09-08 00:47:25+00:00,2014-09-22 00:47:00+00:00,train
CONFSERVER,22,2352,2014-09-22 00:42:17+00:00,2014-09-26 07:30:00+00:00,train
CONFSERVER,22,2525,2014-09-29 06:33:00+00:00,2014-10-03 07:33:00+00:00,train
CONFSERVER,22,2431,2014-10-13 03:18:05+00:00,2014-10-27 03:18:00+00:00,train
CONFSERVER,22,2331,2014-10-24 04:46:43+00:00,2014-10-31 04:46:00+00:00,train
CONFSERVER,22,2330,2014-10-27 07:13:37+00:00,2014-11-03 07:13:00+00:00,train
CONFSERVER,22,2440,2014-11-04 00:43:49+00:00,2014-11-17 00:43:00+00:00,train
CONFSERVER,22,2182,2014-11-07 04:40:26+00:00,2014-11-21 04:40:00+00:00,train
CONFSERVER,22,2333,2014-11-11 00:02:09+00:00,2014-11-28 00:02:00+00:00,train
CONFSERVER,22,2004,2014-11-24 03:30:22+00:00,2014-12-03 03:30:00+00:00,train
CONFSERVER,22,2327,2014-12-02 05:35:57+00:00,2014-12-15 05:35:00+00:00,train
CONFSERVER,22,2190,2014-12-10 03:47:01+00:00,2014-12-24 03:47:00+00:00,train
CONFSERVER,22,2323,2014-12-16 01:08:41+00:00,2014-12-29 01:08:00+00:00,train
CONFSERVER,22,2324,2014-12-19 04:11:55+00:00,2015-01-02 04:11:00+00:00,train
CONFSERVER,22,2292,2014-12-22 00:54:33+00:00,2015-01-02 00:54:00+00:00,train
CONFSERVER,22,2328,2014-12-31 04:09:20+00:00,2015-01-09 04:09:00+00:00,train
CONFSERVER,22,2523,2015-01-05 00:27:02+00:00,2015-01-19 00:27:00+00:00,train
CONFSERVER,22,2214,2015-01-19 06:24:44+00:00,2015-02-09 06:24:00+00:00,train
CONFSERVER,22,2338,2015-01-20 01:54:16+00:00,2015-02-02 01:54:00+00:00,train
CONFSERVER,22,2522,2015-01-27 05:35:37+00:00,2015-02-10 05:35:00+00:00,train
CONFSERVER,22,2175,2015-01-28 07:37:18+00:00,2015-02-11 07:37:00+00:00,train
CONFSERVER,22,2316,2015-02-03 03:26:20+00:00,2015-02-17 03:26:00+00:00,train
CONFSERVER,22,2320,2015-02-03 03:43:33+00:00,2015-02-06 06:43:00+00:00,train
CONFSERVER,22,2310,2015-02-09 10:00:00+00:00,2015-02-13 06:10:00+00:00,train
CONFSERVER,22,2308,2015-02-18 05:07:58+00:00,2015-03-04 05:07:00+00:00,train
CONFSERVER,22,2321,2015-02-22 23:38:07+00:00,2015-02-27 06:38:00+00:00,train
CONFSERVER,22,2315,2015-02-23 02:32:30+00:00,2015-03-04 02:32:00+00:00,train
CONFSERVER,22,2309,2015-03-09 03:06:39+00:00,2015-03-13 03:06:00+00:00,train
CONFSERVER,22,2187,2015-03-09 06:27:22+00:00,2015-03-23 06:27:00+00:00,train
CONFSERVER,22,2353,2015-03-10 01:08:29+00:00,2015-03-18 01:08:00+00:00,train
CONFSERVER,22,2319,2015-03-16 01:21:10+00:00,2015-03-30 01:21:00+00:00,train
CONFSERVER,22,2305,2015-03-17 05:32:13+00:00,2015-03-30 06:32:00+00:00,train
CONFSERVER,22,2174,2015-04-08 03:41:02+00:00,2015-04-22 03:41:00+00:00,train
CONFSERVER,22,2311,2015-05-08 03:12:00+00:00,2015-05-15 03:12:00+00:00,train
CONFSERVER,22,2303,2015-06-01 06:29:09+00:00,2015-06-12 08:45:00+00:00,train
CONFSERVER,22,2297,2015-06-09 00:57:43+00:00,2015-06-23 00:57:00+00:00,train
CONFSERVER,22,2296,2015-06-15 08:07:18+00:00,2015-06-22 08:07:00+00:00,train
CONFSERVER,22,2526,2015-06-30 03:51:19+00:00,2015-07-10 06:21:00+00:00,train
CONFSERVER,22,2192,2015-09-15 04:03:48+00:00,2015-09-22 04:03:00+00:00,train
CONFSERVER,22,2188,2015-10-12 02:52:52+00:00,2015-10-19 02:52:00+00:00,train
CONFSERVER,22,2286,2015-11-10 02:15:32+00:00,2015-12-14 01:00:00+00:00,train
CONFSERVER,22,2274,2015-11-16 04:31:13+00:00,2015-12-25 03:16:00+00:00,train
CONFSERVER,22,2194,2015-11-18 04:23:20+00:00,2015-11-30 04:23:00+00:00,train
CONFSERVER,22,2275,2015-12-15 03:44:09+00:00,2015-12-29 02:07:00+00:00,train
CONFSERVER,22,2272,2015-12-20 23:11:55+00:00,2016-01-05 23:11:00+00:00,train
CONFSERVER,22,2270,2015-12-21 03:27:16+00:00,2016-01-04 01:30:00+00:00,train
CONFSERVER,22,2271,2016-01-04 03:10:32+00:00,2016-01-11 02:00:00+00:00,train
CONFSERVER,22,2280,2016-01-19 03:35:50+00:00,2016-01-26 03:35:00+00:00,train
CONFSERVER,22,2290,2016-02-02 02:09:53+00:00,2016-02-15 02:30:00+00:00,train
CONFSERVER,22,2262,2016-03-09 23:34:52+00:00,2016-03-21 02:30:00+00:00,train
CONFSERVER,22,2257,2016-04-21 04:44:02+00:00,2016-05-05 13:14:00+00:00,train
CONFSERVER,22,2267,2016-04-22 04:50:39+00:00,2016-04-26 05:13:00+00:00,train
CONFSERVER,22,2269,2016-05-24 01:55:50+00:00,2016-05-31 01:55:00+00:00,train
CONFSERVER,22,2304,2016-06-07 01:33:56+00:00,2016-06-14 01:33:00+00:00,train
CONFSERVER,22,2265,2016-07-19 07:27:29+00:00,2016-07-26 07:27:00+00:00,train
CONFSERVER,22,2264,2016-07-26 04:48:15+00:00,2016-08-02 04:48:00+00:00,train
CONFSERVER,22,2285,2016-08-09 06:12:05+00:00,2016-08-16 06:12:00+00:00,train
CONFSERVER,22,2250,2016-08-16 03:32:24+00:00,2016-08-29 12:02:00+00:00,train
CONFSERVER,22,2354,2016-08-30 03:28:10+00:00,2016-09-06 03:28:00+00:00,train
CONFSERVER,22,2252,2016-09-14 03:52:38+00:00,2016-09-21 03:52:00+00:00,train
CONFSERVER,22,2242,2016-10-23 23:55:21+00:00,2016-11-06 23:55:00+00:00,train
CONFSERVER,22,2234,2016-11-08 04:13:42+00:00,2016-11-22 04:13:00+00:00,train
CONFSERVER,22,2241,2016-11-09 00:18:59+00:00,2016-11-23 00:18:00+00:00,train
CONFSERVER,22,2244,2016-11-20 23:58:46+00:00,2016-12-04 23:58:00+00:00,train
CONFSERVER,22,2236,2016-11-28 23:49:53+00:00,2016-12-11 23:49:00+00:00,train
CONFSERVER,22,2237,2016-11-28 23:55:05+00:00,2016-12-05 23:55:00+00:00,train
CONFSERVER,22,2238,2016-12-05 00:00:12+00:00,2016-12-19 00:00:00+00:00,train
CONFSERVER,22,2226,2016-12-13 04:41:58+00:00,2016-12-27 04:41:00+00:00,train
CONFSERVER,22,2232,2017-01-03 04:14:54+00:00,2017-01-17 04:14:00+00:00,train
CONFSERVER,22,2287,2017-01-04 03:29:22+00:00,2017-01-13 05:00:00+00:00,train
CONFSERVER,22,2233,2017-01-17 04:42:32+00:00,2017-01-31 04:42:00+00:00,train
CONFSERVER,22,2230,2017-01-31 04:26:43+00:00,2017-02-14 04:26:00+00:00,train
CONFSERVER,22,2408,2017-02-08 04:18:05+00:00,2017-02-15 02:30:00+00:00,train
CONFSERVER,22,2223,2017-02-14 04:35:47+00:00,2017-02-28 04:35:00+00:00,train
CONFSERVER,22,2227,2017-02-21 03:56:42+00:00,2017-03-07 03:56:00+00:00,train
CONFSERVER,22,2239,2017-03-01 04:56:50+00:00,2017-03-08 02:30:00+00:00,train
CONFSERVER,22,2135,2017-03-07 01:18:21+00:00,2017-03-21 01:18:00+00:00,train
CONFSERVER,22,2351,2017-03-07 02:52:09+00:00,2017-03-21 02:52:00+00:00,train
CONFSERVER,22,2142,2017-03-14 04:12:51+00:00,2017-03-28 04:12:00+00:00,train
CONFSERVER,22,2152,2017-03-15 03:07:42+00:00,2017-03-22 02:30:00+00:00,train
CONFSERVER,22,2128,2017-03-21 01:31:45+00:00,2017-04-04 02:31:00+00:00,train
CONFSERVER,22,2229,2017-04-03 02:04:34+00:00,2017-04-10 02:04:00+00:00,train
CONFSERVER,22,2147,2017-04-04 02:31:31+00:00,2017-04-18 02:31:00+00:00,train
CONFSERVER,22,2146,2017-04-18 02:22:48+00:00,2017-05-02 02:22:00+00:00,train
CONFSERVER,22,2139,2017-05-02 02:26:25+00:00,2017-05-16 02:26:00+00:00,purged
CONFSERVER,22,2134,2017-05-15 01:24:27+00:00,2017-05-22 01:24:00+00:00,validation
CONFSERVER,22,2130,2017-05-16 02:26:22+00:00,2017-05-30 02:26:00+00:00,validation
CONFSERVER,22,2137,2017-05-22 01:18:27+00:00,2017-05-29 01:18:00+00:00,validation
CONFSERVER,22,2129,2017-05-29 01:14:34+00:00,2017-06-05 01:14:00+00:00,validation
CONFSERVER,22,2138,2017-05-30 02:19:47+00:00,2017-06-13 02:19:00+00:00,validation
CONFSERVER,22,2145,2017-06-13 04:17:20+00:00,2017-06-27 04:17:00+00:00,validation
CONFSERVER,22,2124,2017-06-26 01:24:30+00:00,2017-07-03 01:24:00+00:00,validation
CONFSERVER,22,2125,2017-06-27 03:54:11+00:00,2017-07-11 03:54:00+00:00,validation
CONFSERVER,22,2150,2017-07-11 02:07:08+00:00,2017-07-25 02:07:00+00:00,validation
CONFSERVER,22,2119,2017-07-25 01:55:44+00:00,2017-08-08 01:55:00+00:00,validation
CONFSERVER,22,2118,2017-08-07 01:27:36+00:00,2017-08-14 01:27:00+00:00,validation
CONFSERVER,22,2112,2017-08-21 01:47:01+00:00,2017-08-28 01:47:00+00:00,validation
CONFSERVER,22,2115,2017-08-22 02:04:36+00:00,2017-09-05 02:04:00+00:00,validation
CONFSERVER,22,2111,2017-08-28 01:50:46+00:00,2017-09-04 01:50:00+00:00,validation
CONFSERVER,22,2114,2017-09-05 01:43:15+00:00,2017-09-19 01:43:00+00:00,validation
CONFSERVER,22,2113,2017-09-19 01:45:54+00:00,2017-10-03 00:45:00+00:00,validation
CONFSERVER,22,2098,2017-10-03 02:55:02+00:00,2017-10-17 02:55:00+00:00,validation
CONFSERVER,22,2121,2017-10-03 03:36:08+00:00,2017-10-15 23:00:00+00:00,validation
CONFSERVER,22,2225,2017-10-17 00:55:40+00:00,2017-10-31 00:55:00+00:00,validation
CONFSERVER,22,2106,2017-10-29 23:22:08+00:00,2017-11-12 23:22:00+00:00,validation
CONFSERVER,22,2259,2017-10-30 00:25:18+00:00,2017-11-06 00:25:00+00:00,validation
CONFSERVER,22,2099,2017-11-13 00:30:54+00:00,2017-11-20 00:30:00+00:00,validation
CONFSERVER,22,2097,2017-11-14 02:29:49+00:00,2017-11-28 02:29:00+00:00,validation
CONFSERVER,22,2101,2017-11-14 06:23:15+00:00,2017-11-27 06:23:00+00:00,validation
CONFSERVER,22,2110,2017-11-20 00:23:26+00:00,2017-11-27 00:23:00+00:00,validation
CONFSERVER,22,2100,2017-11-26 23:28:49+00:00,2017-12-09 23:28:00+00:00,validation
CONFSERVER,22,2096,2017-11-28 03:59:10+00:00,2017-12-12 03:59:00+00:00,validation
CONFSERVER,22,2103,2017-12-11 00:11:51+00:00,2017-12-18 00:11:00+00:00,validation
CONFSERVER,22,2094,2018-01-08 00:14:23+00:00,2018-01-15 00:14:00+00:00,validation
CONFSERVER,22,2095,2018-01-09 01:26:08+00:00,2018-01-23 01:26:00+00:00,validation
CONFSERVER,22,2089,2018-01-22 00:14:00+00:00,2018-01-29 00:13:00+00:00,validation
CONFSERVER,22,2091,2018-01-24 22:11:58+00:00,2018-02-05 22:11:00+00:00,validation
CONFSERVER,22,2090,2018-01-29 23:18:39+00:00,2018-02-05 23:18:00+00:00,validation
CONFSERVER,22,2092,2018-02-12 23:41:06+00:00,2018-02-19 23:41:00+00:00,validation
CONFSERVER,22,2088,2018-02-13 03:17:26+00:00,2018-02-27 03:17:00+00:00,validation
CONFSERVER,22,2108,2018-02-14 00:28:39+00:00,2018-02-28 00:28:00+00:00,validation
CONFSERVER,22,2116,2018-02-16 01:11:45+00:00,2018-02-23 01:11:00+00:00,validation
CONFSERVER,22,2093,2018-02-20 00:03:59+00:00,2018-02-27 00:03:00+00:00,validation
CONFSERVER,22,2083,2018-02-27 00:25:41+00:00,2018-03-13 00:25:00+00:00,validation
CONFSERVER,22,2086,2018-02-28 00:31:43+00:00,2018-03-07 00:31:00+00:00,validation
CONFSERVER,22,2085,2018-02-28 04:53:25+00:00,2018-03-14 04:53:00+00:00,validation
CONFSERVER,22,2080,2018-03-13 02:52:04+00:00,2018-03-27 02:52:00+00:00,validation
CONFSERVER,22,2074,2018-03-14 03:52:34+00:00,2018-03-23 03:52:00+00:00,validation
CONFSERVER,22,2082,2018-04-03 01:02:13+00:00,2018-04-06 01:02:00+00:00,validation
CONFSERVER,22,2078,2018-04-03 01:47:21+00:00,2018-04-17 01:47:00+00:00,validation
CONFSERVER,22,2072,2018-04-10 01:22:20+00:00,2018-04-24 01:22:00+00:00,validation
CONFSERVER,22,2079,2018-04-13 05:58:41+00:00,2018-04-20 05:58:00+00:00,validation
CONFSERVER,22,2075,2018-04-17 02:09:56+00:00,2018-05-01 02:09:00+00:00,validation
CONFSERVER,22,2073,2018-05-04 05:48:34+00:00,2018-05-09 05:48:00+00:00,validation
CONFSERVER,22,2071,2018-05-21 01:22:28+00:00,2018-05-26 01:22:00+00:00,validation
CONFSERVER,22,2069,2018-05-25 05:42:32+00:00,2018-06-01 05:42:00+00:00,validation
CONFSERVER,22,1992,2018-06-01 06:09:22+00:00,2018-06-08 06:09:00+00:00,validation
CONFSERVER,22,2070,2018-06-06 00:38:31+00:00,2018-06-20 00:38:00+00:00,validation
CONFSERVER,22,2102,2018-06-06 03:31:39+00:00,2018-06-21 03:31:00+00:00,validation
CONFSERVER,22,2066,2018-06-11 00:47:00+00:00,2018-06-15 00:47:00+00:00,validation
CONFSERVER,22,2065,2018-06-18 00:17:52+00:00,2018-06-22 00:17:00+00:00,validation
CONFSERVER,22,2064,2018-06-19 01:24:22+00:00,2018-07-03 01:24:00+00:00,validation
CONFSERVER,22,2061,2018-07-06 06:32:41+00:00,2018-07-22 06:32:00+00:00,purged
CONFSERVER,22,2059,2018-07-09 00:13:13+00:00,2018-07-16 00:13:00+00:00,test
CONFSERVER,22,2087,2018-07-13 06:20:23+00:00,2018-07-20 06:20:00+00:00,test
CONFSERVER,22,2068,2018-07-20 06:16:40+00:00,2018-07-27 06:16:00+00:00,test
CONFSERVER,22,2055,2018-07-31 02:11:01+00:00,2018-08-14 02:11:00+00:00,test
CONFSERVER,22,2057,2018-08-03 05:54:44+00:00,2018-08-10 05:54:00+00:00,test
CONFSERVER,22,2054,2018-08-07 01:23:16+00:00,2018-08-21 01:23:00+00:00,test
CONFSERVER,22,2053,2018-08-10 05:56:16+00:00,2018-08-17 05:56:00+00:00,test
CONFSERVER,22,2056,2018-08-29 05:41:50+00:00,2018-09-12 05:41:00+00:00,test
CONFSERVER,22,2268,2018-09-14 05:53:52+00:00,2018-09-21 05:53:00+00:00,test
CONFSERVER,22,2043,2018-09-25 01:50:41+00:00,2018-10-09 00:50:00+00:00,test
CONFSERVER,22,2044,2018-10-19 04:55:43+00:00,2018-10-26 04:55:00+00:00,test
CONFSERVER,22,2039,2018-10-23 00:30:33+00:00,2018-11-06 00:30:00+00:00,test
CONFSERVER,22,2042,2018-10-26 04:48:15+00:00,2018-11-02 04:48:00+00:00,test
CONFSERVER,22,2036,2018-11-18 23:48:26+00:00,2018-11-22 23:48:00+00:00,test
CONFSERVER,22,2035,2018-11-20 06:08:05+00:00,2018-12-04 06:08:00+00:00,test
CONFSERVER,22,2050,2018-12-03 03:49:35+00:00,2018-12-10 03:49:00+00:00,test
CONFSERVER,22,2033,2018-12-04 02:36:33+00:00,2018-12-18 02:36:00+00:00,test
CONFSERVER,22,2038,2018-12-07 05:26:06+00:00,2018-12-14 05:26:00+00:00,test
CONFSERVER,22,2032,2018-12-23 23:18:54+00:00,2019-01-06 23:18:00+00:00,test
CONFSERVER,22,2336,2019-01-03 00:58:31+00:00,2019-01-08 00:58:00+00:00,test
CONFSERVER,22,2037,2019-01-04 04:51:47+00:00,2019-01-18 04:51:00+00:00,test
CONFSERVER,22,2104,2019-01-09 03:43:58+00:00,2019-01-14 03:43:00+00:00,test
CONFSERVER,22,2031,2019-01-11 04:58:04+00:00,2019-01-18 04:58:00+00:00,test
CONFSERVER,22,2027,2019-01-18 03:19:31+00:00,2019-01-25 03:19:00+00:00,test
CONFSERVER,22,2018,2019-02-03 22:16:20+00:00,2019-02-10 22:16:00+00:00,test
CONFSERVER,22,2028,2019-02-05 00:59:06+00:00,2019-02-19 00:59:00+00:00,test
CONFSERVER,22,2025,2019-02-08 04:47:26+00:00,2019-02-15 04:47:00+00:00,test
CONFSERVER,22,2024,2019-02-12 02:21:58+00:00,2019-02-26 02:21:00+00:00,test
CONFSERVER,22,2026,2019-02-15 04:55:08+00:00,2019-02-22 04:55:00+00:00,test
CONFSERVER,22,2019,2019-02-25 00:42:21+00:00,2019-03-15 00:42:00+00:00,test
CONFSERVER,22,2022,2019-02-26 03:29:45+00:00,2019-03-12 03:29:00+00:00,test
CONFSERVER,22,2021,2019-03-08 04:50:59+00:00,2019-03-15 04:50:00+00:00,test
CONFSERVER,22,2016,2019-03-12 03:28:26+00:00,2019-03-26 03:28:00+00:00,test
CONFSERVER,22,2020,2019-03-24 23:23:17+00:00,2019-03-31 23:23:00+00:00,test
CONFSERVER,22,2023,2019-03-26 00:52:34+00:00,2019-04-01 23:52:00+00:00,test
CONFSERVER,22,2017,2019-03-26 03:31:16+00:00,2019-04-09 03:31:00+00:00,test
CONFSERVER,22,2131,2019-05-13 00:12:58+00:00,2019-05-20 00:12:00+00:00,test
CONFSERVER,22,2002,2019-07-08 04:05:06+00:00,2019-07-12 04:05:00+00:00,test
CONFSERVER,22,1999,2019-07-15 01:24:28+00:00,2019-07-19 01:24:00+00:00,test
CONFSERVER,22,2030,2019-09-03 03:53:48+00:00,2019-09-17 03:53:00+00:00,test
CONFSERVER,22,1993,2019-09-23 00:30:00+00:00,2019-09-27 07:30:00+00:00,test
CONFSERVER,22,1990,2019-10-08 23:00:39+00:00,2019-10-15 23:00:00+00:00,test
CONFSERVER,22,1976,2019-10-20 22:53:00+00:00,2019-11-03 22:53:00+00:00,test
CONFSERVER,22,1986,2019-11-10 23:21:29+00:00,2019-11-24 23:21:00+00:00,test
CONFSERVER,22,1988,2019-11-24 23:18:21+00:00,2019-12-08 23:18:00+00:00,test
CONFSERVER,22,1985,2019-12-15 23:13:03+00:00,2019-12-22 23:13:00+00:00,test
CONFSERVER,22,1980,2020-01-05 23:14:52+00:00,2020-01-12 23:14:00+00:00,test
CONFSERVER,22,2253,2020-01-12 23:08:27+00:00,2020-01-19 23:08:00+00:00,test
CONFSERVER,22,1997,2020-01-12 23:32:54+00:00,2020-01-26 23:32:00+00:00,test
CONFSERVER,22,1984,2020-01-19 23:08:34+00:00,2020-01-26 23:08:00+00:00,test
CONFSERVER,22,2013,2020-02-10 00:15:44+00:00,2020-02-17 00:15:00+00:00,test
CONFSERVER,22,1979,2020-02-16 23:10:15+00:00,2020-02-23 23:10:00+00:00,test
CONFSERVER,22,1978,2020-02-23 23:15:27+00:00,2020-03-01 23:15:00+00:00,test
CONFSERVER,22,2015,2020-03-08 23:16:56+00:00,2020-03-15 23:16:00+00:00,test
CONFSERVER,22,1987,2020-03-15 23:18:16+00:00,2020-03-22 23:18:00+00:00,test
CONFSERVER,22,1983,2020-04-06 00:20:06+00:00,2020-04-20 00:20:00+00:00,test
CONFSERVER,22,2105,2020-04-27 08:03:02+00:00,2020-05-15 08:03:00+00:00,test
CONFSERVER,22,1964,2020-08-31 00:12:11+00:00,2020-09-14 00:12:00+00:00,test
DM,28,3284,2014-03-07 23:25:05+00:00,2014-03-15 00:00:00+00:00,train
DM,28,3279,2014-04-01 18:20:54+00:00,2014-04-30 18:20:00+00:00,train
DM,28,3273,2014-04-11 16:00:08+00:00,2014-04-25 16:00:00+00:00,train
DM,28,3283,2014-04-13 01:17:06+00:00,2014-05-24 00:00:00+00:00,train
DM,28,3280,2014-04-28 21:14:09+00:00,2014-05-10 01:00:00+00:00,train
DM,28,3277,2014-05-01 17:58:44+00:00,2014-05-30 17:58:00+00:00,train
DM,28,3285,2014-05-05 15:58:06+00:00,2014-05-19 15:58:00+00:00,train
DM,28,3278,2014-05-08 15:13:56+00:00,2014-05-24 01:00:00+00:00,train
DM,28,3274,2014-05-24 01:00:15+00:00,2014-06-14 01:00:00+00:00,train
DM,28,3261,2014-05-29 19:22:32+00:00,2014-07-01 00:00:00+00:00,train
DM,28,3276,2014-05-29 21:53:52+00:00,2014-06-10 21:53:00+00:00,train
DM,28,3270,2014-06-10 16:44:08+00:00,2014-07-22 16:44:00+00:00,train
DM,28,3268,2014-06-14 15:39:00+00:00,2014-07-08 15:39:00+00:00,train
DM,28,3275,2014-06-22 02:04:30+00:00,2014-07-09 02:04:00+00:00,train
DM,28,3267,2014-07-03 15:45:24+00:00,2014-07-31 15:45:00+00:00,train
DM,28,3265,2014-07-08 14:54:54+00:00,2014-07-22 14:54:00+00:00,train
DM,28,3271,2014-07-10 00:20:13+00:00,2014-07-24 00:20:00+00:00,train
DM,28,3264,2014-07-30 21:21:11+00:00,2014-08-29 21:21:00+00:00,train
DM,28,3282,2014-08-21 15:07:23+00:00,2014-08-31 15:07:00+00:00,train
DM,28,3259,2014-08-25 16:43:08+00:00,2014-09-26 16:43:00+00:00,train
DM,28,3260,2014-09-02 16:59:46+00:00,2014-10-01 00:00:00+00:00,train
DM,28,3272,2014-09-19 22:59:44+00:00,2014-10-03 22:59:00+00:00,train
DM,28,3258,2014-10-01 22:57:21+00:00,2014-10-31 22:57:00+00:00,train
DM,28,3257,2014-10-06 14:00:09+00:00,2014-11-01 03:00:00+00:00,train
DM,28,3255,2014-11-02 04:15:18+00:00,2014-12-02 04:15:00+00:00,train
DM,28,3254,2014-11-03 15:00:41+00:00,2014-12-01 15:00:00+00:00,train
DM,28,3251,2014-12-01 17:54:50+00:00,2014-12-31 17:54:00+00:00,train
DM,28,3249,2014-12-01 18:54:58+00:00,2015-01-05 15:00:00+00:00,train
DM,28,3253,2014-12-01 21:00:24+00:00,2014-12-15 21:00:00+00:00,train
DM,28,3252,2014-12-15 20:53:47+00:00,2015-01-05 20:53:00+00:00,train
DM,28,3243,2015-01-05 17:44:25+00:00,2015-01-30 17:44:00+00:00,train
DM,28,3250,2015-01-05 21:27:23+00:00,2015-01-21 21:27:00+00:00,train
DM,28,3161,2015-01-05 22:02:28+00:00,2015-02-06 22:02:00+00:00,train
DM,28,3241,2015-01-21 20:30:42+00:00,2015-02-02 20:30:00+00:00,train
DM,28,3240,2015-02-03 19:42:09+00:00,2015-02-28 19:42:00+00:00,train
DM,28,3242,2015-02-16 17:00:12+00:00,2015-02-27 22:00:00+00:00,train
DM,28,3237,2015-02-27 23:29:45+00:00,2015-04-01 00:00:00+00:00,train
DM,28,3239,2015-03-02 13:50:35+00:00,2015-03-27 22:00:00+00:00,train
DM,28,3235,2015-03-30 12:51:06+00:00,2015-05-01 21:00:00+00:00,train
DM,28,3236,2015-04-01 20:46:15+00:00,2015-04-30 20:46:00+00:00,train
DM,28,3234,2015-05-01 16:11:50+00:00,2015-06-01 16:00:00+00:00,train
DM,28,3233,2015-05-04 12:00:59+00:00,2015-06-01 12:00:00+00:00,train
DM,28,3231,2015-05-30 20:53:06+00:00,2015-07-01 00:00:00+00:00,train
DM,28,3232,2015-06-02 19:04:01+00:00,2015-06-29 12:00:00+00:00,train
DM,28,3229,2015-06-29 19:04:07+00:00,2015-07-31 21:00:00+00:00,train
DM,28,3230,2015-07-04 18:18:43+00:00,2015-08-01 21:25:00+00:00,train
DM,28,3227,2015-08-01 04:30:25+00:00,2015-09-01 00:00:00+00:00,train
DM,28,3228,2015-08-03 01:28:13+00:00,2015-09-01 03:59:00+00:00,train
DM,28,3222,2015-09-01 12:00:00+00:00,2015-09-30 21:00:00+00:00,train
DM,28,3225,2015-09-01 16:00:00+00:00,2015-10-01 00:00:00+00:00,train
DM,28,3224,2015-10-01 13:00:18+00:00,2015-10-30 22:00:00+00:00,train
DM,28,3223,2015-10-01 15:00:00+00:00,2015-10-31 00:00:00+00:00,train
DM,28,3221,2015-11-01 06:15:31+00:00,2015-12-01 01:18:00+00:00,train
DM,28,3220,2015-11-01 21:39:50+00:00,2015-12-01 04:00:00+00:00,train
DM,28,3219,2015-12-01 06:22:40+00:00,2016-01-01 01:25:00+00:00,train
DM,28,3218,2015-12-01 16:15:16+00:00,2016-01-01 04:00:00+00:00,train
DM,28,3216,2016-01-04 07:04:42+00:00,2016-01-30 01:00:00+00:00,train
DM,28,3215,2016-01-04 11:48:28+00:00,2016-01-31 23:55:00+00:00,train
DM,28,3214,2016-01-19 17:53:25+00:00,2016-01-31 17:53:00+00:00,train
DM,28,3211,2016-02-01 16:51:34+00:00,2016-03-01 04:58:00+00:00,train
DM,28,3213,2016-02-01 17:10:21+00:00,2016-02-29 17:10:00+00:00,train
DM,28,3212,2016-02-01 18:44:02+00:00,2016-03-01 01:00:00+00:00,train
DM,28,3208,2016-03-01 14:55:00+00:00,2016-04-01 05:55:00+00:00,train
DM,28,3206,2016-03-02 00:09:39+00:00,2016-03-29 23:09:00+00:00,train
DM,28,3209,2016-03-02 14:00:00+00:00,2016-03-16 03:59:00+00:00,train
DM,28,3210,2016-03-03 05:10:19+00:00,2016-03-16 00:00:00+00:00,train
DM,28,3205,2016-03-16 13:00:00+00:00,2016-04-01 03:59:00+00:00,train
DM,28,3207,2016-03-17 22:13:26+00:00,2016-03-30 17:03:00+00:00,train
DM,28,3204,2016-04-01 01:16:33+00:00,2016-05-01 06:59:00+00:00,train
DM,28,3201,2016-04-01 13:00:00+00:00,2016-05-01 03:59:00+00:00,train
DM,28,3202,2016-04-01 15:31:33+00:00,2016-05-01 06:31:00+00:00,train
DM,28,3203,2016-04-01 23:27:15+00:00,2016-04-29 22:27:00+00:00,train
DM,28,3196,2016-05-01 18:00:57+00:00,2016-05-31 22:00:00+00:00,train
DM,28,3198,2016-05-01 23:48:08+00:00,2016-05-31 14:48:00+00:00,train
DM,28,3200,2016-05-02 07:00:28+00:00,2016-06-01 07:00:00+00:00,train
DM,28,3199,2016-05-03 17:12:33+00:00,2016-05-31 16:12:00+00:00,train
DM,28,3197,2016-05-24 16:12:36+00:00,2016-05-27 19:00:00+00:00,train
DM,28,3192,2016-06-01 03:30:29+00:00,2016-06-30 18:30:00+00:00,train
DM,28,3191,2016-06-01 12:25:35+00:00,2016-07-01 00:00:00+00:00,train
DM,28,3195,2016-06-01 12:30:49+00:00,2016-06-03 16:00:00+00:00,train
DM,28,3193,2016-06-02 16:49:28+00:00,2016-06-30 19:37:00+00:00,train
DM,28,3189,2016-07-01 06:56:35+00:00,2016-07-31 21:56:00+00:00,train
DM,28,3187,2016-07-01 13:11:04+00:00,2016-08-01 03:00:00+00:00,train
DM,28,3188,2016-07-05 14:56:11+00:00,2016-08-04 14:55:00+00:00,train
DM,28,3190,2016-07-07 06:58:49+00:00,2016-08-04 09:46:00+00:00,train
DM,28,3183,2016-08-01 12:00:46+00:00,2016-09-01 03:00:00+00:00,train
DM,28,3184,2016-08-01 15:33:25+00:00,2016-09-02 06:33:00+00:00,train
DM,28,3186,2016-08-02 21:58:31+00:00,2016-09-01 00:46:00+00:00,train
DM,28,3185,2016-08-03 01:43:15+00:00,2016-09-01 06:59:00+00:00,train
DM,28,3179,2016-09-01 07:00:04+00:00,2016-10-01 06:59:00+00:00,train
DM,28,3181,2016-09-01 13:35:19+00:00,2016-10-02 04:35:00+00:00,train
DM,28,3180,2016-09-01 22:04:19+00:00,2016-10-01 03:00:00+00:00,train
DM,28,3182,2016-09-02 18:11:29+00:00,2016-10-01 20:59:00+00:00,train
DM,28,3024,2016-10-01 18:19:52+00:00,2016-11-01 03:19:00+00:00,train
DM,28,3177,2016-10-01 18:21:37+00:00,2016-11-01 06:59:00+00:00,train
DM,28,3171,2016-10-03 19:23:01+00:00,2016-11-01 03:59:00+00:00,train
DM,28,3178,2016-10-04 23:03:32+00:00,2016-11-01 01:51:00+00:00,train
DM,28,3174,2016-11-01 12:00:02+00:00,2016-12-01 04:59:00+00:00,train
DM,28,3176,2016-11-01 18:28:50+00:00,2016-11-30 21:16:00+00:00,train
DM,28,3170,2016-11-02 11:52:49+00:00,2016-12-01 00:30:00+00:00,train
DM,28,3175,2016-11-02 15:04:47+00:00,2016-12-01 00:04:00+00:00,train
DM,28,3173,2016-11-02 18:50:35+00:00,2016-12-01 01:35:00+00:00,train
DM,28,3169,2016-12-01 08:00:01+00:00,2017-01-01 07:59:00+00:00,train
DM,28,3167,2016-12-01 15:18:57+00:00,2016-12-30 03:56:00+00:00,train
DM,28,3168,2016-12-01 16:00:00+00:00,2017-01-01 04:59:00+00:00,train
DM,28,3166,2016-12-02 17:53:10+00:00,2016-12-31 00:38:00+00:00,train
DM,28,3026,2016-12-06 17:17:36+00:00,2016-12-31 02:17:00+00:00,train
DM,28,3162,2017-01-01 08:00:53+00:00,2017-02-01 07:59:00+00:00,train
DM,28,3163,2017-01-01 11:38:03+00:00,2017-02-01 04:59:00+00:00,train
DM,28,3165,2017-01-03 17:55:06+00:00,2017-02-01 06:33:00+00:00,train
DM,28,3164,2017-01-04 03:02:32+00:00,2017-02-01 09:47:00+00:00,train
DM,28,3022,2017-01-07 00:24:48+00:00,2017-01-31 09:24:00+00:00,train
DM,28,3159,2017-02-01 14:00:00+00:00,2017-03-01 04:59:00+00:00,train
DM,28,3160,2017-02-02 01:26:31+00:00,2017-03-01 14:04:00+00:00,train
DM,28,3158,2017-02-02 05:17:57+00:00,2017-03-02 12:02:00+00:00,train
DM,28,3155,2017-02-07 23:32:26+00:00,2017-04-01 06:59:00+00:00,train
DM,28,3156,2017-03-01 13:40:53+00:00,2017-04-01 03:59:00+00:00,train
DM,28,3146,2017-03-01 17:09:36+00:00,2017-03-29 05:47:00+00:00,train
DM,28,3157,2017-03-08 16:43:57+00:00,2017-04-08 23:28:00+00:00,train
DM,28,3151,2017-04-02 00:17:52+00:00,2017-04-30 07:02:00+00:00,train
DM,28,3153,2017-04-03 10:00:00+00:00,2017-04-29 03:59:00+00:00,train
DM,28,3154,2017-04-05 23:36:56+00:00,2017-05-01 06:21:00+00:00,train
DM,28,3147,2017-05-01 10:00:00+00:00,2017-05-31 22:00:00+00:00,train
DM,28,3150,2017-05-01 19:05:28+00:00,2017-06-01 01:50:00+00:00,train
DM,28,3148,2017-05-01 23:42:52+00:00,2017-06-01 06:27:00+00:00,train
DM,28,3149,2017-05-02 06:19:28+00:00,2017-06-01 06:18:00+00:00,train
DM,28,3145,2017-06-02 20:00:05+00:00,2017-07-01 02:45:00+00:00,train
DM,28,3143,2017-06-09 16:36:11+00:00,2017-06-30 22:00:00+00:00,train
DM,28,3141,2017-07-05 01:56:50+00:00,2017-08-01 00:41:00+00:00,train
DM,28,3138,2017-07-05 22:00:13+00:00,2017-07-31 21:59:00+00:00,train
DM,28,3139,2017-07-05 22:17:50+00:00,2017-08-01 05:02:00+00:00,train
DM,28,3140,2017-07-12 13:27:10+00:00,2017-08-01 03:00:00+00:00,train
DM,28,3135,2017-08-01 13:22:19+00:00,2017-09-01 03:00:00+00:00,train
DM,28,3136,2017-08-01 14:05:58+00:00,2017-09-01 03:50:00+00:00,train
DM,28,3137,2017-08-01 18:56:12+00:00,2017-09-01 01:41:00+00:00,train
DM,28,3134,2017-08-04 23:50:36+00:00,2017-09-01 04:59:00+00:00,train
DM,28,3131,2017-09-01 05:00:51+00:00,2017-10-01 04:59:00+00:00,train
DM,28,3132,2017-09-01 15:04:56+00:00,2017-10-01 04:49:00+00:00,train
DM,28,3129,2017-09-05 14:39:09+00:00,2017-09-30 03:00:00+00:00,train
DM,28,3133,2017-09-08 00:59:55+00:00,2017-09-30 03:00:00+00:00,train
DM,28,3130,2017-10-02 03:12:47+00:00,2017-11-01 04:57:00+00:00,train
DM,28,3127,2017-10-03 18:33:56+00:00,2017-11-01 03:30:00+00:00,train
DM,28,3128,2017-10-04 14:00:26+00:00,2017-10-27 21:00:00+00:00,train
DM,28,3124,2017-11-01 13:22:11+00:00,2017-12-01 04:00:00+00:00,train
DM,28,3125,2017-11-01 13:54:38+00:00,2017-12-01 04:00:00+00:00,train
DM,28,3126,2017-11-02 04:54:42+00:00,2017-12-01 06:39:00+00:00,train
DM,28,3123,2017-12-02 18:50:21+00:00,2017-12-23 20:35:00+00:00,train
DM,28,3122,2017-12-05 01:25:05+00:00,2017-12-31 08:25:00+00:00,train
DM,28,3121,2017-12-06 19:19:31+00:00,2018-01-01 07:59:00+00:00,train
DM,28,3118,2018-01-02 14:15:35+00:00,2018-01-31 16:00:00+00:00,train
DM,28,3116,2018-01-05 00:19:29+00:00,2018-02-01 07:59:00+00:00,train
DM,28,3115,2018-01-09 17:14:58+00:00,2018-02-05 01:00:00+00:00,train
DM,28,3114,2018-02-01 14:08:33+00:00,2018-03-01 03:53:00+00:00,train
DM,28,3112,2018-02-06 00:04:13+00:00,2018-03-06 00:00:00+00:00,train
DM,28,3113,2018-02-07 23:56:01+00:00,2018-03-01 07:59:00+00:00,train
DM,28,3106,2018-03-01 19:08:32+00:00,2018-03-31 20:53:00+00:00,train
DM,28,3105,2018-03-02 23:10:47+00:00,2018-03-31 00:00:00+00:00,train
DM,28,3107,2018-03-06 01:29:16+00:00,2018-04-02 01:25:00+00:00,train
DM,28,3108,2018-03-10 00:20:12+00:00,2018-04-01 06:59:00+00:00,train
DM,28,3103,2018-04-02 01:08:35+00:00,2018-05-01 02:53:00+00:00,train
DM,28,3101,2018-04-03 01:39:55+00:00,2018-05-01 06:59:00+00:00,train
DM,28,3104,2018-04-04 21:46:07+00:00,2018-05-01 06:59:00+00:00,train
DM,28,3100,2018-04-05 21:00:48+00:00,2018-05-01 06:50:00+00:00,train
DM,28,3102,2018-04-08 17:58:16+00:00,2018-05-01 00:37:00+00:00,train
DM,28,3099,2018-05-01 05:05:22+00:00,2018-05-30 06:50:00+00:00,train
DM,28,3096,2018-05-04 21:11:57+00:00,2018-06-02 00:00:00+00:00,train
DM,28,3098,2018-05-05 01:46:00+00:00,2018-06-01 06:59:00+00:00,train
DM,28,3097,2018-05-05 01:46:29+00:00,2018-06-01 06:59:00+00:00,train
DM,28,3095,2018-05-08 20:08:13+00:00,2018-06-03 05:58:00+00:00,train
DM,28,3094,2018-06-01 13:50:25+00:00,2018-07-01 03:35:00+00:00,train
DM,28,3093,2018-06-06 04:28:36+00:00,2018-06-30 07:17:00+00:00,train
DM,28,3090,2018-06-12 22:33:34+00:00,2018-07-01 01:22:00+00:00,train
DM,28,3089,2018-07-02 05:03:38+00:00,2018-08-01 06:48:00+00:00,validation
DM,28,3086,2018-07-03 04:48:41+00:00,2018-07-27 07:37:00+00:00,validation
DM,28,3085,2018-07-13 19:33:19+00:00,2018-08-01 06:22:00+00:00,validation
DM,28,3083,2018-08-01 13:31:30+00:00,2018-09-01 04:16:00+00:00,validation
DM,28,3081,2018-08-04 15:58:23+00:00,2018-09-01 01:00:00+00:00,validation
DM,28,3082,2018-08-09 17:34:09+00:00,2018-09-01 06:00:00+00:00,validation
DM,28,3078,2018-09-01 15:19:00+00:00,2018-09-30 18:04:00+00:00,validation
DM,28,3075,2018-09-05 04:31:58+00:00,2018-09-30 01:00:00+00:00,validation
DM,28,3074,2018-09-05 15:16:26+00:00,2018-10-03 00:18:00+00:00,validation
DM,28,3072,2018-09-07 15:42:40+00:00,2018-10-02 00:00:00+00:00,validation
DM,28,3079,2018-09-14 18:35:08+00:00,2018-09-17 22:00:00+00:00,validation
DM,28,3077,2018-09-17 22:35:37+00:00,2018-09-24 22:00:00+00:00,validation
DM,28,3076,2018-09-24 22:00:24+00:00,2018-10-01 22:00:00+00:00,validation
DM,28,3069,2018-10-01 17:45:38+00:00,2018-11-01 03:30:00+00:00,validation
DM,28,3071,2018-10-01 22:39:40+00:00,2018-10-08 22:39:00+00:00,validation
DM,28,3065,2018-10-02 20:47:10+00:00,2018-11-03 05:49:00+00:00,validation
DM,28,3068,2018-10-02 21:57:51+00:00,2018-11-01 01:00:00+00:00,validation
DM,28,3067,2018-10-15 22:43:03+00:00,2018-10-22 22:00:00+00:00,validation
DM,28,3064,2018-10-29 22:00:33+00:00,2018-11-05 23:00:00+00:00,validation
DM,28,3061,2018-11-01 17:40:40+00:00,2018-12-01 03:25:00+00:00,validation
DM,28,3057,2018-11-02 23:52:16+00:00,2018-12-01 01:00:00+00:00,validation
DM,28,3056,2018-11-03 09:46:06+00:00,2018-12-01 02:00:00+00:00,validation
DM,28,3059,2018-11-26 22:43:32+00:00,2018-12-03 22:43:00+00:00,validation
DM,28,3054,2018-12-01 16:06:24+00:00,2018-12-22 03:51:00+00:00,validation
DM,28,3052,2018-12-02 20:39:55+00:00,2019-01-03 05:41:00+00:00,validation
DM,28,3055,2018-12-03 23:27:15+00:00,2018-12-10 23:27:00+00:00,validation
DM,28,3050,2018-12-06 00:56:17+00:00,2019-01-01 01:00:00+00:00,validation
DM,28,3053,2018-12-10 23:30:32+00:00,2018-12-17 23:30:00+00:00,validation
DM,28,3047,2019-01-02 23:06:35+00:00,2019-02-01 04:00:00+00:00,validation
DM,28,3048,2019-01-07 23:00:22+00:00,2019-01-14 23:00:00+00:00,validation
DM,28,3037,2019-01-10 21:24:27+00:00,2019-02-02 06:26:00+00:00,validation
DM,28,3042,2019-01-14 15:10:50+00:00,2019-02-01 01:00:00+00:00,validation
DM,28,3046,2019-01-14 23:00:35+00:00,2019-01-21 23:00:00+00:00,validation
DM,28,3043,2019-01-21 23:00:24+00:00,2019-01-28 23:00:00+00:00,validation
DM,28,3040,2019-01-22 22:34:40+00:00,2019-02-03 22:34:00+00:00,validation
DM,28,3039,2019-01-28 23:00:05+00:00,2019-02-04 23:00:00+00:00,validation
DM,28,3035,2019-02-01 15:02:21+00:00,2019-03-01 03:56:00+00:00,validation
DM,28,3034,2019-02-04 23:07:11+00:00,2019-02-16 23:07:00+00:00,validation
DM,28,3031,2019-02-06 05:15:19+00:00,2019-03-01 01:00:00+00:00,validation
DM,28,3030,2019-02-09 01:36:53+00:00,2019-03-02 01:36:00+00:00,validation
DM,28,3029,2019-02-18 11:39:44+00:00,2019-03-03 11:39:00+00:00,validation
DM,28,3032,2019-02-18 23:00:53+00:00,2019-02-25 23:00:00+00:00,validation
DM,28,3028,2019-02-25 23:00:12+00:00,2019-03-04 23:00:00+00:00,validation
DM,28,3015,2019-03-01 14:51:49+00:00,2019-04-01 03:45:00+00:00,validation
DM,28,3016,2019-03-01 16:20:08+00:00,2019-03-30 00:00:00+00:00,validation
DM,28,3018,2019-03-04 16:55:25+00:00,2019-03-16 16:55:00+00:00,validation
DM,28,3020,2019-03-04 23:00:56+00:00,2019-03-11 22:00:00+00:00,validation
DM,28,3010,2019-03-05 21:49:27+00:00,2019-04-01 00:49:00+00:00,validation
DM,28,3014,2019-03-18 22:00:28+00:00,2019-03-25 22:00:00+00:00,validation
DM,28,3012,2019-03-19 00:15:02+00:00,2019-03-31 00:15:00+00:00,validation
DM,28,3011,2019-04-01 08:57:00+00:00,2019-05-01 06:00:00+00:00,validation
DM,28,3007,2019-04-01 16:08:25+00:00,2019-04-13 16:08:00+00:00,validation
DM,28,3002,2019-04-01 21:06:49+00:00,2019-05-01 00:00:00+00:00,validation
DM,28,3009,2019-04-01 22:00:14+00:00,2019-04-08 22:00:00+00:00,validation
DM,28,3008,2019-04-08 22:00:35+00:00,2019-04-15 22:00:00+00:00,validation
DM,28,3004,2019-04-15 15:40:53+00:00,2019-04-27 15:40:00+00:00,validation
DM,28,2997,2019-04-29 15:21:50+00:00,2019-05-11 15:21:00+00:00,purged
DM,28,2993,2019-05-01 05:59:05+00:00,2019-05-31 17:59:00+00:00,purged
DM,28,2989,2019-05-02 21:53:20+00:00,2019-06-01 00:00:00+00:00,test
DM,28,2995,2019-05-13 21:30:58+00:00,2019-05-25 21:30:00+00:00,test
DM,28,2988,2019-05-20 19:29:45+00:00,2019-06-01 22:29:00+00:00,test
DM,28,2990,2019-05-28 16:26:10+00:00,2019-06-08 16:26:00+00:00,test
DM,28,2983,2019-06-02 17:57:25+00:00,2019-06-30 17:57:00+00:00,test
DM,28,2991,2019-06-03 22:00:00+00:00,2019-06-10 22:00:00+00:00,test
DM,28,2987,2019-06-10 20:16:28+00:00,2019-06-23 20:16:00+00:00,test
DM,28,2977,2019-06-17 14:31:14+00:00,2019-06-30 01:00:00+00:00,test
DM,28,2982,2019-06-24 14:51:31+00:00,2019-07-06 14:51:00+00:00,test
DM,28,2981,2019-07-01 00:21:22+00:00,2019-07-31 20:00:00+00:00,test
DM,28,2973,2019-07-22 23:26:57+00:00,2019-08-03 23:26:00+00:00,test
DM,28,2969,2019-08-05 14:47:54+00:00,2019-08-17 14:47:00+00:00,test
DM,28,2967,2019-08-19 18:08:38+00:00,2019-08-31 18:08:00+00:00,test
DM,28,2961,2019-09-02 20:43:38+00:00,2019-09-14 20:43:00+00:00,test
DM,28,2957,2019-09-16 22:19:43+00:00,2019-09-28 22:19:00+00:00,test
DM,28,2956,2019-10-01 00:17:36+00:00,2019-10-13 00:17:00+00:00,test
DM,28,2941,2019-10-01 07:00:00+00:00,2019-11-01 06:59:00+00:00,test
DM,28,2952,2019-10-14 11:42:41+00:00,2019-11-01 00:00:00+00:00,test
DM,28,2954,2019-10-14 20:19:18+00:00,2019-10-26 20:19:00+00:00,test
DM,28,2950,2019-10-28 22:01:26+00:00,2019-11-09 22:01:00+00:00,test
DM,28,2935,2019-11-05 16:53:33+00:00,2019-11-30 16:53:00+00:00,test
DM,28,2944,2019-11-06 21:21:39+00:00,2019-11-24 09:39:00+00:00,test
DM,28,2947,2019-11-11 22:08:14+00:00,2019-11-23 22:08:00+00:00,test
DM,28,2943,2019-11-25 22:35:04+00:00,2019-12-07 22:35:00+00:00,test
DM,28,2937,2019-12-09 19:49:46+00:00,2020-01-01 02:00:00+00:00,test
DM,28,2939,2019-12-10 17:40:50+00:00,2019-12-22 17:40:00+00:00,test
DM,28,2936,2019-12-23 20:39:48+00:00,2020-01-04 20:39:00+00:00,test
DM,28,2934,2020-01-06 22:25:30+00:00,2020-01-18 22:25:00+00:00,test
DM,28,2930,2020-01-13 21:10:01+00:00,2020-02-28 21:10:00+00:00,test
DM,28,2932,2020-01-16 00:38:48+00:00,2020-02-01 02:00:00+00:00,test
DM,28,2929,2020-01-20 14:09:35+00:00,2020-02-03 14:09:00+00:00,test
DM,28,2922,2020-02-03 12:08:10+00:00,2020-02-28 13:08:00+00:00,test
DM,28,2928,2020-02-03 22:11:03+00:00,2020-02-17 22:11:00+00:00,test
DM,28,2926,2020-02-14 22:11:18+00:00,2020-02-29 01:00:00+00:00,test
DM,28,2927,2020-02-17 17:59:29+00:00,2020-03-02 17:59:00+00:00,test
DM,28,2925,2020-03-02 18:30:28+00:00,2020-03-16 18:30:00+00:00,test
DM,28,2923,2020-03-05 00:37:50+00:00,2020-04-01 01:00:00+00:00,test
DM,28,2924,2020-03-16 19:12:11+00:00,2020-03-30 19:12:00+00:00,test
DM,28,2921,2020-03-30 19:07:56+00:00,2020-04-13 20:07:00+00:00,test
DM,28,2918,2020-04-03 21:48:59+00:00,2020-05-01 00:00:00+00:00,test
DM,28,2920,2020-04-13 20:51:00+00:00,2020-04-27 21:51:00+00:00,test
DM,28,2917,2020-04-28 00:22:00+00:00,2020-05-12 01:22:00+00:00,test
DM,28,2916,2020-05-11 21:10:00+00:00,2020-05-30 00:00:00+00:00,test
DM,28,2915,2020-05-11 22:20:00+00:00,2020-05-25 23:20:00+00:00,test
DM,28,2913,2020-05-25 19:28:00+00:00,2020-06-08 20:28:00+00:00,test
DM,28,2910,2020-06-04 20:51:10+00:00,2020-07-01 00:00:00+00:00,test
DM,28,2911,2020-06-08 22:05:00+00:00,2020-06-22 23:05:00+00:00,test
DM,28,2909,2020-06-22 23:36:00+00:00,2020-07-07 00:36:00+00:00,test
DM,28,2906,2020-07-03 01:28:38+00:00,2020-08-01 00:00:00+00:00,test
DM,28,2907,2020-07-06 19:42:00+00:00,2020-07-20 20:42:00+00:00,test
DM,28,2905,2020-07-20 18:16:00+00:00,2020-08-03 19:16:00+00:00,test
DM,28,2903,2020-08-03 21:32:00+00:00,2020-08-17 22:32:00+00:00,test
DM,28,2901,2020-08-05 21:51:48+00:00,2020-09-01 00:00:00+00:00,test
DM,28,2902,2020-08-17 21:51:00+00:00,2020-08-31 22:51:00+00:00,test
DM,28,2899,2020-08-31 17:12:00+00:00,2020-09-14 17:12:00+00:00,test
DM,28,2897,2020-09-08 23:19:42+00:00,2020-10-06 01:28:00+00:00,test
DM,28,2898,2020-09-14 07:56:40+00:00,2020-09-28 07:56:00+00:00,test
DM,28,2895,2020-09-28 16:01:04+00:00,2020-10-12 16:01:00+00:00,test
INDY,25,2746,2017-06-14 18:48:24+00:00,2017-06-20 18:48:00+00:00,train
INDY,25,2745,2017-06-21 06:00:00+00:00,2017-06-28 06:00:00+00:00,train
INDY,25,2744,2017-06-28 06:00:00+00:00,2017-07-07 06:00:00+00:00,train
INDY,25,2743,2017-07-07 00:14:58+00:00,2017-07-14 00:14:00+00:00,train
INDY,25,2742,2017-07-13 20:42:46+00:00,2017-07-20 20:42:00+00:00,train
INDY,25,2741,2017-07-25 22:16:29+00:00,2017-07-31 22:16:00+00:00,train
INDY,25,2740,2017-08-03 08:00:32+00:00,2017-08-16 08:00:00+00:00,train
INDY,25,2739,2017-08-17 16:46:31+00:00,2017-08-30 16:46:00+00:00,train
INDY,25,2738,2017-08-31 12:28:02+00:00,2017-09-13 12:28:00+00:00,train
INDY,25,2736,2017-09-14 09:56:46+00:00,2017-09-28 09:56:00+00:00,train
INDY,25,2735,2017-09-28 08:34:10+00:00,2017-10-12 08:34:00+00:00,train
INDY,25,2734,2017-10-12 08:43:54+00:00,2017-10-26 08:43:00+00:00,train
INDY,25,2733,2017-10-26 08:53:30+00:00,2017-11-09 08:53:00+00:00,train
INDY,25,2732,2017-11-09 07:50:13+00:00,2017-11-23 07:50:00+00:00,train
INDY,25,2731,2017-11-23 06:44:07+00:00,2017-12-07 06:44:00+00:00,train
INDY,25,2730,2017-12-07 15:03:17+00:00,2017-12-21 15:03:00+00:00,train
INDY,25,2737,2017-12-20 18:45:39+00:00,2018-01-17 18:45:00+00:00,train
INDY,25,2729,2017-12-20 18:46:12+00:00,2018-01-17 18:46:00+00:00,train
INDY,25,2728,2018-01-18 08:07:13+00:00,2018-02-01 08:07:00+00:00,train
INDY,25,2727,2018-02-01 08:07:35+00:00,2018-02-15 08:07:00+00:00,train
INDY,25,2726,2018-02-15 08:30:00+00:00,2018-03-01 08:29:00+00:00,train
INDY,25,2725,2018-03-01 07:52:35+00:00,2018-03-15 07:52:00+00:00,train
INDY,25,2724,2018-03-15 08:53:15+00:00,2018-03-29 08:53:00+00:00,train
INDY,25,2723,2018-03-29 08:36:04+00:00,2018-04-12 08:36:00+00:00,train
INDY,25,2721,2018-04-26 12:54:05+00:00,2018-05-10 12:54:00+00:00,train
INDY,25,2720,2018-05-11 13:14:17+00:00,2018-05-25 13:14:00+00:00,train
INDY,25,2719,2018-05-25 13:33:40+00:00,2018-06-08 13:33:00+00:00,train
INDY,25,2718,2018-06-08 05:59:54+00:00,2018-06-22 05:59:00+00:00,train
INDY,25,2717,2018-06-22 14:45:07+00:00,2018-07-05 14:45:00+00:00,train
INDY,25,2716,2018-07-06 11:51:11+00:00,2018-07-19 11:51:00+00:00,train
INDY,25,2715,2018-07-20 13:48:39+00:00,2018-08-02 13:48:00+00:00,train
INDY,25,2714,2018-08-03 13:45:46+00:00,2018-08-16 13:45:00+00:00,train
INDY,25,2713,2018-08-17 13:59:25+00:00,2018-08-30 13:59:00+00:00,train
INDY,25,2712,2018-08-31 14:01:25+00:00,2018-09-13 14:01:00+00:00,train
INDY,25,2711,2018-09-14 14:11:50+00:00,2018-09-28 14:11:00+00:00,train
INDY,25,2710,2018-09-28 14:40:13+00:00,2018-10-12 14:40:00+00:00,train
INDY,25,2709,2018-10-12 13:59:55+00:00,2018-10-26 13:59:00+00:00,train
INDY,25,2708,2018-10-26 13:36:39+00:00,2018-11-09 13:36:00+00:00,train
INDY,25,2707,2018-11-09 14:47:19+00:00,2018-11-22 14:47:00+00:00,train
INDY,25,2706,2018-11-23 09:15:53+00:00,2018-12-06 09:15:00+00:00,train
INDY,25,2705,2018-12-07 14:52:03+00:00,2018-12-20 14:52:00+00:00,train
INDY,25,2704,2018-12-21 15:06:44+00:00,2019-01-18 15:06:00+00:00,purged
INDY,25,2703,2019-01-18 15:02:24+00:00,2019-01-31 15:02:00+00:00,validation
INDY,25,2702,2019-02-01 14:16:13+00:00,2019-02-15 14:16:00+00:00,validation
INDY,25,2701,2019-02-15 14:44:34+00:00,2019-03-01 14:44:00+00:00,validation
INDY,25,2700,2019-03-01 14:42:16+00:00,2019-03-15 14:42:00+00:00,validation
INDY,25,2699,2019-03-15 06:26:09+00:00,2019-03-29 06:26:00+00:00,validation
INDY,25,2698,2019-03-29 14:01:56+00:00,2019-04-12 14:01:00+00:00,validation
INDY,25,2697,2019-04-12 14:01:05+00:00,2019-04-26 14:01:00+00:00,validation
INDY,25,2695,2019-05-13 13:45:53+00:00,2019-05-24 13:45:00+00:00,validation
INDY,25,2694,2019-05-24 14:21:48+00:00,2019-06-07 14:21:00+00:00,validation
INDY,25,2693,2019-06-07 14:00:45+00:00,2019-06-21 14:00:00+00:00,validation
INDY,25,2692,2019-06-21 13:43:20+00:00,2019-07-05 13:43:00+00:00,validation
INDY,25,2691,2019-07-08 13:45:59+00:00,2019-07-19 13:45:00+00:00,validation
INDY,25,2690,2019-07-22 14:03:58+00:00,2019-08-02 14:03:00+00:00,validation
INDY,25,2689,2019-08-02 14:04:26+00:00,2019-08-16 14:04:00+00:00,validation
INDY,25,2688,2019-08-16 16:09:48+00:00,2019-08-30 16:09:00+00:00,test
INDY,25,2687,2019-08-30 06:42:46+00:00,2019-09-13 06:42:00+00:00,test
INDY,25,2686,2019-09-13 16:27:14+00:00,2019-09-27 16:27:00+00:00,test
INDY,25,2685,2019-09-27 06:48:29+00:00,2019-10-11 06:48:00+00:00,test
INDY,25,2684,2019-10-11 16:45:51+00:00,2019-10-25 16:45:00+00:00,test
INDY,25,2683,2019-10-25 14:31:38+00:00,2019-11-08 14:31:00+00:00,test
INDY,25,2682,2019-11-08 16:10:18+00:00,2019-11-22 16:10:00+00:00,test
INDY,25,2680,2019-11-22 12:46:34+00:00,2019-12-06 12:46:00+00:00,test
INDY,25,2679,2019-12-09 15:06:51+00:00,2019-12-19 15:06:00+00:00,test
INDY,25,2678,2019-12-20 14:58:41+00:00,2020-01-17 14:58:00+00:00,test
INDY,25,2677,2020-01-17 15:12:10+00:00,2020-01-31 15:12:00+00:00,test
INDY,25,2532,2020-02-03 14:58:07+00:00,2020-02-14 14:58:00+00:00,test
INDY,25,2531,2020-02-17 15:17:34+00:00,2020-02-28 15:17:00+00:00,test
INDY,25,2530,2020-02-28 15:30:10+00:00,2020-03-13 15:30:00+00:00,test
INDY,25,2528,2020-03-13 14:44:35+00:00,2020-03-27 14:44:00+00:00,test
IS,26,2628,2017-07-11 10:02:41+00:00,2017-07-18 10:02:00+00:00,train
IS,26,2627,2017-07-18 13:09:33+00:00,2017-07-25 13:09:00+00:00,train
IS,26,2626,2017-07-25 10:35:46+00:00,2017-08-01 10:35:00+00:00,train
IS,26,2618,2017-08-01 12:15:27+00:00,2017-08-08 12:15:00+00:00,train
IS,26,2624,2017-08-15 16:14:31+00:00,2017-08-30 16:14:00+00:00,train
IS,26,2623,2017-08-31 16:34:20+00:00,2017-09-13 16:34:00+00:00,train
IS,26,2622,2017-09-14 11:14:40+00:00,2017-09-28 11:14:00+00:00,train
IS,26,2621,2017-09-28 13:40:13+00:00,2017-10-12 13:40:00+00:00,train
IS,26,2619,2017-10-26 12:31:14+00:00,2017-11-09 12:31:00+00:00,train
IS,26,2617,2017-11-09 11:34:41+00:00,2017-11-23 11:34:00+00:00,train
IS,26,2616,2017-11-23 16:06:35+00:00,2017-12-07 16:06:00+00:00,train
IS,26,2615,2017-12-07 08:54:10+00:00,2017-12-21 08:54:00+00:00,train
IS,26,2614,2017-12-21 13:04:21+00:00,2018-01-18 13:04:00+00:00,train
IS,26,2613,2018-01-18 13:51:26+00:00,2018-02-01 13:51:00+00:00,train
IS,26,2611,2018-02-01 14:50:11+00:00,2018-02-15 14:50:00+00:00,train
IS,26,2612,2018-02-15 14:00:23+00:00,2018-03-01 14:00:00+00:00,train
IS,26,2610,2018-02-28 20:47:14+00:00,2018-03-14 20:47:00+00:00,train
IS,26,2609,2018-03-15 20:51:04+00:00,2018-03-29 20:51:00+00:00,train
IS,26,2607,2018-04-12 13:22:45+00:00,2018-04-26 13:22:00+00:00,train
IS,26,2606,2018-04-26 12:45:44+00:00,2018-05-10 12:45:00+00:00,train
IS,26,2604,2018-05-11 13:14:17+00:00,2018-05-25 13:14:00+00:00,train
IS,26,2603,2018-05-25 13:24:54+00:00,2018-06-08 13:24:00+00:00,train
IS,26,2601,2018-06-08 13:08:49+00:00,2018-06-22 13:08:00+00:00,train
IS,26,2602,2018-06-13 16:41:44+00:00,2018-06-27 16:41:00+00:00,train
IS,26,2600,2018-06-22 14:47:49+00:00,2018-07-05 14:47:00+00:00,train
IS,26,2605,2018-06-27 23:00:31+00:00,2018-07-11 23:00:00+00:00,train
IS,26,2599,2018-07-06 13:34:56+00:00,2018-07-19 13:34:00+00:00,train
IS,26,2598,2018-07-20 13:43:55+00:00,2018-08-02 13:43:00+00:00,train
IS,26,2597,2018-08-03 13:52:58+00:00,2018-08-16 13:52:00+00:00,train
IS,26,2596,2018-08-17 13:57:31+00:00,2018-08-30 13:57:00+00:00,train
IS,26,2594,2018-09-14 16:02:08+00:00,2018-09-28 16:02:00+00:00,train
IS,26,2593,2018-09-28 15:29:02+00:00,2018-10-12 15:29:00+00:00,train
IS,26,2592,2018-10-12 15:25:28+00:00,2018-10-26 15:25:00+00:00,train
IS,26,2591,2018-10-26 14:09:51+00:00,2018-11-09 14:09:00+00:00,train
IS,26,2590,2018-11-09 14:29:55+00:00,2018-11-22 14:29:00+00:00,train
IS,26,2589,2018-11-23 09:06:18+00:00,2018-12-09 09:06:00+00:00,train
IS,26,2588,2018-12-07 14:30:59+00:00,2018-12-21 14:30:00+00:00,train
IS,26,2587,2018-12-21 14:16:50+00:00,2019-01-18 14:16:00+00:00,train
IS,26,2586,2019-01-18 14:28:49+00:00,2019-01-31 14:28:00+00:00,train
IS,26,2585,2019-02-01 13:55:31+00:00,2019-02-15 13:55:00+00:00,validation
IS,26,2584,2019-02-15 14:19:07+00:00,2019-03-01 14:19:00+00:00,validation
IS,26,2582,2019-03-01 14:36:59+00:00,2019-03-15 14:36:00+00:00,validation
IS,26,2583,2019-03-15 14:49:15+00:00,2019-03-29 14:49:00+00:00,validation
IS,26,2581,2019-03-29 15:20:45+00:00,2019-04-12 15:20:00+00:00,validation
IS,26,2580,2019-04-12 14:34:29+00:00,2019-04-26 14:34:00+00:00,validation
IS,26,2579,2019-04-26 13:41:13+00:00,2019-05-10 13:41:00+00:00,validation
IS,26,2578,2019-05-13 14:46:00+00:00,2019-05-27 14:45:00+00:00,validation
IS,26,2577,2019-05-24 19:50:25+00:00,2019-06-07 19:50:00+00:00,validation
IS,26,2575,2019-06-24 15:37:01+00:00,2019-07-05 15:37:00+00:00,validation
IS,26,2574,2019-07-08 14:10:28+00:00,2019-07-19 14:10:00+00:00,validation
IS,26,2573,2019-07-22 14:35:29+00:00,2019-08-02 14:35:00+00:00,validation
IS,26,2572,2019-08-02 15:25:01+00:00,2019-08-16 15:25:00+00:00,purged
IS,26,2571,2019-08-16 09:35:27+00:00,2019-08-30 09:35:00+00:00,test
IS,26,2570,2019-08-30 09:46:06+00:00,2019-09-13 09:46:00+00:00,test
IS,26,2569,2019-09-13 10:20:46+00:00,2019-09-27 10:20:00+00:00,test
IS,26,2568,2019-10-16 12:02:59+00:00,2019-10-25 12:02:00+00:00,test
IS,26,2567,2019-10-28 14:39:39+00:00,2019-11-08 15:39:00+00:00,test
IS,26,2565,2019-11-11 16:00:30+00:00,2019-11-22 17:00:00+00:00,test
IS,26,2564,2019-11-22 16:23:45+00:00,2019-12-06 16:23:00+00:00,test
IS,26,2563,2019-12-09 15:36:27+00:00,2019-12-19 15:36:00+00:00,test
IS,26,2562,2019-12-20 22:04:07+00:00,2020-01-17 22:04:00+00:00,test
IS,26,2561,2020-01-17 13:26:10+00:00,2020-01-31 13:26:00+00:00,test
IS,26,2558,2020-02-17 15:18:05+00:00,2020-02-28 15:18:00+00:00,test
IS,26,2557,2020-03-02 11:21:20+00:00,2020-03-13 11:21:00+00:00,test
IS,26,2556,2020-03-16 14:30:35+00:00,2020-03-28 05:30:00+00:00,test
MESOS,4,489,2014-05-15 21:33:31+00:00,2014-05-29 00:00:00+00:00,train
MESOS,4,488,2014-05-31 00:00:30+00:00,2014-06-12 00:00:00+00:00,train
MESOS,4,486,2014-06-30 19:00:15+00:00,2014-07-05 00:00:00+00:00,train
MESOS,4,483,2014-08-11 19:00:26+00:00,2014-08-23 00:00:00+00:00,train
MESOS,4,477,2014-10-19 18:29:04+00:00,2014-10-31 17:29:00+00:00,train
MESOS,4,478,2014-10-21 19:00:15+00:00,2014-11-04 19:00:00+00:00,train
MESOS,4,475,2014-11-03 19:00:04+00:00,2014-11-17 19:00:00+00:00,train
MESOS,4,474,2014-11-04 18:40:29+00:00,2014-11-14 18:40:00+00:00,train
MESOS,4,473,2014-11-17 19:30:00+00:00,2014-12-01 19:00:00+00:00,train
MESOS,4,472,2014-11-19 17:58:45+00:00,2014-12-07 17:58:00+00:00,train
MESOS,4,471,2014-12-01 19:30:00+00:00,2014-12-15 19:00:00+00:00,train
MESOS,4,476,2015-01-15 21:16:49+00:00,2015-01-23 21:16:00+00:00,train
MESOS,4,469,2015-01-20 19:59:00+00:00,2015-02-03 19:48:00+00:00,train
MESOS,4,470,2015-01-23 16:54:35+00:00,2015-02-06 16:54:00+00:00,train
MESOS,4,468,2015-02-02 20:00:11+00:00,2015-02-16 19:00:00+00:00,train
MESOS,4,467,2015-02-06 16:47:50+00:00,2015-02-20 16:47:00+00:00,train
MESOS,4,466,2015-02-17 18:00:00+00:00,2015-03-02 19:00:00+00:00,train
MESOS,4,465,2015-02-20 16:28:58+00:00,2015-03-06 16:28:00+00:00,train
MESOS,4,464,2015-03-02 19:31:49+00:00,2015-03-16 19:31:00+00:00,train
MESOS,4,463,2015-03-09 23:12:34+00:00,2015-03-20 23:12:00+00:00,train
MESOS,4,461,2015-03-20 15:41:35+00:00,2015-04-03 15:41:00+00:00,train
MESOS,4,459,2015-04-03 16:57:36+00:00,2015-04-17 16:57:00+00:00,train
MESOS,4,457,2015-04-17 15:46:14+00:00,2015-05-01 15:46:00+00:00,train
MESOS,4,455,2015-04-27 20:59:03+00:00,2015-05-11 20:59:00+00:00,train
MESOS,4,453,2015-05-15 16:30:26+00:00,2015-05-26 01:00:00+00:00,train
MESOS,4,447,2015-06-22 17:00:57+00:00,2015-07-06 16:00:00+00:00,train
MESOS,4,443,2015-07-21 19:09:42+00:00,2015-08-03 18:00:00+00:00,train
MESOS,4,442,2015-08-03 20:00:40+00:00,2015-08-17 19:00:00+00:00,train
MESOS,4,432,2015-11-09 21:00:43+00:00,2015-11-23 21:00:00+00:00,train
MESOS,4,430,2015-11-23 22:08:23+00:00,2015-12-07 22:08:00+00:00,train
MESOS,4,428,2015-12-07 21:28:11+00:00,2015-12-21 21:28:00+00:00,train
MESOS,4,429,2015-12-21 22:33:11+00:00,2016-01-04 22:33:00+00:00,train
MESOS,4,427,2016-01-04 23:06:24+00:00,2016-01-18 23:06:00+00:00,train
MESOS,4,426,2016-01-21 07:55:27+00:00,2016-02-04 07:55:00+00:00,train
MESOS,4,425,2016-02-01 20:19:53+00:00,2016-02-15 20:19:00+00:00,train
MESOS,4,424,2016-02-16 23:11:51+00:00,2016-03-01 23:11:00+00:00,train
MESOS,4,423,2016-03-01 17:40:49+00:00,2016-03-15 17:40:00+00:00,train
MESOS,4,422,2016-03-15 18:06:45+00:00,2016-03-29 18:06:00+00:00,train
MESOS,4,421,2016-03-30 00:40:05+00:00,2016-04-13 00:40:00+00:00,train
MESOS,4,420,2016-04-12 16:14:54+00:00,2016-04-26 16:14:00+00:00,train
MESOS,4,419,2016-04-27 16:13:40+00:00,2016-05-11 16:13:00+00:00,train
MESOS,4,418,2016-05-13 14:54:02+00:00,2016-05-27 14:54:00+00:00,train
MESOS,4,417,2016-05-29 20:29:35+00:00,2016-06-12 20:29:00+00:00,train
MESOS,4,416,2016-06-13 05:43:03+00:00,2016-06-27 05:43:00+00:00,train
MESOS,4,415,2016-06-27 23:27:22+00:00,2016-07-11 23:27:00+00:00,train
MESOS,4,414,2016-07-08 16:27:48+00:00,2016-07-22 16:27:00+00:00,train
MESOS,4,412,2016-08-09 21:58:52+00:00,2016-08-23 21:58:00+00:00,train
MESOS,4,411,2016-09-03 11:15:36+00:00,2016-09-17 11:15:00+00:00,train
MESOS,4,410,2016-09-19 14:11:40+00:00,2016-10-03 14:11:00+00:00,train
MESOS,4,408,2016-09-29 16:40:30+00:00,2016-10-13 16:40:00+00:00,train
MESOS,4,407,2016-10-28 16:22:08+00:00,2016-11-11 16:22:00+00:00,train
MESOS,4,406,2016-11-15 15:11:03+00:00,2016-11-29 15:11:00+00:00,train
MESOS,4,405,2016-12-10 01:12:49+00:00,2016-12-24 01:12:00+00:00,train
MESOS,4,404,2017-01-07 00:42:04+00:00,2017-01-21 00:42:00+00:00,train
MESOS,4,403,2017-01-27 18:03:42+00:00,2017-02-10 18:03:00+00:00,train
MESOS,4,402,2017-02-14 01:38:14+00:00,2017-02-28 01:38:00+00:00,train
MESOS,4,400,2017-03-17 20:01:19+00:00,2017-03-30 20:01:00+00:00,train
MESOS,4,398,2017-04-13 20:00:56+00:00,2017-04-27 20:00:00+00:00,train
MESOS,4,396,2017-05-11 15:54:18+00:00,2017-05-25 15:54:00+00:00,train
MESOS,4,393,2017-07-20 22:52:52+00:00,2017-08-03 22:52:00+00:00,train
MESOS,4,392,2017-08-03 17:44:35+00:00,2017-08-17 17:44:00+00:00,train
MESOS,4,391,2017-08-17 18:03:01+00:00,2017-08-31 18:03:00+00:00,train
MESOS,4,388,2017-09-29 04:49:32+00:00,2017-10-13 04:49:00+00:00,train
MESOS,4,387,2017-10-12 09:00:55+00:00,2017-10-26 09:00:00+00:00,train
MESOS,4,385,2017-11-10 01:00:23+00:00,2017-11-24 01:00:00+00:00,train
MESOS,4,383,2017-12-07 23:50:25+00:00,2017-12-21 23:50:00+00:00,train
MESOS,4,381,2018-01-04 21:03:54+00:00,2018-01-18 21:03:00+00:00,train
MESOS,4,380,2018-01-19 01:12:02+00:00,2018-02-02 01:12:00+00:00,train
MESOS,4,379,2018-02-01 18:00:46+00:00,2018-02-15 18:00:00+00:00,train
MESOS,4,378,2018-02-15 17:59:57+00:00,2018-03-01 17:59:00+00:00,train
MESOS,4,377,2018-03-08 16:28:02+00:00,2018-03-29 16:00:00+00:00,train
MESOS,4,369,2018-06-07 16:00:48+00:00,2018-06-21 16:00:00+00:00,train
MESOS,4,361,2018-08-16 16:00:43+00:00,2018-08-30 16:00:00+00:00,train
MESOS,4,360,2018-08-30 16:00:44+00:00,2018-09-13 16:00:00+00:00,validation
MESOS,4,358,2018-09-27 09:00:28+00:00,2018-10-11 09:00:00+00:00,validation
MESOS,4,354,2018-10-11 16:00:33+00:00,2018-10-25 16:00:00+00:00,validation
MESOS,4,353,2018-10-25 22:04:01+00:00,2018-11-08 17:00:00+00:00,validation
MESOS,4,357,2018-10-25 22:05:33+00:00,2018-11-08 17:00:00+00:00,validation
MESOS,4,352,2018-10-26 14:01:54+00:00,2018-11-08 17:00:00+00:00,validation
MESOS,4,351,2018-11-07 18:19:00+00:00,2018-11-21 18:19:00+00:00,validation
MESOS,4,350,2018-11-08 19:25:42+00:00,2018-11-22 14:20:00+00:00,validation
MESOS,4,356,2018-11-09 16:35:31+00:00,2018-11-22 09:00:00+00:00,validation
MESOS,4,348,2018-11-21 17:28:31+00:00,2018-12-05 17:28:00+00:00,validation
MESOS,4,349,2018-11-22 20:47:59+00:00,2018-12-06 15:42:00+00:00,validation
MESOS,4,367,2018-11-22 20:48:19+00:00,2018-12-06 15:43:00+00:00,validation
MESOS,4,368,2018-12-03 17:17:44+00:00,2018-12-06 09:00:00+00:00,validation
MESOS,4,346,2018-12-06 04:10:04+00:00,2018-12-20 04:10:00+00:00,validation
MESOS,4,344,2018-12-06 17:28:24+00:00,2018-12-20 17:28:00+00:00,validation
MESOS,4,345,2018-12-06 17:42:12+00:00,2018-12-20 17:42:00+00:00,validation
MESOS,4,347,2018-12-06 19:32:14+00:00,2018-12-20 19:32:00+00:00,validation
MESOS,4,341,2018-12-19 17:32:58+00:00,2019-01-02 17:32:00+00:00,validation
MESOS,4,355,2018-12-19 19:33:28+00:00,2019-01-02 19:33:00+00:00,validation
MESOS,4,340,2019-01-02 16:33:44+00:00,2019-01-16 16:33:00+00:00,validation
MESOS,4,343,2019-01-02 17:21:17+00:00,2019-01-16 17:21:00+00:00,validation
MESOS,4,339,2019-01-02 19:22:05+00:00,2019-01-16 19:22:00+00:00,purged
MESOS,4,338,2019-01-08 17:24:43+00:00,2019-01-16 17:24:00+00:00,validation
MESOS,4,336,2019-01-16 17:38:40+00:00,2019-01-24 17:38:00+00:00,purged
MESOS,4,335,2019-01-16 17:39:57+00:00,2019-01-24 17:39:00+00:00,test
MESOS,4,337,2019-01-17 01:02:23+00:00,2019-01-31 01:02:00+00:00,test
MESOS,4,332,2019-01-30 17:39:46+00:00,2019-02-07 17:39:00+00:00,test
MESOS,4,333,2019-01-30 18:28:01+00:00,2019-02-13 18:28:00+00:00,test
MESOS,4,334,2019-01-30 20:51:56+00:00,2019-02-13 20:51:00+00:00,test
MESOS,4,342,2019-01-30 22:06:25+00:00,2019-02-13 22:06:00+00:00,test
MESOS,4,323,2019-02-13 17:43:31+00:00,2019-02-21 17:43:00+00:00,test
MESOS,4,327,2019-02-13 19:54:34+00:00,2019-02-27 19:54:00+00:00,test
MESOS,4,330,2019-02-14 03:30:44+00:00,2019-02-28 03:30:00+00:00,test
MESOS,4,370,2019-02-14 18:44:05+00:00,2019-02-28 18:44:00+00:00,test
MESOS,4,326,2019-02-27 18:43:04+00:00,2019-03-13 18:43:00+00:00,test
MESOS,4,331,2019-02-27 19:32:37+00:00,2019-03-13 19:32:00+00:00,test
MESOS,4,324,2019-03-13 16:56:55+00:00,2019-03-27 16:56:00+00:00,test
MESOS,4,329,2019-03-13 20:30:18+00:00,2019-03-27 20:30:00+00:00,test
MESOS,4,321,2019-03-27 17:50:59+00:00,2019-04-10 17:50:00+00:00,test
MESOS,4,318,2019-03-27 18:53:14+00:00,2019-04-10 18:53:00+00:00,test
MESOS,4,320,2019-03-27 21:15:32+00:00,2019-04-10 21:15:00+00:00,test
MESOS,4,289,2019-08-01 02:32:51+00:00,2019-08-15 02:32:00+00:00,test
MESOS,4,274,2019-11-06 16:56:38+00:00,2019-11-20 16:56:00+00:00,test
MESOS,4,272,2019-11-20 16:02:56+00:00,2019-12-04 16:02:00+00:00,test
MESOS,4,270,2019-12-04 14:22:44+00:00,2019-12-18 14:22:00+00:00,test
MESOS,4,273,2019-12-18 14:24:55+00:00,2020-01-01 14:24:00+00:00,test
MESOS,4,268,2020-01-06 14:18:17+00:00,2020-01-15 14:18:00+00:00,test
MESOS,4,267,2020-01-29 16:36:24+00:00,2020-02-12 16:36:00+00:00,test
MESOS,4,265,2020-02-12 16:16:55+00:00,2020-02-26 16:16:00+00:00,test
MULE,36,4503,2012-07-17 04:35:00+00:00,2012-07-22 04:30:00+00:00,train
MULE,36,4502,2013-02-20 17:02:24+00:00,2013-03-05 17:02:24+00:00,train
MULE,36,4500,2013-03-20 15:30:40+00:00,2013-04-02 15:30:40+00:00,train
MULE,36,4480,2013-11-06 16:51:41+00:00,2013-11-20 16:51:41+00:00,train
MULE,36,4478,2013-11-11 17:43:35+00:00,2013-11-18 17:43:35+00:00,train
MULE,36,4481,2013-11-21 14:14:47+00:00,2013-12-05 14:14:47+00:00,train
MULE,36,4477,2013-11-26 18:51:18+00:00,2013-12-09 18:51:18+00:00,train
MULE,36,4475,2013-12-18 17:04:03+00:00,2014-01-02 17:04:03+00:00,train
MULE,36,4473,2014-01-02 17:52:04+00:00,2014-01-14 17:52:04+00:00,train
MULE,36,4474,2014-01-07 13:14:11+00:00,2014-01-21 13:14:11+00:00,train
MULE,36,4472,2014-01-15 18:46:01+00:00,2014-01-29 18:46:01+00:00,train
MULE,36,4470,2014-01-29 17:36:33+00:00,2014-02-12 17:36:33+00:00,train
MULE,36,4444,2014-02-12 18:23:11+00:00,2014-02-26 18:23:11+00:00,train
MULE,36,4467,2014-02-26 17:51:47+00:00,2014-03-12 16:51:47+00:00,train
MULE,36,4468,2014-03-06 17:11:19+00:00,2014-03-20 16:11:19+00:00,train
MULE,36,4466,2014-03-12 18:52:05+00:00,2014-03-26 18:52:05+00:00,train
MULE,36,4465,2014-03-27 16:30:17+00:00,2014-04-09 16:30:17+00:00,train
MULE,36,4454,2014-08-29 17:23:24+00:00,2014-09-11 17:23:00+00:00,train
MULE,36,4453,2014-09-11 17:14:49+00:00,2014-09-25 17:14:00+00:00,train
MULE,36,4452,2014-09-30 17:20:00+00:00,2014-10-13 17:20:00+00:00,train
MULE,36,4450,2014-10-09 16:54:40+00:00,2014-10-23 16:54:00+00:00,train
MULE,36,4449,2014-10-23 17:05:32+00:00,2014-11-06 18:05:00+00:00,train
MULE,36,4448,2014-11-06 18:39:29+00:00,2014-11-20 18:39:00+00:00,train
MULE,36,4447,2014-11-20 18:24:10+00:00,2014-12-04 18:24:00+00:00,train
MULE,36,4446,2014-12-04 18:35:13+00:00,2014-12-18 18:35:00+00:00,train
MULE,36,4445,2014-12-18 18:02:14+00:00,2015-01-08 18:02:00+00:00,train
MULE,36,4443,2015-01-09 20:00:23+00:00,2015-01-22 20:00:00+00:00,train
MULE,36,4442,2015-01-22 18:52:50+00:00,2015-02-05 18:52:00+00:00,train
MULE,36,4441,2015-02-05 20:26:37+00:00,2015-02-19 20:26:00+00:00,train
MULE,36,4440,2015-02-19 18:32:54+00:00,2015-03-05 18:32:00+00:00,train
MULE,36,4439,2015-03-05 18:25:47+00:00,2015-03-19 17:25:00+00:00,train
MULE,36,4438,2015-03-20 18:59:51+00:00,2015-04-09 18:59:00+00:00,train
MULE,36,4400,2015-04-09 15:59:36+00:00,2015-04-23 15:59:00+00:00,train
MULE,36,4437,2015-04-23 18:27:13+00:00,2015-05-07 18:27:00+00:00,train
MULE,36,4436,2015-05-07 17:32:45+00:00,2015-05-21 17:32:00+00:00,train
MULE,36,4435,2015-05-21 17:12:24+00:00,2015-06-04 17:12:00+00:00,train
MULE,36,4434,2015-06-04 16:29:53+00:00,2015-06-18 16:29:00+00:00,train
MULE,36,4362,2015-06-18 17:18:41+00:00,2015-07-02 17:18:00+00:00,train
MULE,36,4433,2015-07-02 17:02:01+00:00,2015-07-16 17:02:00+00:00,train
MULE,36,4432,2015-07-16 16:41:50+00:00,2015-07-30 16:41:00+00:00,train
MULE,36,4430,2015-08-04 17:04:55+00:00,2015-08-20 17:04:00+00:00,train
MULE,36,4429,2015-08-25 15:54:24+00:00,2015-09-10 15:54:00+00:00,train
MULE,36,4424,2015-09-07 17:43:09+00:00,2015-09-22 17:43:00+00:00,train
MULE,36,4428,2015-10-19 19:50:34+00:00,2015-11-03 20:50:00+00:00,train
MULE,36,4427,2015-10-20 18:48:08+00:00,2015-11-05 19:48:00+00:00,train
MULE,36,4425,2015-11-19 17:50:18+00:00,2015-12-03 17:50:00+00:00,train
MULE,36,4423,2015-12-03 16:46:31+00:00,2015-12-17 16:46:00+00:00,train
MULE,36,4422,2015-12-14 14:33:16+00:00,2016-01-04 14:33:00+00:00,train
MULE,36,4421,2015-12-17 17:18:04+00:00,2016-01-07 17:18:00+00:00,train
MULE,36,4420,2016-01-04 16:00:30+00:00,2016-01-18 16:00:00+00:00,train
MULE,36,4419,2016-01-07 15:09:52+00:00,2016-01-21 15:09:00+00:00,train
MULE,36,4415,2016-01-18 15:46:00+00:00,2016-02-01 15:45:00+00:00,train
MULE,36,4416,2016-01-21 16:50:34+00:00,2016-02-04 16:50:00+00:00,train
MULE,36,4417,2016-01-21 19:05:01+00:00,2016-02-05 19:05:00+00:00,train
MULE,36,4412,2016-02-05 02:59:53+00:00,2016-02-19 02:59:00+00:00,train
MULE,36,4414,2016-02-10 18:51:29+00:00,2016-02-18 18:51:00+00:00,train
MULE,36,4413,2016-02-15 14:53:10+00:00,2016-02-29 14:53:00+00:00,train
MULE,36,4410,2016-02-18 17:25:39+00:00,2016-03-03 17:25:00+00:00,train
MULE,36,4407,2016-02-29 15:42:26+00:00,2016-03-14 14:42:00+00:00,train
MULE,36,4397,2016-03-03 17:00:58+00:00,2016-03-17 16:00:00+00:00,train
MULE,36,4408,2016-03-03 17:41:29+00:00,2016-03-17 16:41:00+00:00,train
MULE,36,4406,2016-03-14 15:53:20+00:00,2016-03-28 15:53:00+00:00,train
MULE,36,4405,2016-03-17 16:38:16+00:00,2016-03-31 16:38:00+00:00,train
MULE,36,4409,2016-03-17 20:22:56+00:00,2016-03-31 20:22:00+00:00,train
MULE,36,4404,2016-03-28 15:46:40+00:00,2016-04-12 15:46:00+00:00,train
MULE,36,4403,2016-03-31 16:18:02+00:00,2016-04-14 16:18:00+00:00,train
MULE,36,4401,2016-04-11 15:36:06+00:00,2016-04-25 15:36:00+00:00,train
MULE,36,4399,2016-04-14 16:50:43+00:00,2016-04-28 16:50:00+00:00,train
MULE,36,4396,2016-04-27 16:27:32+00:00,2016-05-09 16:27:00+00:00,train
MULE,36,4398,2016-04-28 16:51:15+00:00,2016-05-12 16:51:00+00:00,train
MULE,36,4392,2016-05-09 19:01:01+00:00,2016-05-23 19:01:00+00:00,train
MULE,36,4393,2016-05-12 16:48:04+00:00,2016-05-26 16:48:00+00:00,train
MULE,36,4395,2016-05-12 16:49:33+00:00,2016-05-26 16:49:00+00:00,train
MULE,36,4390,2016-05-26 20:58:46+00:00,2016-06-09 20:58:00+00:00,train
MULE,36,4389,2016-05-30 16:04:04+00:00,2016-06-13 16:04:00+00:00,train
MULE,36,4387,2016-06-09 16:57:46+00:00,2016-06-23 16:57:00+00:00,train
MULE,36,4388,2016-06-13 16:16:24+00:00,2016-06-27 16:16:00+00:00,train
MULE,36,4383,2016-06-23 16:11:54+00:00,2016-07-07 16:11:00+00:00,train
MULE,36,4384,2016-06-27 16:12:00+00:00,2016-07-11 16:12:00+00:00,train
MULE,36,4382,2016-07-07 12:01:37+00:00,2016-07-21 12:01:00+00:00,train
MULE,36,4385,2016-07-07 18:11:14+00:00,2016-07-21 18:11:00+00:00,train
MULE,36,4381,2016-07-11 16:41:26+00:00,2016-07-25 16:41:00+00:00,train
MULE,36,4380,2016-07-21 16:32:21+00:00,2016-08-04 16:32:00+00:00,train
MULE,36,4372,2016-07-21 16:32:40+00:00,2016-08-04 16:32:00+00:00,train
MULE,36,4379,2016-07-25 15:44:07+00:00,2016-08-08 15:44:00+00:00,train
MULE,36,4378,2016-08-04 15:24:11+00:00,2016-08-18 15:24:00+00:00,train
MULE,36,4377,2016-08-08 15:58:57+00:00,2016-08-22 15:58:00+00:00,train
MULE,36,4375,2016-08-18 16:47:09+00:00,2016-09-01 16:47:00+00:00,train
MULE,36,4374,2016-08-18 20:28:35+00:00,2016-09-01 20:28:00+00:00,train
MULE,36,4373,2016-08-23 16:44:49+00:00,2016-09-06 16:44:00+00:00,train
MULE,36,4369,2016-09-01 17:19:40+00:00,2016-09-15 17:19:00+00:00,train
MULE,36,4371,2016-09-02 12:59:21+00:00,2016-09-16 12:59:00+00:00,train
MULE,36,4368,2016-09-06 15:45:45+00:00,2016-09-19 15:45:00+00:00,train
MULE,36,4365,2016-09-15 17:37:09+00:00,2016-09-29 17:37:00+00:00,train
MULE,36,4364,2016-09-19 16:15:18+00:00,2016-10-02 16:15:00+00:00,train
MULE,36,4360,2016-09-29 17:38:03+00:00,2016-10-13 17:38:00+00:00,train
MULE,36,4359,2016-10-03 15:52:11+00:00,2016-10-16 15:52:00+00:00,train
MULE,36,4358,2016-10-13 19:54:18+00:00,2016-10-27 19:54:00+00:00,train
MULE,36,4361,2016-10-13 20:33:46+00:00,2016-10-27 20:33:00+00:00,train
MULE,36,4357,2016-10-18 16:02:49+00:00,2016-10-31 16:02:00+00:00,train
MULE,36,4355,2016-10-27 20:15:32+00:00,2016-11-10 21:15:00+00:00,train
MULE,36,4356,2016-10-31 15:35:37+00:00,2016-11-13 16:35:00+00:00,train
MULE,36,4352,2016-11-10 18:00:59+00:00,2016-11-24 18:00:00+00:00,train
MULE,36,4353,2016-11-10 18:01:06+00:00,2016-11-24 18:01:00+00:00,train
MULE,36,4351,2016-11-14 16:32:14+00:00,2016-11-29 16:32:00+00:00,train
MULE,36,4350,2016-11-24 17:49:56+00:00,2016-12-08 17:49:00+00:00,train
MULE,36,4349,2016-11-24 17:50:09+00:00,2016-12-08 17:50:00+00:00,train
MULE,36,4348,2016-11-30 19:53:17+00:00,2016-12-19 19:53:00+00:00,train
MULE,36,4346,2016-12-12 19:35:28+00:00,2016-12-22 19:35:00+00:00,train
MULE,36,4347,2016-12-12 19:35:44+00:00,2016-12-22 19:35:00+00:00,train
MULE,36,4345,2016-12-19 16:22:39+00:00,2017-01-02 16:22:00+00:00,train
MULE,36,4343,2016-12-22 21:02:50+00:00,2017-01-05 21:02:00+00:00,train
MULE,36,4342,2017-01-02 15:55:12+00:00,2017-01-16 15:55:00+00:00,train
MULE,36,4340,2017-01-05 21:00:04+00:00,2017-01-19 21:00:00+00:00,train
MULE,36,4336,2017-01-16 15:58:59+00:00,2017-01-30 15:58:00+00:00,train
MULE,36,4339,2017-01-19 21:49:47+00:00,2017-02-02 21:49:00+00:00,train
MULE,36,4338,2017-01-19 21:50:49+00:00,2017-02-02 21:50:00+00:00,train
MULE,36,4335,2017-02-02 17:53:42+00:00,2017-02-16 17:53:00+00:00,train
MULE,36,4329,2017-03-01 16:57:12+00:00,2017-03-20 15:57:00+00:00,train
MULE,36,4330,2017-03-02 17:18:37+00:00,2017-03-16 16:18:00+00:00,train
MULE,36,4327,2017-03-16 20:24:41+00:00,2017-03-30 20:24:00+00:00,train
MULE,36,4328,2017-03-16 20:55:43+00:00,2017-03-30 20:55:00+00:00,train
MULE,36,4320,2017-03-20 17:20:56+00:00,2017-04-03 17:20:00+00:00,train
MULE,36,4324,2017-03-31 02:05:48+00:00,2017-04-18 02:05:00+00:00,train
MULE,36,4326,2017-03-31 02:11:54+00:00,2017-04-18 02:11:00+00:00,train
MULE,36,4325,2017-04-03 16:30:01+00:00,2017-04-17 16:30:00+00:00,train
MULE,36,4278,2017-04-17 20:24:18+00:00,2017-04-27 20:24:00+00:00,purged
MULE,36,4321,2017-04-17 21:01:45+00:00,2017-05-02 21:01:00+00:00,purged
MULE,36,4323,2017-04-18 02:17:43+00:00,2017-04-28 02:17:00+00:00,validation
MULE,36,4318,2017-04-27 19:15:40+00:00,2017-05-11 19:15:00+00:00,validation
MULE,36,4319,2017-04-27 20:33:28+00:00,2017-05-11 20:33:00+00:00,validation
MULE,36,4317,2017-05-02 19:12:50+00:00,2017-05-15 19:12:00+00:00,validation
MULE,36,4315,2017-05-11 18:27:13+00:00,2017-05-26 18:27:00+00:00,validation
MULE,36,4316,2017-05-11 18:29:05+00:00,2017-05-25 18:29:00+00:00,validation
MULE,36,4314,2017-05-15 16:27:48+00:00,2017-05-29 16:27:00+00:00,validation
MULE,36,4306,2017-05-26 20:28:01+00:00,2017-06-08 20:28:00+00:00,validation
MULE,36,4313,2017-05-29 16:08:40+00:00,2017-06-12 16:08:00+00:00,validation
MULE,36,4308,2017-06-08 17:28:47+00:00,2017-06-22 17:28:00+00:00,validation
MULE,36,4310,2017-06-08 17:29:41+00:00,2017-06-22 17:29:00+00:00,validation
MULE,36,4311,2017-06-08 20:50:03+00:00,2017-06-22 20:50:00+00:00,validation
MULE,36,4307,2017-06-12 16:10:45+00:00,2017-06-26 16:10:00+00:00,validation
MULE,36,4305,2017-06-22 14:38:51+00:00,2017-07-06 14:38:00+00:00,validation
MULE,36,4304,2017-06-22 17:25:51+00:00,2017-07-06 17:25:00+00:00,validation
MULE,36,4309,2017-06-22 17:26:10+00:00,2017-07-06 17:26:00+00:00,validation
MULE,36,4303,2017-06-27 16:16:48+00:00,2017-07-10 16:16:00+00:00,validation
MULE,36,4295,2017-07-06 03:12:41+00:00,2017-07-20 03:12:00+00:00,validation
MULE,36,4298,2017-07-06 17:46:59+00:00,2017-07-20 17:46:00+00:00,validation
MULE,36,4296,2017-07-11 16:12:33+00:00,2017-07-21 16:12:00+00:00,validation
MULE,36,4293,2017-07-20 17:59:18+00:00,2017-08-03 17:59:00+00:00,validation
MULE,36,4294,2017-07-20 18:25:38+00:00,2017-08-03 18:25:00+00:00,validation
MULE,36,4292,2017-07-24 16:15:22+00:00,2017-08-07 16:15:00+00:00,validation
MULE,36,4290,2017-08-03 03:52:34+00:00,2017-08-17 03:52:00+00:00,validation
MULE,36,4287,2017-08-07 16:15:10+00:00,2017-08-22 16:15:00+00:00,validation
MULE,36,4289,2017-08-16 15:24:30+00:00,2017-08-30 15:24:00+00:00,validation
MULE,36,4284,2017-08-17 18:35:35+00:00,2017-08-31 18:35:00+00:00,validation
MULE,36,4285,2017-08-17 18:36:16+00:00,2017-08-31 18:36:00+00:00,validation
MULE,36,4283,2017-08-22 17:37:27+00:00,2017-09-04 17:37:00+00:00,validation
MULE,36,4282,2017-08-31 17:25:56+00:00,2017-09-14 17:25:00+00:00,validation
MULE,36,4280,2017-08-31 17:26:14+00:00,2017-09-14 17:26:00+00:00,validation
MULE,36,4279,2017-09-04 16:21:12+00:00,2017-09-18 16:21:00+00:00,validation
MULE,36,4277,2017-09-14 17:58:13+00:00,2017-09-28 17:58:00+00:00,validation
MULE,36,4273,2017-09-14 17:58:35+00:00,2017-09-28 17:58:00+00:00,validation
MULE,36,4271,2017-09-18 17:00:02+00:00,2017-10-02 17:00:00+00:00,validation
MULE,36,4272,2017-09-28 17:56:58+00:00,2017-10-12 17:56:00+00:00,validation
MULE,36,4268,2017-09-28 18:49:11+00:00,2017-10-12 18:49:00+00:00,validation
MULE,36,4269,2017-10-02 16:41:42+00:00,2017-10-16 16:41:00+00:00,validation
MULE,36,4267,2017-10-12 19:08:10+00:00,2017-10-26 19:08:00+00:00,validation
MULE,36,4265,2017-10-12 19:09:31+00:00,2017-10-26 19:09:00+00:00,validation
MULE,36,4264,2017-10-17 15:30:18+00:00,2017-10-30 15:30:00+00:00,validation
MULE,36,4260,2017-10-26 16:47:09+00:00,2017-11-09 17:47:00+00:00,validation
MULE,36,4259,2017-10-31 15:35:10+00:00,2017-11-13 16:35:00+00:00,purged
MULE,36,4258,2017-11-09 19:22:50+00:00,2017-11-23 19:22:00+00:00,test
MULE,36,4254,2017-11-09 21:30:34+00:00,2017-11-23 21:30:00+00:00,test
MULE,36,4255,2017-11-13 15:50:38+00:00,2017-11-27 15:50:00+00:00,test
MULE,36,4252,2017-11-24 15:40:13+00:00,2017-12-07 15:40:00+00:00,test
MULE,36,4251,2017-11-24 15:41:06+00:00,2017-12-07 15:41:00+00:00,test
MULE,36,4253,2017-11-27 16:13:25+00:00,2017-12-11 16:13:00+00:00,test
MULE,36,4246,2017-12-07 11:20:44+00:00,2017-12-21 11:20:00+00:00,test
MULE,36,4243,2017-12-12 16:14:27+00:00,2017-12-25 16:14:00+00:00,test
MULE,36,4236,2017-12-20 18:25:55+00:00,2018-01-03 18:25:00+00:00,test
MULE,36,4241,2017-12-21 17:04:12+00:00,2018-01-04 17:04:00+00:00,test
MULE,36,4240,2017-12-26 17:49:44+00:00,2018-01-08 17:49:00+00:00,test
MULE,36,4238,2018-01-03 17:31:14+00:00,2018-01-17 17:31:00+00:00,test
MULE,36,4235,2018-01-04 20:36:50+00:00,2018-01-18 20:36:00+00:00,test
MULE,36,4233,2018-01-09 16:07:39+00:00,2018-01-23 16:07:00+00:00,test
MULE,36,4229,2018-01-18 17:26:34+00:00,2018-02-01 17:26:00+00:00,test
MULE,36,4230,2018-01-22 17:29:58+00:00,2018-02-05 17:29:00+00:00,test
MULE,36,4226,2018-02-14 18:48:30+00:00,2018-02-28 18:48:00+00:00,test
MULE,36,4225,2018-02-14 21:27:56+00:00,2018-02-28 21:27:00+00:00,test
MULE,36,4228,2018-02-14 21:29:02+00:00,2018-02-28 21:29:00+00:00,test
MULE,36,4224,2018-02-28 16:25:56+00:00,2018-03-14 16:25:00+00:00,test
MULE,36,4219,2018-02-28 16:26:42+00:00,2018-03-14 16:26:00+00:00,test
MULE,36,4220,2018-02-28 22:12:00+00:00,2018-03-14 22:00:00+00:00,test
MULE,36,4213,2018-03-14 16:46:44+00:00,2018-03-28 16:46:00+00:00,test
MULE,36,4216,2018-03-15 20:00:00+00:00,2018-03-28 16:20:00+00:00,test
MULE,36,4206,2018-03-28 16:24:27+00:00,2018-04-11 16:24:00+00:00,test
MULE,36,4209,2018-04-03 16:11:27+00:00,2018-04-11 12:31:00+00:00,test
MULE,36,4205,2018-04-11 18:22:00+00:00,2018-04-25 20:22:00+00:00,test
MULE,36,4204,2018-04-11 18:23:00+00:00,2018-04-25 18:22:00+00:00,test
MULE,36,4211,2018-04-11 20:12:32+00:00,2018-04-25 20:12:00+00:00,test
MULE,36,4227,2018-04-26 15:58:46+00:00,2018-05-10 15:58:00+00:00,test
MULE,36,4244,2018-05-09 13:16:00+00:00,2018-05-23 05:16:00+00:00,test
MULE,36,4215,2018-05-23 16:26:10+00:00,2018-06-06 16:26:00+00:00,test
MULE,36,4218,2018-07-04 17:09:30+00:00,2018-07-18 17:09:00+00:00,test
MULE,36,4202,2018-07-18 19:37:32+00:00,2018-08-01 19:37:00+00:00,test
MULE,36,4302,2018-07-19 02:51:36+00:00,2018-08-02 02:51:00+00:00,test
MULE,36,4223,2018-08-15 16:56:24+00:00,2018-08-29 16:56:00+00:00,test
MULE,36,4249,2018-08-29 16:37:50+00:00,2018-09-12 00:15:00+00:00,test
MULE,36,4250,2018-09-12 16:35:25+00:00,2018-09-26 16:35:00+00:00,test
MULE,36,4208,2018-11-07 17:58:57+00:00,2018-11-21 16:58:00+00:00,test
MULE,36,4201,2018-12-05 16:10:05+00:00,2018-12-19 16:10:00+00:00,test
MULE,36,4270,2019-02-14 18:58:48+00:00,2019-02-27 18:58:00+00:00,test
MULE,36,4232,2019-04-24 17:01:48+00:00,2019-05-08 17:01:00+00:00,test
MULE,36,4197,2020-07-01 14:53:36+00:00,2020-07-15 14:53:00+00:00,test
NEXUS,3,262,2013-09-12 20:48:43+00:00,2013-09-25 20:48:00+00:00,train
NEXUS,3,261,2013-09-26 20:28:43+00:00,2013-10-10 20:28:00+00:00,train
NEXUS,3,260,2013-10-10 20:10:24+00:00,2013-10-24 20:10:00+00:00,train
NEXUS,3,259,2013-10-24 21:03:21+00:00,2013-11-07 22:03:00+00:00,train
NEXUS,3,258,2013-11-07 21:13:56+00:00,2013-11-14 21:13:00+00:00,train
NEXUS,3,257,2013-11-14 21:17:20+00:00,2013-11-21 21:17:00+00:00,train
NEXUS,3,256,2013-12-02 21:07:35+00:00,2013-12-16 21:07:00+00:00,train
NEXUS,3,255,2013-12-16 21:12:27+00:00,2013-12-23 21:12:00+00:00,train
NEXUS,3,254,2014-01-20 20:49:24+00:00,2014-02-03 20:49:00+00:00,train
NEXUS,3,253,2014-02-03 21:05:58+00:00,2014-02-17 21:05:00+00:00,train
NEXUS,3,252,2014-02-24 21:10:54+00:00,2014-03-10 20:10:00+00:00,train
NEXUS,3,251,2014-03-10 20:31:44+00:00,2014-03-24 20:31:00+00:00,train
NEXUS,3,250,2014-03-24 20:04:55+00:00,2014-04-07 20:04:00+00:00,train
NEXUS,3,248,2014-04-29 20:37:08+00:00,2014-05-13 18:30:00+00:00,train
NEXUS,3,243,2014-07-22 18:23:45+00:00,2014-08-05 18:00:00+00:00,train
NEXUS,3,242,2014-08-05 20:59:54+00:00,2014-08-19 18:00:00+00:00,train
NEXUS,3,239,2014-09-16 19:44:16+00:00,2014-09-30 18:00:00+00:00,train
NEXUS,3,237,2014-09-30 18:35:37+00:00,2014-10-14 18:00:00+00:00,train
NEXUS,3,236,2014-10-14 18:42:30+00:00,2014-10-28 18:00:00+00:00,train
NEXUS,3,235,2014-10-28 18:37:02+00:00,2014-11-11 19:37:00+00:00,train
NEXUS,3,228,2014-11-11 20:05:21+00:00,2014-11-25 20:05:00+00:00,train
NEXUS,3,234,2014-11-25 19:57:24+00:00,2014-12-09 19:57:00+00:00,train
NEXUS,3,233,2014-12-09 19:42:39+00:00,2014-12-23 19:42:00+00:00,train
NEXUS,3,232,2014-12-23 20:41:51+00:00,2015-01-06 20:41:00+00:00,train
NEXUS,3,231,2015-01-06 19:54:33+00:00,2015-01-20 19:54:00+00:00,train
NEXUS,3,230,2015-01-20 20:46:02+00:00,2015-02-03 20:46:00+00:00,train
NEXUS,3,229,2015-02-03 20:05:54+00:00,2015-02-17 20:05:00+00:00,train
NEXUS,3,227,2015-02-17 20:08:52+00:00,2015-03-03 20:08:00+00:00,train
NEXUS,3,226,2015-03-03 20:06:40+00:00,2015-03-17 18:00:00+00:00,train
NEXUS,3,225,2015-03-17 19:00:40+00:00,2015-03-31 19:00:00+00:00,train
NEXUS,3,222,2015-04-28 19:23:39+00:00,2015-05-12 19:23:00+00:00,train
NEXUS,3,221,2015-05-12 19:44:47+00:00,2015-05-26 19:44:00+00:00,train
NEXUS,3,220,2015-05-26 19:27:04+00:00,2015-06-09 19:27:00+00:00,train
NEXUS,3,219,2015-06-09 19:29:39+00:00,2015-06-23 19:29:00+00:00,train
NEXUS,3,218,2015-06-23 18:47:39+00:00,2015-07-07 18:47:00+00:00,train
NEXUS,3,216,2015-07-07 19:29:56+00:00,2015-07-21 19:29:00+00:00,train
NEXUS,3,215,2015-07-21 19:59:56+00:00,2015-08-04 19:59:00+00:00,train
NEXUS,3,214,2015-08-04 18:41:39+00:00,2015-08-18 18:41:00+00:00,train
NEXUS,3,213,2015-08-18 20:17:29+00:00,2015-09-01 20:17:00+00:00,train
NEXUS,3,212,2015-09-08 19:09:25+00:00,2015-09-15 19:09:00+00:00,train
NEXUS,3,210,2015-09-29 20:04:32+00:00,2015-10-13 20:04:00+00:00,train
NEXUS,3,205,2015-10-13 19:53:01+00:00,2015-10-27 19:53:00+00:00,train
NEXUS,3,209,2015-10-27 20:11:06+00:00,2015-11-10 20:11:00+00:00,train
NEXUS,3,208,2015-11-10 20:36:11+00:00,2015-11-24 20:36:00+00:00,train
NEXUS,3,207,2015-11-24 21:07:53+00:00,2015-12-08 21:07:00+00:00,train
NEXUS,3,206,2015-12-08 20:08:49+00:00,2015-12-22 20:08:00+00:00,train
NEXUS,3,204,2015-12-22 21:10:11+00:00,2016-01-05 21:10:00+00:00,train
NEXUS,3,202,2016-01-05 18:08:24+00:00,2016-01-19 18:08:00+00:00,train
NEXUS,3,203,2016-01-05 20:02:13+00:00,2016-01-19 20:02:00+00:00,train
NEXUS,3,200,2016-01-19 18:12:29+00:00,2016-02-02 18:12:00+00:00,train
NEXUS,3,201,2016-01-19 20:25:03+00:00,2016-02-02 20:25:00+00:00,train
NEXUS,3,198,2016-02-02 18:14:05+00:00,2016-02-16 18:14:00+00:00,train
NEXUS,3,197,2016-02-16 18:28:07+00:00,2016-03-01 18:28:00+00:00,train
NEXUS,3,196,2016-03-01 18:06:28+00:00,2016-03-15 18:06:00+00:00,train
NEXUS,3,195,2016-03-15 17:00:15+00:00,2016-03-29 17:00:00+00:00,train
NEXUS,3,189,2016-04-26 17:10:17+00:00,2016-05-10 17:10:00+00:00,train
NEXUS,3,190,2016-04-26 18:49:59+00:00,2016-05-10 18:49:00+00:00,purged
NEXUS,3,188,2016-05-10 18:31:54+00:00,2016-05-24 18:31:00+00:00,validation
NEXUS,3,172,2016-05-24 18:18:33+00:00,2016-06-07 18:18:00+00:00,validation
NEXUS,3,187,2016-06-09 17:01:32+00:00,2016-06-21 17:01:00+00:00,validation
NEXUS,3,181,2016-08-16 17:48:47+00:00,2016-08-30 17:48:00+00:00,validation
NEXUS,3,180,2016-08-30 18:43:37+00:00,2016-09-13 18:43:00+00:00,validation
NEXUS,3,178,2016-09-27 18:31:13+00:00,2016-10-11 18:31:00+00:00,validation
NEXUS,3,176,2016-10-11 18:27:08+00:00,2016-10-25 18:27:00+00:00,validation
NEXUS,3,174,2016-10-25 18:03:40+00:00,2016-11-08 18:03:00+00:00,validation
NEXUS,3,175,2016-11-08 19:00:43+00:00,2016-11-22 19:00:00+00:00,validation
NEXUS,3,170,2016-11-22 19:20:54+00:00,2016-12-06 19:20:00+00:00,validation
NEXUS,3,171,2016-12-06 17:17:12+00:00,2016-12-20 17:17:00+00:00,validation
NEXUS,3,169,2016-12-20 19:00:52+00:00,2017-01-03 19:00:00+00:00,validation
NEXUS,3,168,2017-01-03 18:27:57+00:00,2017-01-17 18:27:00+00:00,validation
NEXUS,3,167,2017-01-17 18:57:03+00:00,2017-01-31 18:57:00+00:00,validation
NEXUS,3,166,2017-01-31 19:04:11+00:00,2017-02-14 19:04:00+00:00,validation
NEXUS,3,163,2017-02-14 18:57:17+00:00,2017-02-28 18:57:00+00:00,validation
NEXUS,3,161,2017-02-28 19:26:29+00:00,2017-03-14 19:26:00+00:00,validation
NEXUS,3,159,2017-03-14 18:21:54+00:00,2017-03-28 18:21:00+00:00,validation
NEXUS,3,160,2017-03-28 18:30:04+00:00,2017-04-11 18:30:00+00:00,purged
NEXUS,3,158,2017-03-28 18:30:07+00:00,2017-04-11 18:30:00+00:00,test
NEXUS,3,154,2017-04-25 18:01:48+00:00,2017-05-09 18:01:00+00:00,test
NEXUS,3,150,2017-04-25 19:11:25+00:00,2017-05-09 19:11:00+00:00,test
NEXUS,3,152,2017-05-12 17:54:46+00:00,2017-05-23 17:54:00+00:00,test
NEXUS,3,148,2017-05-12 17:55:09+00:00,2017-05-23 17:55:00+00:00,test
NEXUS,3,149,2017-05-12 17:55:27+00:00,2017-05-23 17:55:00+00:00,test
NEXUS,3,140,2017-08-15 21:03:45+00:00,2017-08-29 21:03:00+00:00,test
NEXUS,3,139,2017-08-30 18:37:05+00:00,2017-09-13 18:37:00+00:00,test
NEXUS,3,177,2017-09-12 18:05:46+00:00,2017-09-26 18:05:00+00:00,test
NEXUS,3,133,2017-10-26 15:59:50+00:00,2017-11-07 15:59:00+00:00,test
NEXUS,3,132,2019-06-24 12:46:46+00:00,2019-07-08 12:46:00+00:00,test
NEXUS,3,130,2019-07-22 13:12:44+00:00,2019-08-05 13:12:00+00:00,test
NEXUS,3,129,2019-08-05 12:47:54+00:00,2019-08-19 12:47:00+00:00,test
NEXUS,3,128,2019-09-16 13:15:05+00:00,2019-09-27 13:15:00+00:00,test
NEXUS,3,127,2019-09-30 13:06:18+00:00,2019-10-11 13:06:00+00:00,test
NEXUS,3,125,2019-12-09 14:37:46+00:00,2019-12-20 14:37:00+00:00,test
NEXUS,3,123,2020-01-08 14:09:32+00:00,2020-01-17 14:09:00+00:00,test
NEXUS,3,124,2020-01-20 14:12:57+00:00,2020-01-31 21:00:00+00:00,test
NEXUS,3,122,2020-02-17 14:51:15+00:00,2020-02-28 21:39:00+00:00,test
TIDOC,11,1073,2014-05-12 16:00:00+00:00,2014-05-24 00:00:00+00:00,train
TIDOC,11,1045,2014-05-27 23:00:00+00:00,2014-06-07 00:00:00+00:00,train
TIDOC,11,1072,2014-06-09 23:59:17+00:00,2014-06-21 00:00:00+00:00,train
TIDOC,11,1071,2014-06-23 16:00:44+00:00,2014-07-04 00:00:00+00:00,train
TIDOC,11,1070,2014-07-07 20:38:42+00:00,2014-07-21 20:38:00+00:00,train
TIDOC,11,1068,2014-07-22 15:09:19+00:00,2014-08-05 15:09:00+00:00,train
TIDOC,11,1067,2014-08-04 22:03:37+00:00,2014-08-18 22:03:00+00:00,train
TIDOC,11,1065,2014-08-19 16:00:00+00:00,2014-08-30 00:00:00+00:00,train
TIDOC,11,1064,2014-09-04 19:42:30+00:00,2014-09-13 00:00:00+00:00,train
TIDOC,11,1062,2014-09-29 22:20:44+00:00,2014-10-13 22:20:00+00:00,train
TIDOC,11,1056,2014-10-14 14:03:52+00:00,2014-10-28 14:03:00+00:00,train
TIDOC,11,1060,2014-11-10 22:19:53+00:00,2014-11-22 01:00:00+00:00,train
TIDOC,11,1059,2014-11-25 14:40:49+00:00,2014-12-08 01:00:00+00:00,train
TIDOC,11,1058,2014-12-08 23:49:28+00:00,2014-12-22 23:49:00+00:00,train
TIDOC,11,1057,2015-01-03 01:00:00+00:00,2015-01-17 01:00:00+00:00,train
TIDOC,11,1055,2015-01-17 01:00:00+00:00,2015-01-31 01:00:00+00:00,train
TIDOC,11,1054,2015-01-31 01:00:50+00:00,2015-02-14 01:00:00+00:00,train
TIDOC,11,1052,2015-02-28 15:59:22+00:00,2015-03-14 00:00:00+00:00,train
TIDOC,11,1051,2015-03-14 14:01:24+00:00,2015-03-28 00:00:00+00:00,train
TIDOC,11,1050,2015-03-30 16:00:31+00:00,2015-04-11 00:00:00+00:00,train
TIDOC,11,1049,2015-04-13 16:00:59+00:00,2015-04-25 01:00:00+00:00,train
TIDOC,11,1048,2015-04-27 16:00:30+00:00,2015-05-09 00:00:00+00:00,train
TIDOC,11,1047,2015-05-09 00:00:55+00:00,2015-05-23 00:00:00+00:00,train
TIDOC,11,1046,2015-05-26 16:00:09+00:00,2015-06-13 00:00:00+00:00,train
TIDOC,11,1044,2015-06-06 00:00:29+00:00,2015-06-20 00:00:00+00:00,train
TIDOC,11,1043,2015-06-22 16:00:47+00:00,2015-07-02 00:00:00+00:00,train
TIDOC,11,1042,2015-07-06 15:00:21+00:00,2015-07-18 00:00:00+00:00,train
TIDOC,11,1041,2015-07-20 16:00:56+00:00,2015-08-01 00:00:00+00:00,train
TIDOC,11,1040,2015-08-04 04:00:00+00:00,2015-08-15 00:00:00+00:00,train
TIDOC,11,1039,2015-08-17 16:00:58+00:00,2015-08-29 00:00:00+00:00,train
TIDOC,11,1037,2015-09-14 16:00:03+00:00,2015-09-24 00:00:00+00:00,train
TIDOC,11,1036,2015-10-08 20:39:46+00:00,2015-10-10 00:00:00+00:00,train
TIDOC,11,1035,2015-10-12 16:00:21+00:00,2015-10-24 00:00:00+00:00,train
TIDOC,11,1023,2016-03-28 04:03:55+00:00,2016-04-08 04:03:00+00:00,train
TIDOC,11,1031,2016-08-25 17:02:56+00:00,2016-09-08 17:02:00+00:00,train
TIDOC,11,1029,2016-08-25 17:03:56+00:00,2016-09-08 17:03:00+00:00,train
TIDOC,11,1027,2016-08-25 17:04:34+00:00,2016-09-08 17:04:00+00:00,train
TIDOC,11,1024,2016-08-25 17:05:08+00:00,2016-09-08 17:05:00+00:00,train
TIDOC,11,1022,2016-08-25 17:05:37+00:00,2016-09-08 17:05:00+00:00,train
TIDOC,11,1015,2016-08-25 17:06:31+00:00,2016-09-08 17:06:00+00:00,train
TIDOC,11,1020,2016-08-25 17:06:59+00:00,2016-09-08 17:06:00+00:00,train
TIDOC,11,1018,2016-08-25 17:07:20+00:00,2016-09-08 17:07:00+00:00,train
TIDOC,11,1016,2016-08-25 17:07:47+00:00,2016-09-08 17:07:00+00:00,train
TIDOC,11,1008,2016-09-03 20:23:00+00:00,2016-09-09 20:23:00+00:00,train
TIDOC,11,1006,2016-09-09 21:11:51+00:00,2016-09-16 21:11:00+00:00,train
TIDOC,11,1005,2016-09-16 21:57:09+00:00,2016-09-23 21:57:00+00:00,train
TIDOC,11,1001,2016-10-07 21:58:31+00:00,2016-10-14 21:58:00+00:00,train
TIDOC,11,999,2016-10-14 21:18:30+00:00,2016-10-21 21:18:00+00:00,train
TIDOC,11,998,2016-10-21 20:45:46+00:00,2016-10-28 20:45:00+00:00,train
TIDOC,11,996,2016-10-31 16:31:13+00:00,2016-11-04 21:00:00+00:00,train
TIDOC,11,995,2016-11-04 21:34:22+00:00,2016-11-11 22:00:00+00:00,train
TIDOC,11,994,2016-11-11 22:45:29+00:00,2016-11-18 22:45:00+00:00,train
TIDOC,11,993,2016-11-28 16:58:04+00:00,2016-12-16 21:00:00+00:00,train
TIDOC,11,992,2016-12-02 22:04:13+00:00,2016-12-09 22:04:00+00:00,train
TIDOC,11,985,2016-12-09 22:00:55+00:00,2016-12-16 22:00:00+00:00,train
TIDOC,11,991,2017-01-03 18:31:14+00:00,2017-01-20 22:00:00+00:00,train
TIDOC,11,989,2017-01-06 23:08:24+00:00,2017-01-13 23:08:00+00:00,train
TIDOC,11,988,2017-01-13 22:30:20+00:00,2017-01-20 22:30:00+00:00,train
TIDOC,11,987,2017-01-20 20:05:13+00:00,2017-02-03 20:05:00+00:00,train
TIDOC,11,990,2017-01-30 20:47:00+00:00,2017-02-03 20:47:00+00:00,train
TIDOC,11,986,2017-01-30 20:48:00+00:00,2017-02-03 20:48:00+00:00,train
TIDOC,11,984,2017-02-03 22:26:03+00:00,2017-02-10 22:26:00+00:00,train
TIDOC,11,983,2017-02-10 20:46:08+00:00,2017-02-16 20:46:00+00:00,train
TIDOC,11,982,2017-02-16 21:41:15+00:00,2017-02-24 21:41:00+00:00,train
TIDOC,11,981,2017-02-24 22:07:56+00:00,2017-03-03 22:07:00+00:00,train
TIDOC,11,979,2017-03-03 21:05:09+00:00,2017-03-10 22:05:00+00:00,train
TIDOC,11,976,2017-03-10 22:21:39+00:00,2017-03-17 22:21:00+00:00,train
TIDOC,11,975,2017-03-20 16:29:34+00:00,2017-03-24 16:29:00+00:00,train
TIDOC,11,978,2017-03-24 19:42:46+00:00,2017-03-31 19:42:00+00:00,train
TIDOC,11,973,2017-04-07 20:19:42+00:00,2017-04-13 20:19:00+00:00,train
TIDOC,11,972,2017-04-17 18:22:37+00:00,2017-04-21 18:22:00+00:00,train
TIDOC,11,971,2017-04-21 21:18:02+00:00,2017-04-28 19:00:00+00:00,train
TIDOC,11,969,2017-04-28 17:56:11+00:00,2017-05-05 17:56:00+00:00,train
TIDOC,11,970,2017-05-05 20:00:14+00:00,2017-05-12 20:00:00+00:00,train
TIDOC,11,968,2017-05-12 21:01:56+00:00,2017-05-19 21:01:00+00:00,train
TIDOC,11,967,2017-05-22 15:14:46+00:00,2017-05-26 15:14:00+00:00,train
TIDOC,11,965,2017-05-30 13:34:45+00:00,2017-06-02 13:34:00+00:00,train
TIDOC,11,964,2017-06-02 21:45:52+00:00,2017-06-09 21:45:00+00:00,train
TIDOC,11,962,2017-06-09 21:27:19+00:00,2017-06-16 21:27:00+00:00,train
TIDOC,11,959,2017-06-16 21:59:21+00:00,2017-06-23 21:59:00+00:00,train
TIDOC,11,961,2017-06-26 17:55:39+00:00,2017-06-30 17:55:00+00:00,train
TIDOC,11,960,2017-07-05 19:56:00+00:00,2017-07-14 19:56:00+00:00,train
TIDOC,11,958,2017-07-21 20:37:58+00:00,2017-07-28 20:37:00+00:00,train
TIDOC,11,957,2017-07-28 22:29:15+00:00,2017-08-04 22:29:00+00:00,train
TIDOC,11,954,2017-08-04 19:58:35+00:00,2017-08-11 19:58:00+00:00,train
TIDOC,11,955,2017-08-13 23:08:07+00:00,2017-08-27 23:08:00+00:00,train
TIDOC,11,963,2017-08-15 20:18:37+00:00,2017-08-18 20:18:00+00:00,train
TIDOC,11,953,2017-09-08 19:54:30+00:00,2017-09-15 19:54:00+00:00,train
TIDOC,11,952,2017-09-18 17:16:45+00:00,2017-09-22 17:16:00+00:00,train
TIDOC,11,950,2017-09-29 20:43:37+00:00,2017-10-06 20:43:00+00:00,train
TIDOC,11,949,2017-10-06 20:29:53+00:00,2017-10-13 20:29:00+00:00,train
TIDOC,11,948,2017-10-13 21:40:08+00:00,2017-10-20 21:40:00+00:00,train
TIDOC,11,946,2017-10-20 20:38:34+00:00,2017-10-27 20:38:00+00:00,train
TIDOC,11,947,2017-10-27 20:51:04+00:00,2017-11-03 20:51:00+00:00,train
TIDOC,11,943,2017-11-03 22:06:40+00:00,2017-11-10 22:06:00+00:00,validation
TIDOC,11,944,2017-11-10 21:46:07+00:00,2017-11-17 21:46:00+00:00,validation
TIDOC,11,941,2017-11-27 18:55:17+00:00,2017-12-01 18:55:00+00:00,validation
TIDOC,11,940,2017-12-01 21:44:01+00:00,2017-12-08 21:44:00+00:00,validation
TIDOC,11,938,2017-12-08 22:26:21+00:00,2017-12-15 22:26:00+00:00,validation
TIDOC,11,939,2017-12-18 16:33:56+00:00,2017-12-22 16:33:00+00:00,validation
TIDOC,11,937,2018-01-02 18:31:22+00:00,2018-01-05 18:31:00+00:00,validation
TIDOC,11,936,2018-01-05 21:31:14+00:00,2018-01-12 21:31:00+00:00,validation
TIDOC,11,935,2018-01-12 21:02:17+00:00,2018-01-19 21:02:00+00:00,validation
TIDOC,11,934,2018-01-19 21:13:21+00:00,2018-01-26 21:13:00+00:00,validation
TIDOC,11,933,2018-01-26 20:35:52+00:00,2018-02-02 20:35:00+00:00,validation
TIDOC,11,929,2018-02-12 21:59:28+00:00,2018-02-16 21:59:00+00:00,validation
TIDOC,11,931,2018-02-16 22:08:54+00:00,2018-02-23 22:08:00+00:00,validation
TIDOC,11,930,2018-02-23 22:52:20+00:00,2018-03-02 22:52:00+00:00,validation
TIDOC,11,942,2018-03-12 15:30:21+00:00,2018-03-16 15:30:00+00:00,validation
TIDOC,11,927,2018-03-16 21:23:20+00:00,2018-03-23 21:23:00+00:00,validation
TIDOC,11,923,2018-04-27 18:55:07+00:00,2018-05-04 18:55:00+00:00,validation
TIDOC,11,921,2018-05-07 00:03:22+00:00,2018-05-21 00:03:00+00:00,validation
TIDOC,11,920,2018-05-25 20:23:41+00:00,2018-06-01 20:23:00+00:00,validation
TIDOC,11,918,2018-06-01 20:41:15+00:00,2018-06-08 20:41:00+00:00,validation
TIDOC,11,917,2018-06-11 17:38:20+00:00,2018-06-15 17:38:00+00:00,validation
TIDOC,11,915,2018-06-15 21:10:59+00:00,2018-06-22 21:10:00+00:00,validation
TIDOC,11,911,2018-07-09 16:07:13+00:00,2018-07-27 16:07:00+00:00,validation
TIDOC,11,912,2018-07-16 15:16:45+00:00,2018-07-20 15:16:00+00:00,validation
TIDOC,11,910,2018-07-30 16:39:49+00:00,2018-08-03 16:39:00+00:00,validation
TIDOC,11,909,2018-08-03 20:48:12+00:00,2018-08-10 20:48:00+00:00,validation
TIDOC,11,908,2018-08-10 20:33:36+00:00,2018-08-17 20:33:00+00:00,validation
TIDOC,11,907,2018-08-17 21:12:33+00:00,2018-08-24 21:12:00+00:00,validation
TIDOC,11,906,2018-08-24 22:14:51+00:00,2018-08-31 22:14:00+00:00,validation
TIDOC,11,902,2018-09-24 16:09:43+00:00,2018-09-28 16:09:00+00:00,validation
TIDOC,11,898,2018-11-09 20:55:03+00:00,2018-11-16 20:55:00+00:00,validation
TIDOC,11,896,2018-11-27 21:55:57+00:00,2018-11-30 21:55:00+00:00,test
TIDOC,11,897,2018-11-30 21:01:48+00:00,2018-12-07 21:01:00+00:00,test
TIDOC,11,895,2018-12-11 16:35:00+00:00,2018-12-14 16:35:00+00:00,test
TIDOC,11,894,2018-12-14 22:08:19+00:00,2018-12-21 22:08:00+00:00,test
TIDOC,11,893,2019-01-04 21:16:00+00:00,2019-01-11 21:15:00+00:00,test
TIDOC,11,892,2019-01-11 21:49:53+00:00,2019-01-18 21:49:00+00:00,test
TIDOC,11,891,2019-02-04 17:35:32+00:00,2019-02-08 17:35:00+00:00,test
TIDOC,11,887,2019-02-15 21:39:25+00:00,2019-02-22 21:39:00+00:00,test
TIDOC,11,886,2019-03-01 21:17:12+00:00,2019-03-08 21:17:00+00:00,test
TIDOC,11,888,2019-03-08 21:05:45+00:00,2019-03-15 21:05:00+00:00,test
TIDOC,11,885,2019-03-15 20:37:20+00:00,2019-03-22 20:37:00+00:00,test
TIDOC,11,884,2019-03-29 21:05:54+00:00,2019-04-05 21:05:00+00:00,test
TIDOC,11,883,2019-04-05 20:32:25+00:00,2019-04-12 20:32:00+00:00,test
TIDOC,11,882,2019-04-12 21:23:22+00:00,2019-04-19 21:23:00+00:00,test
TIDOC,11,881,2019-04-19 21:04:26+00:00,2019-04-26 21:04:00+00:00,test
TIDOC,11,880,2019-04-29 15:49:59+00:00,2019-05-03 15:49:00+00:00,test
TIDOC,11,997,2019-05-03 21:50:14+00:00,2019-05-10 21:50:00+00:00,test
TIDOC,11,879,2019-05-10 21:14:55+00:00,2019-05-17 21:14:00+00:00,test
TIDOC,11,877,2019-05-24 22:13:32+00:00,2019-05-31 22:13:00+00:00,test
TIDOC,11,878,2019-05-30 21:05:20+00:00,2019-06-06 21:05:00+00:00,test
TIDOC,11,876,2019-06-07 20:56:59+00:00,2019-06-14 20:56:00+00:00,test
TIDOC,11,873,2019-06-17 15:21:50+00:00,2019-06-21 15:21:00+00:00,test
TIDOC,11,874,2019-06-21 20:11:43+00:00,2019-06-28 20:11:00+00:00,test
TIDOC,11,871,2019-06-28 20:04:42+00:00,2019-07-02 20:04:00+00:00,test
TIDOC,11,980,2019-07-09 20:47:00+00:00,2019-07-12 20:47:00+00:00,test
TIDOC,11,870,2019-07-12 20:47:57+00:00,2019-07-19 20:47:00+00:00,test
TIDOC,11,890,2019-07-22 14:06:20+00:00,2019-07-26 14:06:00+00:00,test
TIDOC,11,867,2019-08-12 16:17:00+00:00,2019-08-16 16:17:00+00:00,test
TIDOC,11,866,2019-08-16 21:07:10+00:00,2019-08-23 21:07:00+00:00,test
TIDOC,11,865,2019-08-23 21:44:19+00:00,2019-08-29 21:44:00+00:00,test
TIDOC,11,864,2019-09-03 18:30:00+00:00,2019-09-06 18:30:00+00:00,test
TIDOC,11,863,2019-09-16 16:08:19+00:00,2019-09-20 16:08:00+00:00,test
TIMOB,12,4970,2012-11-07 23:26:41+00:00,2012-11-20 01:59:00+00:00,train
TIMOB,12,4969,2012-11-21 03:07:35+00:00,2012-12-04 03:07:35+00:00,train
TIMOB,12,4968,2012-12-10 22:00:07+00:00,2012-12-17 22:01:07+00:00,train
TIMOB,12,4967,2012-12-19 16:45:47+00:00,2013-01-02 16:45:47+00:00,train
TIMOB,12,4956,2013-01-14 18:21:00+00:00,2013-01-28 18:21:00+00:00,train
TIMOB,12,4965,2013-02-04 19:45:10+00:00,2013-02-11 19:44:10+00:00,train
TIMOB,12,4962,2013-08-13 23:48:00+00:00,2013-08-23 23:48:00+00:00,train
TIMOB,12,4959,2013-11-04 23:11:22+00:00,2013-11-16 04:11:00+00:00,train
TIMOB,12,4958,2013-11-19 19:13:37+00:00,2013-12-01 19:13:37+00:00,train
TIMOB,12,4957,2013-12-02 22:12:56+00:00,2013-12-15 22:12:56+00:00,train
TIMOB,12,4952,2014-05-12 15:00:00+00:00,2014-05-23 23:00:00+00:00,train
TIMOB,12,4949,2014-05-27 15:30:27+00:00,2014-06-07 00:30:00+00:00,train
TIMOB,12,4950,2014-05-27 20:43:32+00:00,2014-06-06 23:00:00+00:00,train
TIMOB,12,4948,2014-06-09 20:51:17+00:00,2014-06-20 23:00:00+00:00,train
TIMOB,12,4947,2014-06-12 19:52:40+00:00,2014-06-20 23:00:00+00:00,train
TIMOB,12,4934,2014-06-23 20:55:21+00:00,2014-07-03 23:00:00+00:00,train
TIMOB,12,4946,2014-06-23 22:44:05+00:00,2014-07-03 23:00:00+00:00,train
TIMOB,12,4945,2014-07-07 20:48:52+00:00,2014-07-18 23:00:00+00:00,train
TIMOB,12,4943,2014-07-07 20:56:44+00:00,2014-07-18 23:00:00+00:00,train
TIMOB,12,4939,2014-07-21 20:56:32+00:00,2014-08-01 23:00:00+00:00,train
TIMOB,12,4942,2014-07-21 21:15:26+00:00,2014-08-01 23:00:00+00:00,train
TIMOB,12,4941,2014-08-04 21:09:19+00:00,2014-08-14 23:00:00+00:00,train
TIMOB,12,4940,2014-08-21 21:07:00+00:00,2014-08-29 23:00:00+00:00,train
TIMOB,12,4938,2014-08-21 21:08:00+00:00,2014-08-29 23:00:00+00:00,train
TIMOB,12,4936,2014-09-02 19:24:55+00:00,2014-09-12 23:00:00+00:00,train
TIMOB,12,4937,2014-09-02 21:56:57+00:00,2014-09-12 23:00:00+00:00,train
TIMOB,12,4935,2014-09-15 19:19:34+00:00,2014-09-26 23:00:00+00:00,train
TIMOB,12,4933,2014-09-18 20:06:28+00:00,2014-09-26 23:00:00+00:00,train
TIMOB,12,4932,2014-09-29 21:32:25+00:00,2014-10-13 17:25:00+00:00,train
TIMOB,12,4931,2014-09-29 21:38:08+00:00,2014-10-13 22:19:00+00:00,train
TIMOB,12,4929,2014-10-13 21:00:57+00:00,2014-10-24 23:00:00+00:00,train
TIMOB,12,4927,2014-10-27 15:59:36+00:00,2014-11-08 02:30:00+00:00,train
TIMOB,12,4930,2014-10-27 20:31:23+00:00,2014-11-08 01:00:00+00:00,train
TIMOB,12,4928,2014-10-27 22:25:43+00:00,2014-11-08 01:00:00+00:00,train
TIMOB,12,4924,2014-11-10 21:34:40+00:00,2014-11-22 01:00:00+00:00,train
TIMOB,12,4925,2014-11-10 22:56:45+00:00,2014-11-22 01:00:00+00:00,train
TIMOB,12,4923,2014-11-24 17:45:54+00:00,2014-12-06 02:47:00+00:00,train
TIMOB,12,4922,2014-11-24 22:28:25+00:00,2014-12-06 01:00:00+00:00,train
TIMOB,12,4921,2014-12-08 17:30:22+00:00,2014-12-20 02:30:00+00:00,train
TIMOB,12,4920,2014-12-08 22:49:31+00:00,2014-12-22 01:00:00+00:00,train
TIMOB,12,4917,2015-01-03 01:00:00+00:00,2015-01-17 01:00:00+00:00,train
TIMOB,12,4918,2015-01-03 17:30:00+00:00,2015-01-17 01:00:00+00:00,train
TIMOB,12,4919,2015-01-04 01:00:00+00:00,2015-01-17 01:00:00+00:00,train
TIMOB,12,4915,2015-01-17 01:00:17+00:00,2015-01-31 01:00:00+00:00,train
TIMOB,12,4913,2015-01-17 01:00:51+00:00,2015-01-31 01:00:00+00:00,train
TIMOB,12,4916,2015-01-17 02:00:00+00:00,2015-01-31 01:00:00+00:00,train
TIMOB,12,4910,2015-01-31 01:00:00+00:00,2015-02-14 01:00:00+00:00,train
TIMOB,12,4909,2015-01-31 01:00:05+00:00,2015-02-14 01:00:00+00:00,train
TIMOB,12,4911,2015-01-31 03:56:17+00:00,2015-02-14 02:30:00+00:00,train
TIMOB,12,4907,2015-02-14 01:00:07+00:00,2015-02-28 01:00:00+00:00,train
TIMOB,12,4908,2015-02-14 01:00:53+00:00,2015-03-01 01:00:00+00:00,train
TIMOB,12,4906,2015-02-14 02:34:21+00:00,2015-02-28 02:34:00+00:00,train
TIMOB,12,4814,2015-02-28 15:50:09+00:00,2015-03-14 00:00:00+00:00,train
TIMOB,12,4905,2015-02-28 15:56:04+00:00,2015-03-14 00:00:00+00:00,train
TIMOB,12,4904,2015-02-28 16:04:51+00:00,2015-03-14 00:00:00+00:00,train
TIMOB,12,4903,2015-03-14 13:52:27+00:00,2015-03-28 00:00:00+00:00,train
TIMOB,12,4902,2015-03-14 13:56:54+00:00,2015-03-28 00:00:00+00:00,train
TIMOB,12,4901,2015-03-14 13:58:11+00:00,2015-03-28 00:00:00+00:00,train
TIMOB,12,4900,2015-03-28 00:00:13+00:00,2015-04-10 23:00:00+00:00,train
TIMOB,12,4898,2015-03-28 00:00:54+00:00,2015-04-24 23:00:00+00:00,train
TIMOB,12,4899,2015-03-29 04:00:59+00:00,2015-04-25 02:59:00+00:00,train
TIMOB,12,4895,2015-04-10 15:22:00+00:00,2015-04-24 23:00:00+00:00,train
TIMOB,12,4897,2015-04-10 23:00:50+00:00,2015-04-24 11:00:00+00:00,train
TIMOB,12,4896,2015-04-12 03:01:21+00:00,2015-04-26 02:59:00+00:00,train
TIMOB,12,4890,2015-04-24 23:00:00+00:00,2015-05-08 23:00:00+00:00,train
TIMOB,12,4894,2015-04-26 04:00:09+00:00,2015-05-10 02:59:00+00:00,train
TIMOB,12,4888,2015-05-08 23:00:32+00:00,2015-05-22 23:00:00+00:00,train
TIMOB,12,4887,2015-05-08 23:00:53+00:00,2015-05-22 23:00:00+00:00,train
TIMOB,12,4889,2015-05-10 04:00:04+00:00,2015-05-24 02:59:00+00:00,train
TIMOB,12,4886,2015-05-22 23:00:08+00:00,2015-06-05 23:00:00+00:00,train
TIMOB,12,4885,2015-05-23 02:59:00+00:00,2015-06-06 02:59:00+00:00,train
TIMOB,12,4884,2015-06-05 23:00:44+00:00,2015-06-19 23:00:00+00:00,train
TIMOB,12,4883,2015-06-07 00:15:20+00:00,2015-06-21 00:15:00+00:00,train
TIMOB,12,4880,2015-06-20 22:02:44+00:00,2015-07-04 22:02:00+00:00,train
TIMOB,12,4879,2015-06-23 04:39:59+00:00,2015-07-03 23:30:00+00:00,train
TIMOB,12,4881,2015-07-04 00:00:23+00:00,2015-07-18 00:00:00+00:00,train
TIMOB,12,4878,2015-07-06 03:01:53+00:00,2015-07-19 02:59:00+00:00,train
TIMOB,12,4875,2015-07-17 23:30:29+00:00,2015-07-31 23:30:00+00:00,train
TIMOB,12,4876,2015-07-20 03:01:12+00:00,2015-08-02 02:59:00+00:00,train
TIMOB,12,4874,2015-07-20 15:26:20+00:00,2015-08-08 00:26:00+00:00,train
TIMOB,12,4872,2015-07-31 23:30:05+00:00,2015-08-14 23:30:00+00:00,train
TIMOB,12,4873,2015-08-03 03:01:41+00:00,2015-08-15 02:59:00+00:00,train
TIMOB,12,4868,2015-08-14 23:30:59+00:00,2015-08-28 23:30:00+00:00,train
TIMOB,12,4870,2015-08-15 03:01:00+00:00,2015-08-29 02:59:00+00:00,train
TIMOB,12,4869,2015-08-17 15:09:50+00:00,2015-08-29 00:09:00+00:00,train
TIMOB,12,4866,2015-08-28 23:30:25+00:00,2015-09-11 23:30:00+00:00,train
TIMOB,12,4867,2015-08-30 03:01:00+00:00,2015-09-12 02:59:00+00:00,train
TIMOB,12,4865,2015-08-31 14:59:22+00:00,2015-09-11 23:59:00+00:00,train
TIMOB,12,4864,2015-09-11 23:30:30+00:00,2015-09-25 23:30:00+00:00,train
TIMOB,12,4862,2015-09-13 03:01:58+00:00,2015-09-26 02:59:00+00:00,train
TIMOB,12,4860,2015-09-25 23:29:20+00:00,2015-10-09 23:29:00+00:00,train
TIMOB,12,4857,2015-10-09 23:32:18+00:00,2015-10-23 23:32:00+00:00,train
TIMOB,12,4858,2015-10-12 20:15:57+00:00,2015-10-24 00:15:00+00:00,train
TIMOB,12,4854,2015-10-23 23:30:42+00:00,2015-11-07 01:30:00+00:00,train
TIMOB,12,4855,2015-10-26 16:54:38+00:00,2015-11-07 02:54:00+00:00,train
TIMOB,12,4851,2015-11-07 01:30:16+00:00,2015-11-21 01:30:00+00:00,train
TIMOB,12,4852,2015-11-10 23:44:28+00:00,2015-11-21 02:44:00+00:00,train
TIMOB,12,4828,2015-11-21 01:30:13+00:00,2015-12-05 01:30:00+00:00,train
TIMOB,12,4856,2015-11-23 20:23:31+00:00,2015-12-05 02:23:00+00:00,train
TIMOB,12,4850,2015-12-05 01:30:40+00:00,2015-12-19 01:30:00+00:00,train
TIMOB,12,4859,2015-12-07 18:48:43+00:00,2015-12-19 03:48:00+00:00,train
TIMOB,12,4765,2015-12-08 05:48:27+00:00,2015-12-21 17:48:00+00:00,train
TIMOB,12,4849,2015-12-19 01:30:24+00:00,2016-01-02 01:30:00+00:00,train
TIMOB,12,4847,2016-01-02 01:31:50+00:00,2016-01-16 01:31:00+00:00,train
TIMOB,12,4848,2016-01-04 21:10:00+00:00,2016-01-15 21:10:00+00:00,train
TIMOB,12,4846,2016-01-16 01:30:40+00:00,2016-01-30 01:30:00+00:00,train
TIMOB,12,4845,2016-02-13 01:31:30+00:00,2016-02-27 01:31:00+00:00,train
TIMOB,12,4842,2016-02-13 01:33:48+00:00,2016-02-27 01:33:00+00:00,train
TIMOB,12,4840,2016-02-27 01:30:43+00:00,2016-03-12 01:30:00+00:00,train
TIMOB,12,4839,2016-03-12 01:30:46+00:00,2016-03-26 00:30:00+00:00,train
TIMOB,12,4837,2016-03-12 01:31:00+00:00,2016-03-26 00:30:00+00:00,train
TIMOB,12,4836,2016-03-26 00:38:56+00:00,2016-04-08 23:38:00+00:00,train
TIMOB,12,4944,2016-03-26 00:40:49+00:00,2016-04-08 23:40:00+00:00,train
TIMOB,12,4838,2016-03-28 03:03:55+00:00,2016-04-08 03:03:00+00:00,train
TIMOB,12,4834,2016-04-08 23:30:04+00:00,2016-04-22 23:30:00+00:00,train
TIMOB,12,4819,2016-04-08 23:30:18+00:00,2016-04-22 23:30:00+00:00,train
TIMOB,12,4835,2016-04-22 23:30:13+00:00,2016-05-06 23:30:00+00:00,train
TIMOB,12,4832,2016-04-22 23:39:45+00:00,2016-05-06 23:39:00+00:00,train
TIMOB,12,4831,2016-05-06 23:43:57+00:00,2016-05-20 23:43:00+00:00,train
TIMOB,12,4833,2016-05-06 23:55:11+00:00,2016-05-20 23:55:00+00:00,train
TIMOB,12,4830,2016-05-20 23:06:10+00:00,2016-06-03 23:06:00+00:00,train
TIMOB,12,4829,2016-06-03 23:30:29+00:00,2016-06-17 23:30:00+00:00,train
TIMOB,12,4779,2016-06-17 23:25:17+00:00,2016-07-01 23:25:00+00:00,train
TIMOB,12,4827,2016-06-17 23:27:06+00:00,2016-07-02 03:27:00+00:00,train
TIMOB,12,4824,2016-07-01 23:25:58+00:00,2016-07-15 23:25:00+00:00,train
TIMOB,12,4825,2016-07-01 23:26:00+00:00,2016-07-15 23:26:00+00:00,train
TIMOB,12,4823,2016-07-15 23:19:14+00:00,2016-07-29 23:19:00+00:00,train
TIMOB,12,4822,2016-07-15 23:19:21+00:00,2016-07-29 23:19:00+00:00,train
TIMOB,12,4821,2016-07-29 23:40:03+00:00,2016-08-12 23:40:00+00:00,train
TIMOB,12,4820,2016-07-29 23:42:22+00:00,2016-08-12 23:42:00+00:00,train
TIMOB,12,4818,2016-08-12 23:00:17+00:00,2016-08-26 23:00:00+00:00,train
TIMOB,12,4817,2016-08-12 23:01:26+00:00,2016-08-26 23:01:00+00:00,train
TIMOB,12,4816,2016-08-26 23:16:26+00:00,2016-09-09 23:16:00+00:00,train
TIMOB,12,4815,2016-08-26 23:18:37+00:00,2016-09-09 23:18:00+00:00,train
TIMOB,12,4813,2016-09-09 23:17:15+00:00,2016-09-23 23:17:00+00:00,train
TIMOB,12,4812,2016-09-09 23:25:31+00:00,2016-09-23 23:25:00+00:00,train
TIMOB,12,4811,2016-09-28 15:50:17+00:00,2016-10-12 15:50:00+00:00,purged
TIMOB,12,4810,2016-09-29 13:46:17+00:00,2016-10-13 13:46:00+00:00,purged
TIMOB,12,4808,2016-10-07 23:53:00+00:00,2016-10-21 23:53:00+00:00,validation
TIMOB,12,4809,2016-10-07 23:54:00+00:00,2016-10-21 23:54:00+00:00,validation
TIMOB,12,4789,2016-10-21 23:02:30+00:00,2016-11-05 00:02:00+00:00,validation
TIMOB,12,4807,2016-10-21 23:20:00+00:00,2016-11-05 00:19:00+00:00,validation
TIMOB,12,4805,2016-11-05 00:39:37+00:00,2016-11-19 01:39:00+00:00,validation
TIMOB,12,4806,2016-11-05 00:40:36+00:00,2016-11-19 01:40:00+00:00,validation
TIMOB,12,4804,2016-11-19 01:32:07+00:00,2016-12-03 01:32:00+00:00,validation
TIMOB,12,4802,2016-12-03 01:53:07+00:00,2016-12-17 01:53:00+00:00,validation
TIMOB,12,4800,2016-12-17 01:24:58+00:00,2016-12-31 01:24:00+00:00,validation
TIMOB,12,4782,2016-12-31 02:15:33+00:00,2017-01-14 02:15:00+00:00,validation
TIMOB,12,4798,2017-01-15 00:00:42+00:00,2017-01-29 00:00:00+00:00,validation
TIMOB,12,4799,2017-01-15 00:01:58+00:00,2017-01-29 00:01:00+00:00,validation
TIMOB,12,4797,2017-01-28 21:12:30+00:00,2017-02-12 21:12:00+00:00,validation
TIMOB,12,4794,2017-02-12 23:36:01+00:00,2017-02-26 23:36:00+00:00,validation
TIMOB,12,4796,2017-02-12 23:40:44+00:00,2017-02-26 23:40:00+00:00,validation
TIMOB,12,4791,2017-02-26 17:39:21+00:00,2017-03-12 17:39:00+00:00,validation
TIMOB,12,4790,2017-03-12 19:14:58+00:00,2017-03-26 18:14:00+00:00,validation
TIMOB,12,4793,2017-03-26 21:01:38+00:00,2017-04-09 21:01:00+00:00,validation
TIMOB,12,4787,2017-04-10 14:40:31+00:00,2017-04-24 14:40:00+00:00,validation
TIMOB,12,4783,2017-04-23 20:46:54+00:00,2017-05-07 20:46:00+00:00,validation
TIMOB,12,4780,2017-05-07 23:27:50+00:00,2017-05-21 23:27:00+00:00,validation
TIMOB,12,4778,2017-05-22 01:41:18+00:00,2017-06-05 01:41:00+00:00,validation
TIMOB,12,4777,2017-06-04 23:15:46+00:00,2017-06-18 23:15:00+00:00,validation
TIMOB,12,4772,2017-06-18 15:15:18+00:00,2017-07-02 15:15:00+00:00,validation
TIMOB,12,4771,2017-07-02 15:29:41+00:00,2017-07-16 15:29:00+00:00,validation
TIMOB,12,4768,2017-07-16 13:40:47+00:00,2017-07-30 13:40:00+00:00,validation
TIMOB,12,4767,2017-07-30 15:17:10+00:00,2017-08-13 15:17:00+00:00,validation
TIMOB,12,4766,2017-08-13 22:08:07+00:00,2017-08-27 22:08:00+00:00,validation
TIMOB,12,4764,2017-08-13 22:08:29+00:00,2017-08-27 22:08:00+00:00,validation
TIMOB,12,4763,2017-08-27 20:14:41+00:00,2017-09-10 20:14:00+00:00,validation
TIMOB,12,4760,2017-09-10 20:24:52+00:00,2017-09-24 20:24:00+00:00,validation
TIMOB,12,4759,2017-09-24 16:50:18+00:00,2017-10-08 16:50:00+00:00,validation
TIMOB,12,4756,2017-10-22 20:44:00+00:00,2017-11-05 22:43:00+00:00,validation
TIMOB,12,4746,2018-02-12 04:23:02+00:00,2018-02-26 04:23:00+00:00,validation
TIMOB,12,4757,2018-02-12 04:25:17+00:00,2018-02-26 04:25:00+00:00,validation
TIMOB,12,4745,2018-02-25 19:38:09+00:00,2018-03-11 18:38:00+00:00,validation
TIMOB,12,4744,2018-03-11 22:18:04+00:00,2018-03-25 21:18:00+00:00,validation
TIMOB,12,4742,2018-03-25 20:59:37+00:00,2018-04-08 20:59:00+00:00,validation
TIMOB,12,4741,2018-04-08 16:57:36+00:00,2018-04-22 16:57:00+00:00,validation
TIMOB,12,4739,2018-05-06 23:03:22+00:00,2018-05-20 23:03:00+00:00,validation
TIMOB,12,4737,2018-05-20 19:57:44+00:00,2018-06-03 19:57:00+00:00,validation
TIMOB,12,4734,2018-06-17 19:47:14+00:00,2018-07-01 19:47:00+00:00,validation
TIMOB,12,4733,2018-07-01 17:40:57+00:00,2018-07-15 17:40:00+00:00,validation
TIMOB,12,4731,2018-07-29 21:26:06+00:00,2018-08-12 21:26:00+00:00,validation
TIMOB,12,4730,2018-08-13 16:39:37+00:00,2018-08-27 16:39:00+00:00,validation
TIMOB,12,4729,2018-08-26 15:14:35+00:00,2018-09-09 15:14:00+00:00,validation
TIMOB,12,4728,2018-09-09 20:02:56+00:00,2018-09-23 20:02:00+00:00,test
TIMOB,12,4727,2018-09-23 15:57:58+00:00,2018-10-07 15:57:00+00:00,test
TIMOB,12,4724,2018-11-04 23:35:52+00:00,2018-11-18 23:35:00+00:00,test
TIMOB,12,4723,2018-11-19 05:35:58+00:00,2018-12-03 05:35:00+00:00,test
TIMOB,12,4722,2018-12-02 16:29:22+00:00,2018-12-16 16:29:00+00:00,test
TIMOB,12,4721,2018-12-17 15:56:00+00:00,2018-12-21 15:56:00+00:00,test
TIMOB,12,4720,2018-12-31 19:39:58+00:00,2019-01-11 19:39:00+00:00,test
TIMOB,12,4719,2019-01-14 17:20:19+00:00,2019-01-26 17:20:00+00:00,test
TIMOB,12,4718,2019-01-28 17:38:43+00:00,2019-02-09 17:38:00+00:00,test
TIMOB,12,4717,2019-02-11 16:16:38+00:00,2019-02-23 16:16:00+00:00,test
TIMOB,12,4715,2019-02-24 18:36:06+00:00,2019-03-08 18:36:00+00:00,test
TIMOB,12,4713,2019-03-18 17:27:26+00:00,2019-03-30 17:27:00+00:00,test
TIMOB,12,4712,2019-03-31 17:03:00+00:00,2019-04-12 17:03:00+00:00,test
TIMOB,12,4711,2019-04-14 18:05:00+00:00,2019-04-26 18:05:00+00:00,test
TIMOB,12,4710,2019-04-28 21:06:00+00:00,2019-05-17 21:06:00+00:00,test
TIMOB,12,4709,2019-05-18 16:39:53+00:00,2019-05-31 16:39:00+00:00,test
TIMOB,12,4707,2019-06-18 05:36:50+00:00,2019-07-01 05:36:00+00:00,test
TIMOB,12,4706,2019-07-01 15:55:05+00:00,2019-07-14 15:55:00+00:00,test
TIMOB,12,4705,2019-07-15 17:30:38+00:00,2019-07-28 17:30:00+00:00,test
TIMOB,12,4704,2019-07-29 14:35:47+00:00,2019-08-11 14:35:00+00:00,test
TIMOB,12,4702,2019-08-26 20:46:26+00:00,2019-09-08 20:46:00+00:00,test
TIMOB,12,4701,2019-09-09 19:43:13+00:00,2019-09-22 19:43:00+00:00,test
TIMOB,12,4699,2019-09-23 14:38:44+00:00,2019-10-06 14:38:00+00:00,test
TIMOB,12,4698,2019-10-07 17:35:57+00:00,2019-10-20 17:35:00+00:00,test
TIMOB,12,4697,2019-10-21 14:38:22+00:00,2019-11-03 15:38:00+00:00,test
TIMOB,12,4696,2019-11-04 18:38:15+00:00,2019-11-17 18:38:00+00:00,test
TIMOB,12,4695,2019-11-18 16:40:09+00:00,2019-12-01 16:40:00+00:00,test
TIMOB,12,4694,2019-12-02 23:08:40+00:00,2019-12-15 23:08:00+00:00,test
TIMOB,12,4693,2019-12-16 06:12:12+00:00,2019-12-21 06:12:00+00:00,test
TIMOB,12,4692,2020-01-02 21:15:56+00:00,2020-01-17 21:15:00+00:00,test
TIMOB,12,4691,2020-01-20 17:44:38+00:00,2020-01-31 17:44:00+00:00,test
TIMOB,12,4690,2020-02-03 16:58:00+00:00,2020-02-14 16:58:00+00:00,test
TIMOB,12,4689,2020-02-17 09:48:42+00:00,2020-02-28 09:48:00+00:00,test
TIMOB,12,4688,2020-03-02 18:45:03+00:00,2020-03-13 18:45:00+00:00,test
TIMOB,12,4687,2020-03-16 21:38:00+00:00,2020-03-27 21:38:00+00:00,test
TIMOB,12,4686,2020-03-27 16:30:22+00:00,2020-04-10 15:30:00+00:00,test
TIMOB,12,4684,2020-04-10 17:08:36+00:00,2020-04-24 17:08:00+00:00,test
TIMOB,12,4682,2020-05-08 15:37:58+00:00,2020-05-22 15:37:00+00:00,test
TIMOB,12,4681,2020-05-26 14:56:00+00:00,2020-06-05 14:56:00+00:00,test
TIMOB,12,4680,2020-06-08 20:06:42+00:00,2020-06-19 20:06:00+00:00,test
TIMOB,12,4679,2020-06-19 15:41:04+00:00,2020-07-02 15:41:00+00:00,test
TIMOB,12,4678,2020-07-06 14:40:00+00:00,2020-07-17 14:40:00+00:00,test
TIMOB,12,4676,2020-08-03 19:57:55+00:00,2020-08-14 19:57:00+00:00,test
TIMOB,12,4675,2020-08-17 14:48:00+00:00,2020-08-28 14:48:00+00:00,test
TIMOB,12,4673,2020-09-14 19:01:00+00:00,2020-09-25 19:01:00+00:00,test
TIMOB,12,4671,2020-10-12 15:34:00+00:00,2020-10-23 15:34:00+00:00,test
TISTUD,13,4664,2013-08-14 00:48:00+00:00,2013-08-24 00:48:00+00:00,train
TISTUD,13,4658,2013-11-04 23:11:22+00:00,2013-11-16 04:11:00+00:00,train
TISTUD,13,4657,2013-11-19 19:13:37+00:00,2013-12-01 19:13:37+00:00,train
TISTUD,13,4656,2013-12-02 22:12:56+00:00,2013-12-15 22:12:56+00:00,train
TISTUD,13,4655,2013-12-16 05:19:34+00:00,2013-12-30 05:19:34+00:00,train
TISTUD,13,4654,2014-01-06 22:45:17+00:00,2014-01-19 22:46:17+00:00,train
TISTUD,13,4653,2014-02-03 23:29:46+00:00,2014-02-16 23:29:46+00:00,train
TISTUD,13,4652,2014-03-03 18:55:29+00:00,2014-03-17 18:55:29+00:00,train
TISTUD,13,4651,2014-03-17 16:00:00+00:00,2014-03-31 02:29:00+00:00,train
TISTUD,13,4649,2014-04-14 16:00:00+00:00,2014-04-26 02:36:00+00:00,train
TISTUD,13,4648,2014-04-28 15:43:24+00:00,2014-05-10 03:44:00+00:00,train
TISTUD,13,4646,2014-05-27 16:00:38+00:00,2014-06-07 01:00:00+00:00,train
TISTUD,13,4645,2014-06-09 15:05:33+00:00,2014-06-21 01:31:00+00:00,train
TISTUD,13,4644,2014-06-23 16:22:31+00:00,2014-07-04 00:00:00+00:00,train
TISTUD,13,4643,2014-07-07 21:58:33+00:00,2014-07-19 00:00:00+00:00,train
TISTUD,13,4642,2014-07-21 16:48:34+00:00,2014-08-02 01:48:00+00:00,train
TISTUD,13,4641,2014-08-04 16:36:42+00:00,2014-08-16 01:36:00+00:00,train
TISTUD,13,4640,2014-08-18 16:06:19+00:00,2014-08-30 02:06:00+00:00,train
TISTUD,13,4639,2014-09-02 16:08:00+00:00,2014-09-13 01:08:00+00:00,train
TISTUD,13,4638,2014-09-15 16:00:13+00:00,2014-09-27 01:00:00+00:00,train
TISTUD,13,4637,2014-09-29 17:05:08+00:00,2014-10-11 01:05:00+00:00,train
TISTUD,13,4636,2014-10-13 15:41:34+00:00,2014-10-25 01:41:00+00:00,train
TISTUD,13,4635,2014-10-27 15:59:36+00:00,2014-11-08 02:30:00+00:00,train
TISTUD,13,4633,2014-11-10 17:30:47+00:00,2014-11-22 02:30:00+00:00,train
TISTUD,13,4634,2014-11-24 17:30:10+00:00,2014-12-06 02:55:00+00:00,train
TISTUD,13,4632,2014-12-08 17:32:32+00:00,2014-12-20 02:32:00+00:00,train
TISTUD,13,4631,2015-01-02 17:30:00+00:00,2015-01-17 01:00:00+00:00,train
TISTUD,13,4630,2015-01-17 01:00:00+00:00,2015-01-31 02:00:00+00:00,train
TISTUD,13,4628,2015-01-31 03:57:19+00:00,2015-02-14 02:30:00+00:00,train
TISTUD,13,4627,2015-02-14 02:39:48+00:00,2015-02-28 02:39:00+00:00,train
TISTUD,13,4629,2015-02-28 15:57:11+00:00,2015-03-14 00:00:00+00:00,train
TISTUD,13,4626,2015-03-14 13:54:24+00:00,2015-03-28 00:00:00+00:00,train
TISTUD,13,4625,2015-03-30 15:42:00+00:00,2015-04-11 03:42:00+00:00,train
TISTUD,13,4624,2015-04-11 00:00:57+00:00,2015-04-25 00:00:00+00:00,train
TISTUD,13,4623,2015-04-25 00:00:41+00:00,2015-05-09 00:00:00+00:00,train
TISTUD,13,4622,2015-05-11 13:55:58+00:00,2015-05-23 01:55:00+00:00,train
TISTUD,13,4621,2015-05-23 02:20:40+00:00,2015-06-06 02:20:00+00:00,train
TISTUD,13,4619,2015-06-06 00:00:55+00:00,2015-06-20 00:00:00+00:00,train
TISTUD,13,4618,2015-06-22 16:14:27+00:00,2015-07-04 01:14:00+00:00,train
TISTUD,13,4616,2015-08-03 16:06:07+00:00,2015-08-15 01:06:00+00:00,train
TISTUD,13,4620,2015-09-01 16:00:30+00:00,2015-09-12 00:00:00+00:00,train
TISTUD,13,4614,2015-09-14 16:40:52+00:00,2015-09-26 01:40:00+00:00,train
TISTUD,13,4613,2015-09-28 15:54:31+00:00,2015-10-10 01:54:00+00:00,train
TISTUD,13,4611,2015-10-12 21:20:32+00:00,2015-10-24 01:20:00+00:00,train
TISTUD,13,4593,2015-10-26 16:25:53+00:00,2015-11-07 03:25:00+00:00,train
TISTUD,13,4609,2015-11-10 00:23:22+00:00,2015-11-21 02:23:00+00:00,train
TISTUD,13,4607,2015-11-23 23:53:47+00:00,2015-12-05 02:53:00+00:00,train
TISTUD,13,4606,2015-12-08 05:48:27+00:00,2015-12-21 17:48:00+00:00,train
TISTUD,13,4605,2015-12-22 03:48:07+00:00,2016-01-05 03:48:00+00:00,train
TISTUD,13,4604,2016-01-05 03:50:57+00:00,2016-01-19 03:50:00+00:00,train
TISTUD,13,4603,2016-01-19 03:31:22+00:00,2016-02-02 03:31:00+00:00,train
TISTUD,13,4602,2016-02-16 23:29:22+00:00,2016-03-01 23:29:00+00:00,train
TISTUD,13,4600,2016-03-01 03:32:00+00:00,2016-03-15 03:31:00+00:00,train
TISTUD,13,4598,2016-03-15 03:37:04+00:00,2016-03-29 03:37:00+00:00,train
TISTUD,13,4599,2016-03-28 04:03:55+00:00,2016-04-08 04:03:00+00:00,train
TISTUD,13,4596,2016-03-29 05:51:59+00:00,2016-04-12 05:51:00+00:00,train
TISTUD,13,4595,2016-04-12 02:45:16+00:00,2016-04-26 02:45:00+00:00,train
TISTUD,13,4594,2016-04-25 04:38:41+00:00,2016-05-10 04:38:00+00:00,train
TISTUD,13,4592,2016-05-10 04:20:18+00:00,2016-05-24 04:20:00+00:00,train
TISTUD,13,4591,2016-05-24 04:37:45+00:00,2016-06-07 04:37:00+00:00,train
TISTUD,13,4576,2016-06-22 05:27:48+00:00,2016-07-06 05:27:00+00:00,train
TISTUD,13,4589,2016-07-05 04:35:12+00:00,2016-07-19 04:35:00+00:00,train
TISTUD,13,4588,2016-07-18 05:40:15+00:00,2016-08-01 05:40:00+00:00,train
TISTUD,13,4587,2016-08-01 04:15:03+00:00,2016-08-15 04:15:00+00:00,train
TISTUD,13,4585,2016-08-13 00:01:26+00:00,2016-08-27 00:01:00+00:00,train
TISTUD,13,4586,2016-08-16 08:09:38+00:00,2016-08-30 08:09:00+00:00,train
TISTUD,13,4584,2016-08-30 04:31:35+00:00,2016-09-13 04:31:00+00:00,train
TISTUD,13,4583,2016-09-13 09:24:23+00:00,2016-09-27 09:24:00+00:00,train
TISTUD,13,4582,2016-09-27 15:50:49+00:00,2016-10-11 15:50:00+00:00,train
TISTUD,13,4565,2016-10-11 05:50:22+00:00,2016-10-25 05:50:00+00:00,train
TISTUD,13,4581,2016-10-25 10:17:13+00:00,2016-11-08 10:17:00+00:00,purged
TISTUD,13,4579,2016-11-08 02:46:01+00:00,2016-11-22 02:46:00+00:00,validation
TISTUD,13,4577,2016-12-06 04:21:54+00:00,2016-12-20 04:21:00+00:00,validation
TISTUD,13,4578,2017-01-03 05:03:02+00:00,2017-01-17 05:03:00+00:00,validation
TISTUD,13,4562,2017-01-15 00:01:58+00:00,2017-01-29 00:01:00+00:00,validation
TISTUD,13,4575,2017-01-16 11:19:10+00:00,2017-01-30 11:19:00+00:00,validation
TISTUD,13,4573,2017-01-31 03:38:31+00:00,2017-02-14 03:38:00+00:00,validation
TISTUD,13,4572,2017-02-14 13:56:19+00:00,2017-02-27 13:56:00+00:00,validation
TISTUD,13,4571,2017-02-28 01:37:43+00:00,2017-03-14 01:37:00+00:00,validation
TISTUD,13,4570,2017-03-14 04:46:00+00:00,2017-03-27 04:46:00+00:00,validation
TISTUD,13,4569,2017-03-27 16:19:12+00:00,2017-04-10 16:19:00+00:00,validation
TISTUD,13,4567,2017-04-10 13:36:33+00:00,2017-04-24 13:36:00+00:00,validation
TISTUD,13,4568,2017-04-25 02:31:16+00:00,2017-05-09 02:31:00+00:00,validation
TISTUD,13,4563,2017-05-09 04:02:01+00:00,2017-05-23 04:02:00+00:00,validation
TISTUD,13,4566,2017-05-22 07:25:46+00:00,2017-06-05 07:25:00+00:00,validation
TISTUD,13,4561,2017-06-05 09:04:53+00:00,2017-06-19 09:04:00+00:00,validation
TISTUD,13,4559,2017-06-19 23:50:20+00:00,2017-07-03 23:50:00+00:00,validation
TISTUD,13,4558,2017-07-04 04:21:10+00:00,2017-07-18 04:21:00+00:00,validation
TISTUD,13,4555,2017-08-01 04:48:09+00:00,2017-08-15 04:48:00+00:00,validation
TISTUD,13,4556,2017-08-15 03:20:31+00:00,2017-08-29 03:20:00+00:00,validation
TISTUD,13,4554,2017-08-28 09:05:32+00:00,2017-09-11 09:05:00+00:00,validation
TISTUD,13,4553,2017-09-12 04:39:50+00:00,2017-09-26 04:39:00+00:00,validation
TISTUD,13,4552,2017-09-26 06:09:00+00:00,2017-10-10 06:09:00+00:00,validation
TISTUD,13,4551,2017-10-10 03:21:38+00:00,2017-10-24 03:21:00+00:00,validation
TISTUD,13,4550,2017-10-23 16:33:30+00:00,2017-11-06 16:33:00+00:00,purged
TISTUD,13,4549,2017-11-06 10:37:49+00:00,2017-11-20 10:37:00+00:00,test
TISTUD,13,4548,2017-11-21 07:20:41+00:00,2017-12-05 07:20:00+00:00,test
TISTUD,13,4547,2017-12-05 02:57:18+00:00,2017-12-19 02:57:00+00:00,test
TISTUD,13,4546,2017-12-18 07:41:29+00:00,2018-01-01 07:41:00+00:00,test
TISTUD,13,4543,2018-01-30 02:32:51+00:00,2018-02-13 02:32:00+00:00,test
TISTUD,13,4542,2018-02-12 06:12:53+00:00,2018-02-26 06:12:00+00:00,test
TISTUD,13,4615,2018-02-25 19:38:09+00:00,2018-03-11 18:38:00+00:00,test
TISTUD,13,4541,2018-02-26 05:22:00+00:00,2018-03-12 05:21:00+00:00,test
TISTUD,13,4540,2018-03-12 05:00:09+00:00,2018-03-26 05:00:00+00:00,test
TISTUD,13,4539,2018-03-26 02:49:14+00:00,2018-04-09 01:49:00+00:00,test
TISTUD,13,4537,2018-04-23 04:09:29+00:00,2018-05-07 03:09:00+00:00,test
TISTUD,13,4536,2018-05-21 11:24:49+00:00,2018-06-03 10:24:00+00:00,test
TISTUD,13,4534,2018-06-04 07:22:31+00:00,2018-06-17 06:22:00+00:00,test
TISTUD,13,4531,2018-07-02 04:40:52+00:00,2018-07-16 03:40:00+00:00,test
TISTUD,13,4530,2018-07-16 04:32:41+00:00,2018-07-30 03:32:00+00:00,test
TISTUD,13,4528,2018-07-30 06:35:58+00:00,2018-08-13 06:35:00+00:00,test
TISTUD,13,4533,2018-08-13 04:31:36+00:00,2018-08-27 04:31:00+00:00,test
TISTUD,13,4526,2018-09-10 06:49:03+00:00,2018-09-24 06:49:00+00:00,test
TISTUD,13,4525,2018-09-24 06:49:43+00:00,2018-10-08 06:49:00+00:00,test
TISTUD,13,4522,2018-11-05 06:41:35+00:00,2018-11-19 06:41:00+00:00,test
TISTUD,13,4521,2018-11-19 05:21:34+00:00,2018-12-03 05:21:00+00:00,test
TISTUD,13,4520,2019-02-11 16:16:38+00:00,2019-02-23 16:16:00+00:00,test
TISTUD,13,4509,2020-03-16 21:38:00+00:00,2020-03-27 21:38:00+00:00,test
TISTUD,13,4508,2020-04-13 17:48:00+00:00,2020-04-24 17:48:00+00:00,test
XD,1,66,2013-04-15 20:41:22+00:00,2013-04-29 20:41:22+00:00,train
XD,1,65,2013-05-06 17:52:35+00:00,2013-05-10 17:52:35+00:00,train
XD,1,64,2013-05-15 00:37:45+00:00,2013-05-20 00:37:45+00:00,train
XD,1,63,2013-05-20 17:05:45+00:00,2013-05-24 17:05:45+00:00,train
XD,1,62,2013-05-28 17:25:33+00:00,2013-06-03 17:25:33+00:00,train
XD,1,61,2013-06-03 19:45:19+00:00,2013-06-12 19:45:00+00:00,train
XD,1,60,2013-06-18 11:37:48+00:00,2013-06-21 11:37:48+00:00,train
XD,1,59,2013-06-25 21:53:02+00:00,2013-06-28 21:53:02+00:00,train
XD,1,58,2013-07-01 18:00:55+00:00,2013-07-05 18:00:55+00:00,train
XD,1,57,2013-07-08 17:29:14+00:00,2013-07-12 17:29:14+00:00,train
XD,1,56,2013-07-16 13:07:24+00:00,2013-07-19 13:07:24+00:00,train
XD,1,55,2013-07-22 17:07:05+00:00,2013-07-31 17:07:00+00:00,train
XD,1,54,2013-08-12 16:26:28+00:00,2013-08-20 16:26:00+00:00,train
XD,1,53,2013-08-20 21:38:41+00:00,2013-08-29 17:21:00+00:00,train
XD,1,52,2013-08-29 17:38:30+00:00,2013-09-05 17:38:30+00:00,train
XD,1,51,2013-09-18 16:36:50+00:00,2013-10-10 16:36:00+00:00,train
XD,1,50,2013-10-11 16:05:24+00:00,2013-10-18 16:05:24+00:00,train
XD,1,49,2013-10-23 16:12:37+00:00,2013-11-12 17:12:00+00:00,train
XD,1,48,2013-11-19 15:43:59+00:00,2013-12-10 15:43:59+00:00,train
XD,1,47,2013-12-13 17:15:58+00:00,2014-01-10 17:15:00+00:00,train
XD,1,46,2014-01-14 20:15:02+00:00,2014-02-10 20:02:00+00:00,train
XD,1,45,2014-02-12 15:46:16+00:00,2014-03-04 15:46:00+00:00,train
XD,1,44,2014-03-04 20:30:13+00:00,2014-03-18 19:30:00+00:00,train
XD,1,43,2014-03-19 01:46:08+00:00,2014-04-04 01:46:00+00:00,train
XD,1,42,2014-04-03 21:50:31+00:00,2014-04-15 21:50:00+00:00,train
XD,1,41,2014-04-17 21:00:15+00:00,2014-04-30 21:00:00+00:00,train
XD,1,40,2014-04-30 22:50:46+00:00,2014-05-21 22:50:00+00:00,train
XD,1,39,2014-05-21 20:53:09+00:00,2014-05-30 20:53:00+00:00,train
XD,1,38,2014-06-04 14:08:01+00:00,2014-06-12 14:08:00+00:00,train
XD,1,37,2014-06-12 16:10:24+00:00,2014-07-01 16:10:00+00:00,train
XD,1,36,2014-07-01 19:50:22+00:00,2014-07-18 19:50:00+00:00,train
XD,1,35,2014-07-21 15:28:54+00:00,2014-07-29 15:28:00+00:00,train
XD,1,34,2014-08-06 00:06:43+00:00,2014-08-26 00:06:00+00:00,train
XD,1,33,2014-08-27 18:08:13+00:00,2014-09-19 18:08:00+00:00,train
XD,1,32,2014-09-22 17:29:11+00:00,2014-09-30 17:29:00+00:00,train
XD,1,20,2014-10-06 19:22:28+00:00,2014-10-18 06:23:00+00:00,train
XD,1,31,2014-10-20 18:06:25+00:00,2014-11-01 01:06:00+00:00,train
XD,1,30,2014-11-03 20:09:30+00:00,2014-11-19 05:09:00+00:00,train
XD,1,29,2014-11-21 01:08:00+00:00,2014-12-06 05:08:00+00:00,train
XD,1,28,2014-12-08 19:18:10+00:00,2014-12-23 07:18:00+00:00,validation
XD,1,27,2015-01-05 18:27:36+00:00,2015-01-29 06:27:00+00:00,validation
XD,1,26,2015-01-29 20:09:13+00:00,2015-02-07 07:09:00+00:00,validation
XD,1,25,2015-02-12 00:27:04+00:00,2015-02-21 06:27:00+00:00,validation
XD,1,24,2015-02-23 17:11:59+00:00,2015-03-07 02:30:00+00:00,validation
XD,1,23,2015-03-09 16:32:39+00:00,2015-03-21 01:32:00+00:00,validation
XD,1,22,2015-03-23 17:04:19+00:00,2015-04-04 01:04:00+00:00,validation
XD,1,21,2015-04-06 17:22:32+00:00,2015-04-25 01:22:00+00:00,validation
XD,1,19,2015-04-27 17:13:09+00:00,2015-05-09 00:13:00+00:00,validation
XD,1,18,2015-05-11 18:10:22+00:00,2015-05-22 23:10:00+00:00,validation
XD,1,17,2015-05-26 17:04:33+00:00,2015-06-09 01:04:00+00:00,validation
XD,1,16,2015-06-09 15:53:44+00:00,2015-06-22 23:23:00+00:00,validation
XD,1,15,2015-06-23 16:05:37+00:00,2015-07-08 00:35:00+00:00,validation
XD,1,14,2015-07-08 19:49:31+00:00,2015-07-21 23:19:00+00:00,test
XD,1,13,2015-07-22 16:10:56+00:00,2015-08-05 02:00:00+00:00,test
XD,1,12,2015-08-05 17:57:29+00:00,2015-08-19 00:47:00+00:00,test
XD,1,11,2015-08-19 16:18:50+00:00,2015-09-02 00:08:00+00:00,test
XD,1,10,2015-09-02 15:40:13+00:00,2015-09-16 23:30:00+00:00,test
XD,1,9,2015-09-21 17:01:06+00:00,2015-10-03 00:51:00+00:00,test
XD,1,8,2015-10-05 16:54:15+00:00,2015-10-17 00:44:00+00:00,test
XD,1,7,2015-10-19 17:04:56+00:00,2015-10-31 00:00:00+00:00,test
XD,1,6,2015-11-02 17:41:25+00:00,2015-11-14 00:37:00+00:00,test
XD,1,5,2015-11-16 16:10:26+00:00,2015-11-27 17:06:00+00:00,test
XD,1,4,2015-11-30 16:32:01+00:00,2015-12-11 17:28:00+00:00,test
XD,1,3,2015-12-17 18:20:12+00:00,2015-12-26 02:16:00+00:00,test
XD,1,2,2016-02-01 17:20:14+00:00,2016-02-13 01:16:00+00:00,test
XD,1,1,2016-02-16 00:38:45+00:00,2016-02-26 08:34:00+00:00,test
