experiment,project,model,feature,importance
temporal,APIKIT,static_catboost,static_age_days,8.076647133365395
temporal,APIKIT,static_catboost,static_duration_days,9.89183691289556
temporal,APIKIT,static_catboost,static_status,11.572407187561224
temporal,APIKIT,static_catboost,static_is_done,10.796928208617945
temporal,APIKIT,static_catboost,static_status_observed,1.0812033118940783
temporal,APIKIT,static_catboost,static_status_age_days,7.398175529120114
temporal,APIKIT,static_catboost,static_status_changes,1.2697816352196551
temporal,APIKIT,static_catboost,static_events_count,6.20323858159477
temporal,APIKIT,static_catboost,static_events_in_sprint,0.0
temporal,APIKIT,static_catboost,static_inactive_days,11.915522596080036
temporal,APIKIT,static_catboost,static_assignee_changes,1.6056704365385748
temporal,APIKIT,static_catboost,static_priority_changes,2.1052088639524595
temporal,APIKIT,static_catboost,static_estimate_changes,6.053149223911376
temporal,APIKIT,static_catboost,static_priority,7.854325156748114
temporal,APIKIT,static_catboost,static_issue_type,3.9926297246620974
temporal,APIKIT,static_catboost,static_estimate,0.0
temporal,APIKIT,static_catboost,static_cohort_done_fraction,5.675650956064525
temporal,APIKIT,static_catboost,cohort_size,4.5076245417741125
temporal,APIKIT,dynamic_catboost,static_age_days,2.4223579165066558
temporal,APIKIT,dynamic_catboost,static_duration_days,3.1999789764624835
temporal,APIKIT,dynamic_catboost,static_status,2.928486484889928
temporal,APIKIT,dynamic_catboost,static_is_done,0.10820958922699342
temporal,APIKIT,dynamic_catboost,static_status_observed,0.7674161664935021
temporal,APIKIT,dynamic_catboost,static_status_age_days,2.3220494635751265
temporal,APIKIT,dynamic_catboost,static_status_changes,0.4129540824069219
temporal,APIKIT,dynamic_catboost,static_events_count,1.5880034427784568
temporal,APIKIT,dynamic_catboost,static_events_in_sprint,0.0
temporal,APIKIT,dynamic_catboost,static_inactive_days,4.362866366940774
temporal,APIKIT,dynamic_catboost,static_assignee_changes,0.562056329390614
temporal,APIKIT,dynamic_catboost,static_priority_changes,0.7819901084772728
temporal,APIKIT,dynamic_catboost,static_estimate_changes,1.208845902005927
temporal,APIKIT,dynamic_catboost,static_priority,2.197006752016646
temporal,APIKIT,dynamic_catboost,static_issue_type,1.2535787338016433
temporal,APIKIT,dynamic_catboost,static_estimate,0.0
temporal,APIKIT,dynamic_catboost,static_cohort_done_fraction,0.7828624644872979
temporal,APIKIT,dynamic_catboost,dynamic_age_days,4.245513463410995
temporal,APIKIT,dynamic_catboost,dynamic_duration_days,2.9839589920447356
temporal,APIKIT,dynamic_catboost,dynamic_status,16.738142436504013
temporal,APIKIT,dynamic_catboost,dynamic_is_done,28.160417685161296
temporal,APIKIT,dynamic_catboost,dynamic_status_observed,0.20484584621248703
temporal,APIKIT,dynamic_catboost,dynamic_status_age_days,2.5800637797266197
temporal,APIKIT,dynamic_catboost,dynamic_status_changes,3.5322339811022547
temporal,APIKIT,dynamic_catboost,dynamic_events_count,1.5932443485885401
temporal,APIKIT,dynamic_catboost,dynamic_events_in_sprint,1.0839792907371273
temporal,APIKIT,dynamic_catboost,dynamic_inactive_days,3.2846158376531833
temporal,APIKIT,dynamic_catboost,dynamic_assignee_changes,0.16075618916362636
temporal,APIKIT,dynamic_catboost,dynamic_priority_changes,0.33748581377725756
temporal,APIKIT,dynamic_catboost,dynamic_estimate_changes,1.2876013095077739
temporal,APIKIT,dynamic_catboost,dynamic_priority,1.575374831803542
temporal,APIKIT,dynamic_catboost,dynamic_issue_type,0.5727155012431817
temporal,APIKIT,dynamic_catboost,dynamic_estimate,0.0
temporal,APIKIT,dynamic_catboost,dynamic_cohort_done_fraction,3.409935277521084
temporal,APIKIT,dynamic_catboost,cohort_size,3.350452636382018
temporal,APIKIT,dynamic_no_cohort,static_age_days,2.5991649302870563
temporal,APIKIT,dynamic_no_cohort,static_duration_days,4.293654589587417
temporal,APIKIT,dynamic_no_cohort,static_status,2.374906442526576
temporal,APIKIT,dynamic_no_cohort,static_is_done,0.06388262339592778
temporal,APIKIT,dynamic_no_cohort,static_status_observed,0.0028613954655620864
temporal,APIKIT,dynamic_no_cohort,static_status_age_days,1.973984403319508
temporal,APIKIT,dynamic_no_cohort,static_status_changes,0.27973808694256386
temporal,APIKIT,dynamic_no_cohort,static_events_count,3.2177022791645684
temporal,APIKIT,dynamic_no_cohort,static_events_in_sprint,0.0
temporal,APIKIT,dynamic_no_cohort,static_inactive_days,6.236015894123774
temporal,APIKIT,dynamic_no_cohort,static_assignee_changes,0.6224301040710992
temporal,APIKIT,dynamic_no_cohort,static_priority_changes,0.6683062405804563
temporal,APIKIT,dynamic_no_cohort,static_estimate_changes,1.1693870054886288
temporal,APIKIT,dynamic_no_cohort,static_priority,1.3399878907124514
temporal,APIKIT,dynamic_no_cohort,static_issue_type,1.3766918912693693
temporal,APIKIT,dynamic_no_cohort,static_estimate,0.0
temporal,APIKIT,dynamic_no_cohort,dynamic_age_days,4.731737212857196
temporal,APIKIT,dynamic_no_cohort,dynamic_duration_days,2.8932926926903573
temporal,APIKIT,dynamic_no_cohort,dynamic_status,18.226000837602765
temporal,APIKIT,dynamic_no_cohort,dynamic_is_done,29.6202829617502
temporal,APIKIT,dynamic_no_cohort,dynamic_status_observed,0.3376193756230191
temporal,APIKIT,dynamic_no_cohort,dynamic_status_age_days,3.580084643531665
temporal,APIKIT,dynamic_no_cohort,dynamic_status_changes,2.953669234739681
temporal,APIKIT,dynamic_no_cohort,dynamic_events_count,2.5527947901253962
temporal,APIKIT,dynamic_no_cohort,dynamic_events_in_sprint,1.1249814118672854
temporal,APIKIT,dynamic_no_cohort,dynamic_inactive_days,2.436944475736669
temporal,APIKIT,dynamic_no_cohort,dynamic_assignee_changes,0.19328696356591626
temporal,APIKIT,dynamic_no_cohort,dynamic_priority_changes,0.2701841787783167
temporal,APIKIT,dynamic_no_cohort,dynamic_estimate_changes,1.4479376080541526
temporal,APIKIT,dynamic_no_cohort,dynamic_priority,2.046568995611838
temporal,APIKIT,dynamic_no_cohort,dynamic_issue_type,1.3659008405306061
temporal,APIKIT,dynamic_no_cohort,dynamic_estimate,0.0
temporal,COMPASS,static_catboost,static_age_days,9.062496356720983
temporal,COMPASS,static_catboost,static_duration_days,9.731354387665496
temporal,COMPASS,static_catboost,static_status,13.130939898581175
temporal,COMPASS,static_catboost,static_is_done,4.933612685240921
temporal,COMPASS,static_catboost,static_status_observed,0.31917732086716666
temporal,COMPASS,static_catboost,static_status_age_days,18.377032910907893
temporal,COMPASS,static_catboost,static_status_changes,1.9265113943282886
temporal,COMPASS,static_catboost,static_events_count,5.631192331178558
temporal,COMPASS,static_catboost,static_events_in_sprint,0.0
temporal,COMPASS,static_catboost,static_inactive_days,14.354233879698166
temporal,COMPASS,static_catboost,static_assignee_changes,5.031986979964684
temporal,COMPASS,static_catboost,static_priority_changes,0.17546144791246396
temporal,COMPASS,static_catboost,static_estimate_changes,1.8998595200886
temporal,COMPASS,static_catboost,static_priority,3.4810483697760275
temporal,COMPASS,static_catboost,static_issue_type,2.2008177404331253
temporal,COMPASS,static_catboost,static_estimate,0.0
temporal,COMPASS,static_catboost,static_cohort_done_fraction,5.133697766904001
temporal,COMPASS,static_catboost,cohort_size,4.610577009732468
temporal,COMPASS,dynamic_catboost,static_age_days,2.798878814373288
temporal,COMPASS,dynamic_catboost,static_duration_days,2.0055576861733266
temporal,COMPASS,dynamic_catboost,static_status,3.0568828168708126
temporal,COMPASS,dynamic_catboost,static_is_done,0.04986618867393594
temporal,COMPASS,dynamic_catboost,static_status_observed,0.07557117632314386
temporal,COMPASS,dynamic_catboost,static_status_age_days,6.130111166118619
temporal,COMPASS,dynamic_catboost,static_status_changes,0.2531137024357259
temporal,COMPASS,dynamic_catboost,static_events_count,1.1053892333312834
temporal,COMPASS,dynamic_catboost,static_events_in_sprint,0.0
temporal,COMPASS,dynamic_catboost,static_inactive_days,6.152980778741505
temporal,COMPASS,dynamic_catboost,static_assignee_changes,0.5965339225951455
temporal,COMPASS,dynamic_catboost,static_priority_changes,0.0
temporal,COMPASS,dynamic_catboost,static_estimate_changes,0.5053842524084401
temporal,COMPASS,dynamic_catboost,static_priority,1.072441062207934
temporal,COMPASS,dynamic_catboost,static_issue_type,1.322708765786877
temporal,COMPASS,dynamic_catboost,static_estimate,0.0
temporal,COMPASS,dynamic_catboost,static_cohort_done_fraction,2.467465682808084
temporal,COMPASS,dynamic_catboost,dynamic_age_days,2.813080872351378
temporal,COMPASS,dynamic_catboost,dynamic_duration_days,1.7303971436283905
temporal,COMPASS,dynamic_catboost,dynamic_status,11.963451047254107
temporal,COMPASS,dynamic_catboost,dynamic_is_done,33.27963316652856
temporal,COMPASS,dynamic_catboost,dynamic_status_observed,0.019244271039159974
temporal,COMPASS,dynamic_catboost,dynamic_status_age_days,5.713990297178513
temporal,COMPASS,dynamic_catboost,dynamic_status_changes,1.3911932008217553
temporal,COMPASS,dynamic_catboost,dynamic_events_count,1.493682060739139
temporal,COMPASS,dynamic_catboost,dynamic_events_in_sprint,0.6259109062764773
temporal,COMPASS,dynamic_catboost,dynamic_inactive_days,4.189295993101907
temporal,COMPASS,dynamic_catboost,dynamic_assignee_changes,2.98503507083684
temporal,COMPASS,dynamic_catboost,dynamic_priority_changes,0.03498050501997982
temporal,COMPASS,dynamic_catboost,dynamic_estimate_changes,0.08428129272322335
temporal,COMPASS,dynamic_catboost,dynamic_priority,0.5939337353955563
temporal,COMPASS,dynamic_catboost,dynamic_issue_type,0.9775191863507803
temporal,COMPASS,dynamic_catboost,dynamic_estimate,0.0
temporal,COMPASS,dynamic_catboost,dynamic_cohort_done_fraction,2.0496058015869005
temporal,COMPASS,dynamic_catboost,cohort_size,2.4618802003192464
temporal,COMPASS,dynamic_no_cohort,static_age_days,3.067533874412423
temporal,COMPASS,dynamic_no_cohort,static_duration_days,2.388049930399889
temporal,COMPASS,dynamic_no_cohort,static_status,2.0305305121883865
temporal,COMPASS,dynamic_no_cohort,static_is_done,0.0
temporal,COMPASS,dynamic_no_cohort,static_status_observed,0.011237947060030316
temporal,COMPASS,dynamic_no_cohort,static_status_age_days,5.593408495968043
temporal,COMPASS,dynamic_no_cohort,static_status_changes,0.4057423982954622
temporal,COMPASS,dynamic_no_cohort,static_events_count,0.9448959154477465
temporal,COMPASS,dynamic_no_cohort,static_events_in_sprint,0.0
temporal,COMPASS,dynamic_no_cohort,static_inactive_days,6.669042242818742
temporal,COMPASS,dynamic_no_cohort,static_assignee_changes,0.9697905857583827
temporal,COMPASS,dynamic_no_cohort,static_priority_changes,0.022158070357210194
temporal,COMPASS,dynamic_no_cohort,static_estimate_changes,0.33242803988580505
temporal,COMPASS,dynamic_no_cohort,static_priority,1.7708047707837076
temporal,COMPASS,dynamic_no_cohort,static_issue_type,1.1448270888536083
temporal,COMPASS,dynamic_no_cohort,static_estimate,0.0
temporal,COMPASS,dynamic_no_cohort,dynamic_age_days,3.2676002406791165
temporal,COMPASS,dynamic_no_cohort,dynamic_duration_days,1.9742273134904524
temporal,COMPASS,dynamic_no_cohort,dynamic_status,14.04101668097007
temporal,COMPASS,dynamic_no_cohort,dynamic_is_done,36.52439351518824
temporal,COMPASS,dynamic_no_cohort,dynamic_status_observed,0.06987984098535854
temporal,COMPASS,dynamic_no_cohort,dynamic_status_age_days,6.204858747384604
temporal,COMPASS,dynamic_no_cohort,dynamic_status_changes,1.301107945636682
temporal,COMPASS,dynamic_no_cohort,dynamic_events_count,1.7703955899604515
temporal,COMPASS,dynamic_no_cohort,dynamic_events_in_sprint,0.2972553552779704
temporal,COMPASS,dynamic_no_cohort,dynamic_inactive_days,3.7816888989902036
temporal,COMPASS,dynamic_no_cohort,dynamic_assignee_changes,2.865399826106934
temporal,COMPASS,dynamic_no_cohort,dynamic_priority_changes,0.0807680392801314
temporal,COMPASS,dynamic_no_cohort,dynamic_estimate_changes,0.29919273306426597
temporal,COMPASS,dynamic_no_cohort,dynamic_priority,0.890373764625588
temporal,COMPASS,dynamic_no_cohort,dynamic_issue_type,1.2813916361304047
temporal,COMPASS,dynamic_no_cohort,dynamic_estimate,0.0
temporal,CONFCLOUD,static_catboost,static_age_days,12.231698435860805
temporal,CONFCLOUD,static_catboost,static_duration_days,10.083785986293023
temporal,CONFCLOUD,static_catboost,static_status,13.250052230335685
temporal,CONFCLOUD,static_catboost,static_is_done,3.6431800166554096
temporal,CONFCLOUD,static_catboost,static_status_observed,0.42761337794874116
temporal,CONFCLOUD,static_catboost,static_status_age_days,10.248958351432359
temporal,CONFCLOUD,static_catboost,static_status_changes,3.442514986650565
temporal,CONFCLOUD,static_catboost,static_events_count,4.035494119604513
temporal,CONFCLOUD,static_catboost,static_events_in_sprint,0.0
temporal,CONFCLOUD,static_catboost,static_inactive_days,14.486556662752502
temporal,CONFCLOUD,static_catboost,static_assignee_changes,2.5747543138962437
temporal,CONFCLOUD,static_catboost,static_priority_changes,0.7368335440717605
temporal,CONFCLOUD,static_catboost,static_estimate_changes,0.5888777399456645
temporal,CONFCLOUD,static_catboost,static_priority,4.367600829832474
temporal,CONFCLOUD,static_catboost,static_issue_type,6.951349331891513
temporal,CONFCLOUD,static_catboost,static_estimate,0.0
temporal,CONFCLOUD,static_catboost,static_cohort_done_fraction,2.772780072967219
temporal,CONFCLOUD,static_catboost,cohort_size,10.1579499998615
temporal,CONFCLOUD,dynamic_catboost,static_age_days,3.543949553535927
temporal,CONFCLOUD,dynamic_catboost,static_duration_days,1.6856908172946694
temporal,CONFCLOUD,dynamic_catboost,static_status,2.6935743033468755
temporal,CONFCLOUD,dynamic_catboost,static_is_done,0.0
temporal,CONFCLOUD,dynamic_catboost,static_status_observed,0.05426101509339541
temporal,CONFCLOUD,dynamic_catboost,static_status_age_days,4.405963472349364
temporal,CONFCLOUD,dynamic_catboost,static_status_changes,0.4900223352025986
temporal,CONFCLOUD,dynamic_catboost,static_events_count,2.281346858904007
temporal,CONFCLOUD,dynamic_catboost,static_events_in_sprint,0.0
temporal,CONFCLOUD,dynamic_catboost,static_inactive_days,8.303021482156865
temporal,CONFCLOUD,dynamic_catboost,static_assignee_changes,1.4349627442485948
temporal,CONFCLOUD,dynamic_catboost,static_priority_changes,0.19208609728204806
temporal,CONFCLOUD,dynamic_catboost,static_estimate_changes,0.24351766867442257
temporal,CONFCLOUD,dynamic_catboost,static_priority,1.046750552315283
temporal,CONFCLOUD,dynamic_catboost,static_issue_type,3.133423660132373
temporal,CONFCLOUD,dynamic_catboost,static_estimate,0.0
temporal,CONFCLOUD,dynamic_catboost,static_cohort_done_fraction,0.9053209665761094
temporal,CONFCLOUD,dynamic_catboost,dynamic_age_days,2.805839915109576
temporal,CONFCLOUD,dynamic_catboost,dynamic_duration_days,2.3016611110948255
temporal,CONFCLOUD,dynamic_catboost,dynamic_status,13.478602354509515
temporal,CONFCLOUD,dynamic_catboost,dynamic_is_done,30.0733039406616
temporal,CONFCLOUD,dynamic_catboost,dynamic_status_observed,0.04568757130396047
temporal,CONFCLOUD,dynamic_catboost,dynamic_status_age_days,2.0814432209789686
temporal,CONFCLOUD,dynamic_catboost,dynamic_status_changes,0.6454089041552503
temporal,CONFCLOUD,dynamic_catboost,dynamic_events_count,1.1253884676992498
temporal,CONFCLOUD,dynamic_catboost,dynamic_events_in_sprint,0.6302644458149286
temporal,CONFCLOUD,dynamic_catboost,dynamic_inactive_days,3.0006901314197103
temporal,CONFCLOUD,dynamic_catboost,dynamic_assignee_changes,0.7331250306190239
temporal,CONFCLOUD,dynamic_catboost,dynamic_priority_changes,0.37663873202990217
temporal,CONFCLOUD,dynamic_catboost,dynamic_estimate_changes,0.21624068951411624
temporal,CONFCLOUD,dynamic_catboost,dynamic_priority,1.015762571157605
temporal,CONFCLOUD,dynamic_catboost,dynamic_issue_type,1.3610935235934396
temporal,CONFCLOUD,dynamic_catboost,dynamic_estimate,0.0
temporal,CONFCLOUD,dynamic_catboost,dynamic_cohort_done_fraction,3.7049374688683274
temporal,CONFCLOUD,dynamic_catboost,cohort_size,5.990020394357476
temporal,CONFCLOUD,dynamic_no_cohort,static_age_days,4.259932285547621
temporal,CONFCLOUD,dynamic_no_cohort,static_duration_days,1.9291423633219902
temporal,CONFCLOUD,dynamic_no_cohort,static_status,3.758629051653463
temporal,CONFCLOUD,dynamic_no_cohort,static_is_done,0.0
temporal,CONFCLOUD,dynamic_no_cohort,static_status_observed,0.08512723526426785
temporal,CONFCLOUD,dynamic_no_cohort,static_status_age_days,3.2981786417777457
temporal,CONFCLOUD,dynamic_no_cohort,static_status_changes,1.1164030991108855
temporal,CONFCLOUD,dynamic_no_cohort,static_events_count,2.2504139850619382
temporal,CONFCLOUD,dynamic_no_cohort,static_events_in_sprint,0.0
temporal,CONFCLOUD,dynamic_no_cohort,static_inactive_days,10.731504084832027
temporal,CONFCLOUD,dynamic_no_cohort,static_assignee_changes,1.4433501738479313
temporal,CONFCLOUD,dynamic_no_cohort,static_priority_changes,0.2590634316629153
temporal,CONFCLOUD,dynamic_no_cohort,static_estimate_changes,0.11472206464238065
temporal,CONFCLOUD,dynamic_no_cohort,static_priority,1.3751811871396744
temporal,CONFCLOUD,dynamic_no_cohort,static_issue_type,1.9000493633762252
temporal,CONFCLOUD,dynamic_no_cohort,static_estimate,0.0
temporal,CONFCLOUD,dynamic_no_cohort,dynamic_age_days,2.353727715576774
temporal,CONFCLOUD,dynamic_no_cohort,dynamic_duration_days,2.343343330396313
temporal,CONFCLOUD,dynamic_no_cohort,dynamic_status,9.088676252646607
temporal,CONFCLOUD,dynamic_no_cohort,dynamic_is_done,41.13982395022571
temporal,CONFCLOUD,dynamic_no_cohort,dynamic_status_observed,0.014472113500277408
temporal,CONFCLOUD,dynamic_no_cohort,dynamic_status_age_days,2.3749177221171776
temporal,CONFCLOUD,dynamic_no_cohort,dynamic_status_changes,0.5949043486600339
temporal,CONFCLOUD,dynamic_no_cohort,dynamic_events_count,1.6191032171892745
temporal,CONFCLOUD,dynamic_no_cohort,dynamic_events_in_sprint,0.15542883556588227
temporal,CONFCLOUD,dynamic_no_cohort,dynamic_inactive_days,3.7343458478987235
temporal,CONFCLOUD,dynamic_no_cohort,dynamic_assignee_changes,1.2583858984981178
temporal,CONFCLOUD,dynamic_no_cohort,dynamic_priority_changes,0.17955462098745986
temporal,CONFCLOUD,dynamic_no_cohort,dynamic_estimate_changes,0.0406738630849846
temporal,CONFCLOUD,dynamic_no_cohort,dynamic_priority,0.9459884266269079
temporal,CONFCLOUD,dynamic_no_cohort,dynamic_issue_type,1.6349568897867333
temporal,CONFCLOUD,dynamic_no_cohort,dynamic_estimate,0.0
temporal,CONFSERVER,static_catboost,static_age_days,12.909216780395827
temporal,CONFSERVER,static_catboost,static_duration_days,15.388474216884292
temporal,CONFSERVER,static_catboost,static_status,14.54610538821882
temporal,CONFSERVER,static_catboost,static_is_done,7.28268878994579
temporal,CONFSERVER,static_catboost,static_status_observed,0.7900312799406392
temporal,CONFSERVER,static_catboost,static_status_age_days,13.992743148789593
temporal,CONFSERVER,static_catboost,static_status_changes,1.7169415930607732
temporal,CONFSERVER,static_catboost,static_events_count,2.5010846643402123
temporal,CONFSERVER,static_catboost,static_events_in_sprint,0.05601763333886124
temporal,CONFSERVER,static_catboost,static_inactive_days,9.254635056497264
temporal,CONFSERVER,static_catboost,static_assignee_changes,1.4002900449452613
temporal,CONFSERVER,static_catboost,static_priority_changes,0.772498484715722
temporal,CONFSERVER,static_catboost,static_estimate_changes,2.534859078474947
temporal,CONFSERVER,static_catboost,static_priority,6.421403081852086
temporal,CONFSERVER,static_catboost,static_issue_type,2.4276177779822117
temporal,CONFSERVER,static_catboost,static_estimate,0.0
temporal,CONFSERVER,static_catboost,static_cohort_done_fraction,1.2378792156443466
temporal,CONFSERVER,static_catboost,cohort_size,6.767513764973426
temporal,CONFSERVER,dynamic_catboost,static_age_days,3.066279682546609
temporal,CONFSERVER,dynamic_catboost,static_duration_days,2.2603378530251743
temporal,CONFSERVER,dynamic_catboost,static_status,2.9004803623557662
temporal,CONFSERVER,dynamic_catboost,static_is_done,0.0
temporal,CONFSERVER,dynamic_catboost,static_status_observed,0.3411395426854492
temporal,CONFSERVER,dynamic_catboost,static_status_age_days,3.4491131363871235
temporal,CONFSERVER,dynamic_catboost,static_status_changes,0.3488220793354474
temporal,CONFSERVER,dynamic_catboost,static_events_count,1.1499815395182185
temporal,CONFSERVER,dynamic_catboost,static_events_in_sprint,0.0
temporal,CONFSERVER,dynamic_catboost,static_inactive_days,2.425273323335206
temporal,CONFSERVER,dynamic_catboost,static_assignee_changes,0.46169957775739034
temporal,CONFSERVER,dynamic_catboost,static_priority_changes,0.26834796962271595
temporal,CONFSERVER,dynamic_catboost,static_estimate_changes,0.3953909240560465
temporal,CONFSERVER,dynamic_catboost,static_priority,1.5792394175572828
temporal,CONFSERVER,dynamic_catboost,static_issue_type,0.7259651833505001
temporal,CONFSERVER,dynamic_catboost,static_estimate,0.0
temporal,CONFSERVER,dynamic_catboost,static_cohort_done_fraction,0.21013052436320306
temporal,CONFSERVER,dynamic_catboost,dynamic_age_days,2.335569971292103
temporal,CONFSERVER,dynamic_catboost,dynamic_duration_days,2.444098345336961
temporal,CONFSERVER,dynamic_catboost,dynamic_status,13.683807507312299
temporal,CONFSERVER,dynamic_catboost,dynamic_is_done,38.86883875224665
temporal,CONFSERVER,dynamic_catboost,dynamic_status_observed,0.03544300024644814
temporal,CONFSERVER,dynamic_catboost,dynamic_status_age_days,3.2330602748511885
temporal,CONFSERVER,dynamic_catboost,dynamic_status_changes,2.4210415352659553
temporal,CONFSERVER,dynamic_catboost,dynamic_events_count,1.0931636743156883
temporal,CONFSERVER,dynamic_catboost,dynamic_events_in_sprint,1.524078477718326
temporal,CONFSERVER,dynamic_catboost,dynamic_inactive_days,5.066236014714265
temporal,CONFSERVER,dynamic_catboost,dynamic_assignee_changes,1.222839102446284
temporal,CONFSERVER,dynamic_catboost,dynamic_priority_changes,0.3263054583077854
temporal,CONFSERVER,dynamic_catboost,dynamic_estimate_changes,0.9074503833561478
temporal,CONFSERVER,dynamic_catboost,dynamic_priority,1.9985820939980916
temporal,CONFSERVER,dynamic_catboost,dynamic_issue_type,0.9638874453162076
temporal,CONFSERVER,dynamic_catboost,dynamic_estimate,0.0
temporal,CONFSERVER,dynamic_catboost,dynamic_cohort_done_fraction,1.736278342127164
temporal,CONFSERVER,dynamic_catboost,cohort_size,2.5571185052523755
temporal,CONFSERVER,dynamic_no_cohort,static_age_days,3.1973655799157763
temporal,CONFSERVER,dynamic_no_cohort,static_duration_days,3.5044265698475603
temporal,CONFSERVER,dynamic_no_cohort,static_status,2.105528246431942
temporal,CONFSERVER,dynamic_no_cohort,static_is_done,0.0
temporal,CONFSERVER,dynamic_no_cohort,static_status_observed,0.15922418178480238
temporal,CONFSERVER,dynamic_no_cohort,static_status_age_days,4.470799412846779
temporal,CONFSERVER,dynamic_no_cohort,static_status_changes,0.5772379965790839
temporal,CONFSERVER,dynamic_no_cohort,static_events_count,1.1236526890131848
temporal,CONFSERVER,dynamic_no_cohort,static_events_in_sprint,0.013858022017114426
temporal,CONFSERVER,dynamic_no_cohort,static_inactive_days,3.793488476209161
temporal,CONFSERVER,dynamic_no_cohort,static_assignee_changes,0.6773340924524276
temporal,CONFSERVER,dynamic_no_cohort,static_priority_changes,0.6919095914776093
temporal,CONFSERVER,dynamic_no_cohort,static_estimate_changes,0.5704437540212913
temporal,CONFSERVER,dynamic_no_cohort,static_priority,1.410053965460956
temporal,CONFSERVER,dynamic_no_cohort,static_issue_type,1.1515765800550843
temporal,CONFSERVER,dynamic_no_cohort,static_estimate,0.0
temporal,CONFSERVER,dynamic_no_cohort,dynamic_age_days,2.899166079304416
temporal,CONFSERVER,dynamic_no_cohort,dynamic_duration_days,2.6971484345238212
temporal,CONFSERVER,dynamic_no_cohort,dynamic_status,11.495317923943377
temporal,CONFSERVER,dynamic_no_cohort,dynamic_is_done,39.69732302171986
temporal,CONFSERVER,dynamic_no_cohort,dynamic_status_observed,0.04404130711518039
temporal,CONFSERVER,dynamic_no_cohort,dynamic_status_age_days,3.7713122598488575
temporal,CONFSERVER,dynamic_no_cohort,dynamic_status_changes,2.4638055415945335
temporal,CONFSERVER,dynamic_no_cohort,dynamic_events_count,1.246267607182361
temporal,CONFSERVER,dynamic_no_cohort,dynamic_events_in_sprint,1.6368676207843953
temporal,CONFSERVER,dynamic_no_cohort,dynamic_inactive_days,5.238932475909066
temporal,CONFSERVER,dynamic_no_cohort,dynamic_assignee_changes,1.5584220581228865
temporal,CONFSERVER,dynamic_no_cohort,dynamic_priority_changes,0.5858501679661209
temporal,CONFSERVER,dynamic_no_cohort,dynamic_estimate_changes,0.41388991012045945
temporal,CONFSERVER,dynamic_no_cohort,dynamic_priority,2.145932028750221
temporal,CONFSERVER,dynamic_no_cohort,dynamic_issue_type,0.658824405001686
temporal,CONFSERVER,dynamic_no_cohort,dynamic_estimate,0.0
temporal,DM,static_catboost,static_age_days,9.55451608651977
temporal,DM,static_catboost,static_duration_days,10.225597574181045
temporal,DM,static_catboost,static_status,18.850476030117427
temporal,DM,static_catboost,static_is_done,5.823074437981804
temporal,DM,static_catboost,static_status_observed,0.5813978150543628
temporal,DM,static_catboost,static_status_age_days,18.161800419025294
temporal,DM,static_catboost,static_status_changes,4.976599470369612
temporal,DM,static_catboost,static_events_count,3.880602342946383
temporal,DM,static_catboost,static_events_in_sprint,0.0
temporal,DM,static_catboost,static_inactive_days,9.800025493017259
temporal,DM,static_catboost,static_assignee_changes,2.0276625575885165
temporal,DM,static_catboost,static_priority_changes,0.43387069391205996
temporal,DM,static_catboost,static_estimate_changes,1.6416193882880732
temporal,DM,static_catboost,static_priority,0.9662951033171496
temporal,DM,static_catboost,static_issue_type,1.754227668817216
temporal,DM,static_catboost,static_estimate,0.0
temporal,DM,static_catboost,static_cohort_done_fraction,5.181799497396951
temporal,DM,static_catboost,cohort_size,6.14043542146708
temporal,DM,dynamic_catboost,static_age_days,1.981770569386871
temporal,DM,dynamic_catboost,static_duration_days,2.5810819178759035
temporal,DM,dynamic_catboost,static_status,1.0225638684452771
temporal,DM,dynamic_catboost,static_is_done,0.081346530028375
temporal,DM,dynamic_catboost,static_status_observed,0.17931326927266017
temporal,DM,dynamic_catboost,static_status_age_days,2.5777695745261244
temporal,DM,dynamic_catboost,static_status_changes,0.43429712796640635
temporal,DM,dynamic_catboost,static_events_count,1.3305364569798737
temporal,DM,dynamic_catboost,static_events_in_sprint,0.0
temporal,DM,dynamic_catboost,static_inactive_days,2.678145194336698
temporal,DM,dynamic_catboost,static_assignee_changes,0.44227178074424695
temporal,DM,dynamic_catboost,static_priority_changes,0.1492878387742901
temporal,DM,dynamic_catboost,static_estimate_changes,0.4101710450859527
temporal,DM,dynamic_catboost,static_priority,0.3258615011015404
temporal,DM,dynamic_catboost,static_issue_type,0.26040421476367964
temporal,DM,dynamic_catboost,static_estimate,0.0
temporal,DM,dynamic_catboost,static_cohort_done_fraction,2.2013028931506535
temporal,DM,dynamic_catboost,dynamic_age_days,1.8228651743155544
temporal,DM,dynamic_catboost,dynamic_duration_days,1.8878783220987598
temporal,DM,dynamic_catboost,dynamic_status,29.52691460905957
temporal,DM,dynamic_catboost,dynamic_is_done,26.799327254926432
temporal,DM,dynamic_catboost,dynamic_status_observed,0.3525033318590013
temporal,DM,dynamic_catboost,dynamic_status_age_days,6.3833842238217
temporal,DM,dynamic_catboost,dynamic_status_changes,1.3777288231450677
temporal,DM,dynamic_catboost,dynamic_events_count,1.2435515473370957
temporal,DM,dynamic_catboost,dynamic_events_in_sprint,1.5073347228324474
temporal,DM,dynamic_catboost,dynamic_inactive_days,3.057353686703143
temporal,DM,dynamic_catboost,dynamic_assignee_changes,0.553402908883566
temporal,DM,dynamic_catboost,dynamic_priority_changes,0.056195887532174284
temporal,DM,dynamic_catboost,dynamic_estimate_changes,0.935794677003233
temporal,DM,dynamic_catboost,dynamic_priority,0.04561754705762551
temporal,DM,dynamic_catboost,dynamic_issue_type,0.21313328003845505
temporal,DM,dynamic_catboost,dynamic_estimate,0.0
temporal,DM,dynamic_catboost,dynamic_cohort_done_fraction,4.30793901379836
temporal,DM,dynamic_catboost,cohort_size,3.2729512071492555
temporal,DM,dynamic_no_cohort,static_age_days,2.3075276627970087
temporal,DM,dynamic_no_cohort,static_duration_days,3.1466665623735657
temporal,DM,dynamic_no_cohort,static_status,1.300622281603083
temporal,DM,dynamic_no_cohort,static_is_done,0.152451449714484
temporal,DM,dynamic_no_cohort,static_status_observed,0.23680347256089573
temporal,DM,dynamic_no_cohort,static_status_age_days,2.9219810001028104
temporal,DM,dynamic_no_cohort,static_status_changes,0.39784571697975957
temporal,DM,dynamic_no_cohort,static_events_count,1.2068420603471446
temporal,DM,dynamic_no_cohort,static_events_in_sprint,0.0
temporal,DM,dynamic_no_cohort,static_inactive_days,2.867165469339577
temporal,DM,dynamic_no_cohort,static_assignee_changes,0.41821800412559335
temporal,DM,dynamic_no_cohort,static_priority_changes,0.08880734999198128
temporal,DM,dynamic_no_cohort,static_estimate_changes,0.9054462418635609
temporal,DM,dynamic_no_cohort,static_priority,0.25538981941298655
temporal,DM,dynamic_no_cohort,static_issue_type,0.18751341268831942
temporal,DM,dynamic_no_cohort,static_estimate,0.0
temporal,DM,dynamic_no_cohort,dynamic_age_days,1.8060772660095372
temporal,DM,dynamic_no_cohort,dynamic_duration_days,2.965612277463767
temporal,DM,dynamic_no_cohort,dynamic_status,24.725795428119557
temporal,DM,dynamic_no_cohort,dynamic_is_done,38.04602859011652
temporal,DM,dynamic_no_cohort,dynamic_status_observed,0.3939576761926201
temporal,DM,dynamic_no_cohort,dynamic_status_age_days,6.099319091643578
temporal,DM,dynamic_no_cohort,dynamic_status_changes,1.501388489776134
temporal,DM,dynamic_no_cohort,dynamic_events_count,1.406042260505705
temporal,DM,dynamic_no_cohort,dynamic_events_in_sprint,1.6271478066682277
temporal,DM,dynamic_no_cohort,dynamic_inactive_days,3.5027774534056193
temporal,DM,dynamic_no_cohort,dynamic_assignee_changes,0.43959350420561927
temporal,DM,dynamic_no_cohort,dynamic_priority_changes,0.16486797878634232
temporal,DM,dynamic_no_cohort,dynamic_estimate_changes,0.4717231192554376
temporal,DM,dynamic_no_cohort,dynamic_priority,0.26012109549569173
temporal,DM,dynamic_no_cohort,dynamic_issue_type,0.1962674584548787
temporal,DM,dynamic_no_cohort,dynamic_estimate,0.0
temporal,INDY,static_catboost,static_age_days,15.110592633460389
temporal,INDY,static_catboost,static_duration_days,11.028404680055353
temporal,INDY,static_catboost,static_status,12.443900341009524
temporal,INDY,static_catboost,static_is_done,2.9807206001121034
temporal,INDY,static_catboost,static_status_observed,1.5639725872491599
temporal,INDY,static_catboost,static_status_age_days,10.02533230668574
temporal,INDY,static_catboost,static_status_changes,4.3071882711898715
temporal,INDY,static_catboost,static_events_count,3.428045629758472
temporal,INDY,static_catboost,static_events_in_sprint,0.0
temporal,INDY,static_catboost,static_inactive_days,15.709574111877805
temporal,INDY,static_catboost,static_assignee_changes,5.314872225041189
temporal,INDY,static_catboost,static_priority_changes,0.23195788907656464
temporal,INDY,static_catboost,static_estimate_changes,1.8553036259974673
temporal,INDY,static_catboost,static_priority,3.5991269449182335
temporal,INDY,static_catboost,static_issue_type,1.9329523683548955
temporal,INDY,static_catboost,static_estimate,0.0
temporal,INDY,static_catboost,static_cohort_done_fraction,4.032814426656665
temporal,INDY,static_catboost,cohort_size,6.435241358556623
temporal,INDY,dynamic_catboost,static_age_days,5.113123671163625
temporal,INDY,dynamic_catboost,static_duration_days,3.434723831243947
temporal,INDY,dynamic_catboost,static_status,3.4560365294885425
temporal,INDY,dynamic_catboost,static_is_done,0.0838771211431312
temporal,INDY,dynamic_catboost,static_status_observed,0.1163716294911302
temporal,INDY,dynamic_catboost,static_status_age_days,3.1892373884498157
temporal,INDY,dynamic_catboost,static_status_changes,0.6779926380988879
temporal,INDY,dynamic_catboost,static_events_count,1.1489319532945887
temporal,INDY,dynamic_catboost,static_events_in_sprint,0.0
temporal,INDY,dynamic_catboost,static_inactive_days,6.661604912334937
temporal,INDY,dynamic_catboost,static_assignee_changes,1.5790884705157016
temporal,INDY,dynamic_catboost,static_priority_changes,0.1378424280321685
temporal,INDY,dynamic_catboost,static_estimate_changes,1.0383154034159006
temporal,INDY,dynamic_catboost,static_priority,1.6041507669313695
temporal,INDY,dynamic_catboost,static_issue_type,0.7917225917266612
temporal,INDY,dynamic_catboost,static_estimate,0.0
temporal,INDY,dynamic_catboost,static_cohort_done_fraction,0.6322135461334507
temporal,INDY,dynamic_catboost,dynamic_age_days,3.474394316684192
temporal,INDY,dynamic_catboost,dynamic_duration_days,1.9853799448741563
temporal,INDY,dynamic_catboost,dynamic_status,15.061504327165657
temporal,INDY,dynamic_catboost,dynamic_is_done,19.483619156858285
temporal,INDY,dynamic_catboost,dynamic_status_observed,0.02874448670433545
temporal,INDY,dynamic_catboost,dynamic_status_age_days,2.8144088504243396
temporal,INDY,dynamic_catboost,dynamic_status_changes,2.5939499105114034
temporal,INDY,dynamic_catboost,dynamic_events_count,2.0936590769912833
temporal,INDY,dynamic_catboost,dynamic_events_in_sprint,1.9420656532385727
temporal,INDY,dynamic_catboost,dynamic_inactive_days,6.649015862377848
temporal,INDY,dynamic_catboost,dynamic_assignee_changes,1.7271178204925954
temporal,INDY,dynamic_catboost,dynamic_priority_changes,0.2105828527555116
temporal,INDY,dynamic_catboost,dynamic_estimate_changes,0.7424572306147738
temporal,INDY,dynamic_catboost,dynamic_priority,1.2721302173270692
temporal,INDY,dynamic_catboost,dynamic_issue_type,0.7717340602608936
temporal,INDY,dynamic_catboost,dynamic_estimate,0.0
temporal,INDY,dynamic_catboost,dynamic_cohort_done_fraction,5.137489619584719
temporal,INDY,dynamic_catboost,cohort_size,4.346513731670518
temporal,INDY,dynamic_no_cohort,static_age_days,5.570824284797177
temporal,INDY,dynamic_no_cohort,static_duration_days,3.696356654259583
temporal,INDY,dynamic_no_cohort,static_status,2.1959499248108676
temporal,INDY,dynamic_no_cohort,static_is_done,0.01709996276890244
temporal,INDY,dynamic_no_cohort,static_status_observed,0.13228976239506376
temporal,INDY,dynamic_no_cohort,static_status_age_days,3.9446587253852647
temporal,INDY,dynamic_no_cohort,static_status_changes,0.7178809632395917
temporal,INDY,dynamic_no_cohort,static_events_count,1.129118663572489
temporal,INDY,dynamic_no_cohort,static_events_in_sprint,0.0
temporal,INDY,dynamic_no_cohort,static_inactive_days,7.784675138353891
temporal,INDY,dynamic_no_cohort,static_assignee_changes,2.023075220122337
temporal,INDY,dynamic_no_cohort,static_priority_changes,0.33830446414471615
temporal,INDY,dynamic_no_cohort,static_estimate_changes,1.603378092706102
temporal,INDY,dynamic_no_cohort,static_priority,2.6097042735749225
temporal,INDY,dynamic_no_cohort,static_issue_type,0.914283929630763
temporal,INDY,dynamic_no_cohort,static_estimate,0.0
temporal,INDY,dynamic_no_cohort,dynamic_age_days,3.648342363883872
temporal,INDY,dynamic_no_cohort,dynamic_duration_days,3.7989102778590214
temporal,INDY,dynamic_no_cohort,dynamic_status,17.77117880815627
temporal,INDY,dynamic_no_cohort,dynamic_is_done,19.042397687265673
temporal,INDY,dynamic_no_cohort,dynamic_status_observed,0.04987024147397629
temporal,INDY,dynamic_no_cohort,dynamic_status_age_days,4.144608087616548
temporal,INDY,dynamic_no_cohort,dynamic_status_changes,2.890348491962397
temporal,INDY,dynamic_no_cohort,dynamic_events_count,2.486901473163206
temporal,INDY,dynamic_no_cohort,dynamic_events_in_sprint,1.9150225786616255
temporal,INDY,dynamic_no_cohort,dynamic_inactive_days,5.930934502812466
temporal,INDY,dynamic_no_cohort,dynamic_assignee_changes,1.7931219875395867
temporal,INDY,dynamic_no_cohort,dynamic_priority_changes,0.08798227370661146
temporal,INDY,dynamic_no_cohort,dynamic_estimate_changes,1.672538551761053
temporal,INDY,dynamic_no_cohort,dynamic_priority,0.9266634420355134
temporal,INDY,dynamic_no_cohort,dynamic_issue_type,1.1635791723405209
temporal,INDY,dynamic_no_cohort,dynamic_estimate,0.0
temporal,IS,static_catboost,static_age_days,12.758400852537452
temporal,IS,static_catboost,static_duration_days,9.042945277872647
temporal,IS,static_catboost,static_status,21.240991282267004
temporal,IS,static_catboost,static_is_done,0.023956997381770283
temporal,IS,static_catboost,static_status_observed,0.88382553920038
temporal,IS,static_catboost,static_status_age_days,6.566722438138456
temporal,IS,static_catboost,static_status_changes,1.633699498115965
temporal,IS,static_catboost,static_events_count,5.73503637521722
temporal,IS,static_catboost,static_events_in_sprint,0.0
temporal,IS,static_catboost,static_inactive_days,11.842404154122509
temporal,IS,static_catboost,static_assignee_changes,5.769377942650598
temporal,IS,static_catboost,static_priority_changes,0.734090104698367
temporal,IS,static_catboost,static_estimate_changes,2.070496821497836
temporal,IS,static_catboost,static_priority,3.7006957133212826
temporal,IS,static_catboost,static_issue_type,6.713865203495544
temporal,IS,static_catboost,static_estimate,0.0
temporal,IS,static_catboost,static_cohort_done_fraction,0.537297875994251
temporal,IS,static_catboost,cohort_size,10.746193923488727
temporal,IS,dynamic_catboost,static_age_days,3.632594096547092
temporal,IS,dynamic_catboost,static_duration_days,3.9673937733396336
temporal,IS,dynamic_catboost,static_status,3.1902269352727544
temporal,IS,dynamic_catboost,static_is_done,0.0
temporal,IS,dynamic_catboost,static_status_observed,0.047688293837202675
temporal,IS,dynamic_catboost,static_status_age_days,1.5773479304180615
temporal,IS,dynamic_catboost,static_status_changes,0.3824244205732841
temporal,IS,dynamic_catboost,static_events_count,2.566440664486743
temporal,IS,dynamic_catboost,static_events_in_sprint,0.0
temporal,IS,dynamic_catboost,static_inactive_days,2.955399441115542
temporal,IS,dynamic_catboost,static_assignee_changes,0.7109364064503687
temporal,IS,dynamic_catboost,static_priority_changes,0.1400629428400359
temporal,IS,dynamic_catboost,static_estimate_changes,0.5563946426852985
temporal,IS,dynamic_catboost,static_priority,1.4250809159654971
temporal,IS,dynamic_catboost,static_issue_type,0.9722967133247609
temporal,IS,dynamic_catboost,static_estimate,0.0
temporal,IS,dynamic_catboost,static_cohort_done_fraction,0.29885820858070494
temporal,IS,dynamic_catboost,dynamic_age_days,5.017368832180634
temporal,IS,dynamic_catboost,dynamic_duration_days,2.567560881399238
temporal,IS,dynamic_catboost,dynamic_status,22.77442155417882
temporal,IS,dynamic_catboost,dynamic_is_done,7.364089431764184
temporal,IS,dynamic_catboost,dynamic_status_observed,0.8659910954055222
temporal,IS,dynamic_catboost,dynamic_status_age_days,9.491666831630019
temporal,IS,dynamic_catboost,dynamic_status_changes,2.293307078020521
temporal,IS,dynamic_catboost,dynamic_events_count,4.372498765153561
temporal,IS,dynamic_catboost,dynamic_events_in_sprint,3.4596092037016293
temporal,IS,dynamic_catboost,dynamic_inactive_days,6.582398062595316
temporal,IS,dynamic_catboost,dynamic_assignee_changes,1.2624954264157093
temporal,IS,dynamic_catboost,dynamic_priority_changes,0.4113485447095401
temporal,IS,dynamic_catboost,dynamic_estimate_changes,0.18639769153979782
temporal,IS,dynamic_catboost,dynamic_priority,1.1327044852477428
temporal,IS,dynamic_catboost,dynamic_issue_type,1.5987613081507355
temporal,IS,dynamic_catboost,dynamic_estimate,0.0
temporal,IS,dynamic_catboost,dynamic_cohort_done_fraction,4.696373798120218
temporal,IS,dynamic_catboost,cohort_size,3.499861624349823
temporal,IS,dynamic_no_cohort,static_age_days,3.8740563331248956
temporal,IS,dynamic_no_cohort,static_duration_days,4.498745853784863
temporal,IS,dynamic_no_cohort,static_status,4.44615873536103
temporal,IS,dynamic_no_cohort,static_is_done,0.0007998351257869458
temporal,IS,dynamic_no_cohort,static_status_observed,0.10188434909547607
temporal,IS,dynamic_no_cohort,static_status_age_days,1.8859491851711743
temporal,IS,dynamic_no_cohort,static_status_changes,0.2811144368607724
temporal,IS,dynamic_no_cohort,static_events_count,2.5019022171142042
temporal,IS,dynamic_no_cohort,static_events_in_sprint,0.0
temporal,IS,dynamic_no_cohort,static_inactive_days,4.584570275630713
temporal,IS,dynamic_no_cohort,static_assignee_changes,1.581302054959002
temporal,IS,dynamic_no_cohort,static_priority_changes,0.20115705592774025
temporal,IS,dynamic_no_cohort,static_estimate_changes,0.5630680469322284
temporal,IS,dynamic_no_cohort,static_priority,1.041956254160159
temporal,IS,dynamic_no_cohort,static_issue_type,1.1220518704521123
temporal,IS,dynamic_no_cohort,static_estimate,0.0
temporal,IS,dynamic_no_cohort,dynamic_age_days,7.181449457800514
temporal,IS,dynamic_no_cohort,dynamic_duration_days,3.955342454692233
temporal,IS,dynamic_no_cohort,dynamic_status,23.54883598987228
temporal,IS,dynamic_no_cohort,dynamic_is_done,5.485221104940007
temporal,IS,dynamic_no_cohort,dynamic_status_observed,0.6561097559276492
temporal,IS,dynamic_no_cohort,dynamic_status_age_days,8.667898690365424
temporal,IS,dynamic_no_cohort,dynamic_status_changes,3.818772513312952
temporal,IS,dynamic_no_cohort,dynamic_events_count,4.648373729664295
temporal,IS,dynamic_no_cohort,dynamic_events_in_sprint,1.6893228671839038
temporal,IS,dynamic_no_cohort,dynamic_inactive_days,6.744845129222783
temporal,IS,dynamic_no_cohort,dynamic_assignee_changes,2.1932147179772086
temporal,IS,dynamic_no_cohort,dynamic_priority_changes,0.48659012733671847
temporal,IS,dynamic_no_cohort,dynamic_estimate_changes,0.3820130837594884
temporal,IS,dynamic_no_cohort,dynamic_priority,1.8360056852841713
temporal,IS,dynamic_no_cohort,dynamic_issue_type,2.0212881889601455
temporal,IS,dynamic_no_cohort,dynamic_estimate,0.0
temporal,MESOS,static_catboost,static_age_days,16.72853061722524
temporal,MESOS,static_catboost,static_duration_days,10.703091324166198
temporal,MESOS,static_catboost,static_status,12.376958020462538
temporal,MESOS,static_catboost,static_is_done,3.4353067297091116
temporal,MESOS,static_catboost,static_status_observed,0.47804807711874936
temporal,MESOS,static_catboost,static_status_age_days,11.804491284988291
temporal,MESOS,static_catboost,static_status_changes,3.4585347483861897
temporal,MESOS,static_catboost,static_events_count,4.811684169727002
temporal,MESOS,static_catboost,static_events_in_sprint,0.0
temporal,MESOS,static_catboost,static_inactive_days,10.184499800512583
temporal,MESOS,static_catboost,static_assignee_changes,1.8170462515041284
temporal,MESOS,static_catboost,static_priority_changes,1.2619103724763208
temporal,MESOS,static_catboost,static_estimate_changes,2.538029457847431
temporal,MESOS,static_catboost,static_priority,1.9814291485961717
temporal,MESOS,static_catboost,static_issue_type,3.244961200602463
temporal,MESOS,static_catboost,static_estimate,0.0
temporal,MESOS,static_catboost,static_cohort_done_fraction,3.398700095789538
temporal,MESOS,static_catboost,cohort_size,11.776778700888086
temporal,MESOS,dynamic_catboost,static_age_days,2.9546334840200235
temporal,MESOS,dynamic_catboost,static_duration_days,2.5840117873820496
temporal,MESOS,dynamic_catboost,static_status,1.420581436959551
temporal,MESOS,dynamic_catboost,static_is_done,0.0
temporal,MESOS,dynamic_catboost,static_status_observed,0.12249326778121129
temporal,MESOS,dynamic_catboost,static_status_age_days,2.8545720747989116
temporal,MESOS,dynamic_catboost,static_status_changes,0.9108966856586173
temporal,MESOS,dynamic_catboost,static_events_count,1.2018589800326085
temporal,MESOS,dynamic_catboost,static_events_in_sprint,0.0
temporal,MESOS,dynamic_catboost,static_inactive_days,4.142164870368458
temporal,MESOS,dynamic_catboost,static_assignee_changes,0.5348463209498908
temporal,MESOS,dynamic_catboost,static_priority_changes,0.15156131419163407
temporal,MESOS,dynamic_catboost,static_estimate_changes,0.3091169089106495
temporal,MESOS,dynamic_catboost,static_priority,0.27533919119481903
temporal,MESOS,dynamic_catboost,static_issue_type,0.7668209677436745
temporal,MESOS,dynamic_catboost,static_estimate,0.0
temporal,MESOS,dynamic_catboost,static_cohort_done_fraction,1.2212209281633843
temporal,MESOS,dynamic_catboost,dynamic_age_days,4.284571432993173
temporal,MESOS,dynamic_catboost,dynamic_duration_days,2.9137956544257757
temporal,MESOS,dynamic_catboost,dynamic_status,10.167248957190274
temporal,MESOS,dynamic_catboost,dynamic_is_done,41.373956562962604
temporal,MESOS,dynamic_catboost,dynamic_status_observed,0.04240986639735507
temporal,MESOS,dynamic_catboost,dynamic_status_age_days,4.818604958474361
temporal,MESOS,dynamic_catboost,dynamic_status_changes,0.8753048848219287
temporal,MESOS,dynamic_catboost,dynamic_events_count,1.5499352082698679
temporal,MESOS,dynamic_catboost,dynamic_events_in_sprint,1.239653223887737
temporal,MESOS,dynamic_catboost,dynamic_inactive_days,2.3398193609968008
temporal,MESOS,dynamic_catboost,dynamic_assignee_changes,0.7537784882773444
temporal,MESOS,dynamic_catboost,dynamic_priority_changes,0.23315993179794628
temporal,MESOS,dynamic_catboost,dynamic_estimate_changes,0.6234099595514733
temporal,MESOS,dynamic_catboost,dynamic_priority,0.6531156277411154
temporal,MESOS,dynamic_catboost,dynamic_issue_type,0.9467210439766474
temporal,MESOS,dynamic_catboost,dynamic_estimate,0.0
temporal,MESOS,dynamic_catboost,dynamic_cohort_done_fraction,2.5221631342766315
temporal,MESOS,dynamic_catboost,cohort_size,5.212233485803482
temporal,MESOS,dynamic_no_cohort,static_age_days,4.067202967269481
temporal,MESOS,dynamic_no_cohort,static_duration_days,3.861284108161762
temporal,MESOS,dynamic_no_cohort,static_status,2.7028125795752485
temporal,MESOS,dynamic_no_cohort,static_is_done,0.0
temporal,MESOS,dynamic_no_cohort,static_status_observed,0.19063111114451567
temporal,MESOS,dynamic_no_cohort,static_status_age_days,2.766405564118614
temporal,MESOS,dynamic_no_cohort,static_status_changes,1.0003989058209273
temporal,MESOS,dynamic_no_cohort,static_events_count,1.755735062152748
temporal,MESOS,dynamic_no_cohort,static_events_in_sprint,0.0
temporal,MESOS,dynamic_no_cohort,static_inactive_days,6.1990367147197
temporal,MESOS,dynamic_no_cohort,static_assignee_changes,0.9069051944311556
temporal,MESOS,dynamic_no_cohort,static_priority_changes,0.37370561382717005
temporal,MESOS,dynamic_no_cohort,static_estimate_changes,0.5619850238190192
temporal,MESOS,dynamic_no_cohort,static_priority,0.4828553263122954
temporal,MESOS,dynamic_no_cohort,static_issue_type,1.522273565782191
temporal,MESOS,dynamic_no_cohort,static_estimate,0.0
temporal,MESOS,dynamic_no_cohort,dynamic_age_days,4.752458899931704
temporal,MESOS,dynamic_no_cohort,dynamic_duration_days,4.105586236860737
temporal,MESOS,dynamic_no_cohort,dynamic_status,21.355358054355683
temporal,MESOS,dynamic_no_cohort,dynamic_is_done,28.39271165358739
temporal,MESOS,dynamic_no_cohort,dynamic_status_observed,0.0007100563861469759
temporal,MESOS,dynamic_no_cohort,dynamic_status_age_days,5.345355395343777
temporal,MESOS,dynamic_no_cohort,dynamic_status_changes,1.74575845768174
temporal,MESOS,dynamic_no_cohort,dynamic_events_count,1.8129654306958318
temporal,MESOS,dynamic_no_cohort,dynamic_events_in_sprint,0.7316982862614323
temporal,MESOS,dynamic_no_cohort,dynamic_inactive_days,2.991883152374988
temporal,MESOS,dynamic_no_cohort,dynamic_assignee_changes,0.4753902941191418
temporal,MESOS,dynamic_no_cohort,dynamic_priority_changes,0.1798858581171932
temporal,MESOS,dynamic_no_cohort,dynamic_estimate_changes,0.9244370366730398
temporal,MESOS,dynamic_no_cohort,dynamic_priority,0.3062946107894272
temporal,MESOS,dynamic_no_cohort,dynamic_issue_type,0.4882748396869209
temporal,MESOS,dynamic_no_cohort,dynamic_estimate,0.0
temporal,MULE,static_catboost,static_age_days,13.550145096860517
temporal,MULE,static_catboost,static_duration_days,14.588957440613735
temporal,MULE,static_catboost,static_status,4.483082871201865
temporal,MULE,static_catboost,static_is_done,1.6286435814227236
temporal,MULE,static_catboost,static_status_observed,0.8126870197077057
temporal,MULE,static_catboost,static_status_age_days,5.469395947592058
temporal,MULE,static_catboost,static_status_changes,1.2852379417651203
temporal,MULE,static_catboost,static_events_count,6.363950447823463
temporal,MULE,static_catboost,static_events_in_sprint,0.08811161311649232
temporal,MULE,static_catboost,static_inactive_days,13.85279285428941
temporal,MULE,static_catboost,static_assignee_changes,3.5444885562261
temporal,MULE,static_catboost,static_priority_changes,3.1739491721386384
temporal,MULE,static_catboost,static_estimate_changes,3.173043302887481
temporal,MULE,static_catboost,static_priority,8.528724609046597
temporal,MULE,static_catboost,static_issue_type,3.5869193041982848
temporal,MULE,static_catboost,static_estimate,0.0
temporal,MULE,static_catboost,static_cohort_done_fraction,5.979760258608567
temporal,MULE,static_catboost,cohort_size,9.890109982501281
temporal,MULE,dynamic_catboost,static_age_days,3.841565477788223
temporal,MULE,dynamic_catboost,static_duration_days,3.7609526092974606
temporal,MULE,dynamic_catboost,static_status,1.4466863834815862
temporal,MULE,dynamic_catboost,static_is_done,0.0
temporal,MULE,dynamic_catboost,static_status_observed,0.32954565185284973
temporal,MULE,dynamic_catboost,static_status_age_days,1.1459701548841577
temporal,MULE,dynamic_catboost,static_status_changes,0.13152142052983662
temporal,MULE,dynamic_catboost,static_events_count,1.509690818335169
temporal,MULE,dynamic_catboost,static_events_in_sprint,0.05970468722235583
temporal,MULE,dynamic_catboost,static_inactive_days,4.822549349049469
temporal,MULE,dynamic_catboost,static_assignee_changes,0.6903660987819081
temporal,MULE,dynamic_catboost,static_priority_changes,0.5014681597856858
temporal,MULE,dynamic_catboost,static_estimate_changes,0.7208539101434538
temporal,MULE,dynamic_catboost,static_priority,2.7727357564339243
temporal,MULE,dynamic_catboost,static_issue_type,0.6443016565706102
temporal,MULE,dynamic_catboost,static_estimate,0.0
temporal,MULE,dynamic_catboost,static_cohort_done_fraction,2.2232782815492595
temporal,MULE,dynamic_catboost,dynamic_age_days,2.782503447800866
temporal,MULE,dynamic_catboost,dynamic_duration_days,3.164915962499881
temporal,MULE,dynamic_catboost,dynamic_status,11.67840830058542
temporal,MULE,dynamic_catboost,dynamic_is_done,30.90540152127728
temporal,MULE,dynamic_catboost,dynamic_status_observed,0.25337971494822964
temporal,MULE,dynamic_catboost,dynamic_status_age_days,3.200722209553575
temporal,MULE,dynamic_catboost,dynamic_status_changes,1.1862634850768894
temporal,MULE,dynamic_catboost,dynamic_events_count,2.943342134488885
temporal,MULE,dynamic_catboost,dynamic_events_in_sprint,2.7386762802079336
temporal,MULE,dynamic_catboost,dynamic_inactive_days,5.382768942046445
temporal,MULE,dynamic_catboost,dynamic_assignee_changes,0.7364312434666433
temporal,MULE,dynamic_catboost,dynamic_priority_changes,0.2231480687623624
temporal,MULE,dynamic_catboost,dynamic_estimate_changes,0.44530211028982186
temporal,MULE,dynamic_catboost,dynamic_priority,1.9198716687775064
temporal,MULE,dynamic_catboost,dynamic_issue_type,0.8051698535056028
temporal,MULE,dynamic_catboost,dynamic_estimate,0.0
temporal,MULE,dynamic_catboost,dynamic_cohort_done_fraction,3.325065004147839
temporal,MULE,dynamic_catboost,cohort_size,3.707439636858843
temporal,MULE,dynamic_no_cohort,static_age_days,4.196036473529663
temporal,MULE,dynamic_no_cohort,static_duration_days,3.802191974921637
temporal,MULE,dynamic_no_cohort,static_status,0.9824580162479334
temporal,MULE,dynamic_no_cohort,static_is_done,0.038664276820721113
temporal,MULE,dynamic_no_cohort,static_status_observed,0.05599953720941481
temporal,MULE,dynamic_no_cohort,static_status_age_days,1.034423164309967
temporal,MULE,dynamic_no_cohort,static_status_changes,0.5055865567533044
temporal,MULE,dynamic_no_cohort,static_events_count,2.294135620840984
temporal,MULE,dynamic_no_cohort,static_events_in_sprint,0.08257124307904963
temporal,MULE,dynamic_no_cohort,static_inactive_days,5.318335749582591
temporal,MULE,dynamic_no_cohort,static_assignee_changes,0.5751026003790172
temporal,MULE,dynamic_no_cohort,static_priority_changes,1.1349665725929154
temporal,MULE,dynamic_no_cohort,static_estimate_changes,0.985822494754579
temporal,MULE,dynamic_no_cohort,static_priority,3.482261089864004
temporal,MULE,dynamic_no_cohort,static_issue_type,1.110792028966259
temporal,MULE,dynamic_no_cohort,static_estimate,0.0
temporal,MULE,dynamic_no_cohort,dynamic_age_days,3.896029487351756
temporal,MULE,dynamic_no_cohort,dynamic_duration_days,3.7120336282139674
temporal,MULE,dynamic_no_cohort,dynamic_status,14.96844112820393
temporal,MULE,dynamic_no_cohort,dynamic_is_done,32.538395262201284
temporal,MULE,dynamic_no_cohort,dynamic_status_observed,0.20689303137793838
temporal,MULE,dynamic_no_cohort,dynamic_status_age_days,4.178470872059969
temporal,MULE,dynamic_no_cohort,dynamic_status_changes,0.976068299407347
temporal,MULE,dynamic_no_cohort,dynamic_events_count,2.21045856454005
temporal,MULE,dynamic_no_cohort,dynamic_events_in_sprint,2.460664793874756
temporal,MULE,dynamic_no_cohort,dynamic_inactive_days,5.037031642913852
temporal,MULE,dynamic_no_cohort,dynamic_assignee_changes,0.5700132225582469
temporal,MULE,dynamic_no_cohort,dynamic_priority_changes,0.31562256481747575
temporal,MULE,dynamic_no_cohort,dynamic_estimate_changes,0.2662954703605842
temporal,MULE,dynamic_no_cohort,dynamic_priority,2.0017079963121915
temporal,MULE,dynamic_no_cohort,dynamic_issue_type,1.0625266359545862
temporal,MULE,dynamic_no_cohort,dynamic_estimate,0.0
temporal,NEXUS,static_catboost,static_age_days,14.307295397031785
temporal,NEXUS,static_catboost,static_duration_days,12.154867329363727
temporal,NEXUS,static_catboost,static_status,13.875835245810896
temporal,NEXUS,static_catboost,static_is_done,0.019864191170457055
temporal,NEXUS,static_catboost,static_status_observed,0.5952274204136585
temporal,NEXUS,static_catboost,static_status_age_days,14.976198575522032
temporal,NEXUS,static_catboost,static_status_changes,2.641857879953665
temporal,NEXUS,static_catboost,static_events_count,3.8738632231025276
temporal,NEXUS,static_catboost,static_events_in_sprint,0.0
temporal,NEXUS,static_catboost,static_inactive_days,11.329317808033489
temporal,NEXUS,static_catboost,static_assignee_changes,1.2443051643945198
temporal,NEXUS,static_catboost,static_priority_changes,0.5711758308025426
temporal,NEXUS,static_catboost,static_estimate_changes,2.503981922484678
temporal,NEXUS,static_catboost,static_priority,3.8190757312232235
temporal,NEXUS,static_catboost,static_issue_type,4.535573790231137
temporal,NEXUS,static_catboost,static_estimate,0.0
temporal,NEXUS,static_catboost,static_cohort_done_fraction,2.4314498409291407
temporal,NEXUS,static_catboost,cohort_size,11.120110649532581
temporal,NEXUS,dynamic_catboost,static_age_days,2.157789575723322
temporal,NEXUS,dynamic_catboost,static_duration_days,2.1714087506342805
temporal,NEXUS,dynamic_catboost,static_status,4.129051690701471
temporal,NEXUS,dynamic_catboost,static_is_done,0.044445728263746015
temporal,NEXUS,dynamic_catboost,static_status_observed,0.07631677431110372
temporal,NEXUS,dynamic_catboost,static_status_age_days,3.479971672924505
temporal,NEXUS,dynamic_catboost,static_status_changes,0.7506100541705594
temporal,NEXUS,dynamic_catboost,static_events_count,1.7268699685775903
temporal,NEXUS,dynamic_catboost,static_events_in_sprint,0.0
temporal,NEXUS,dynamic_catboost,static_inactive_days,4.3006066364969975
temporal,NEXUS,dynamic_catboost,static_assignee_changes,0.3526469354300964
temporal,NEXUS,dynamic_catboost,static_priority_changes,0.19228802904668688
temporal,NEXUS,dynamic_catboost,static_estimate_changes,1.8172658540580926
temporal,NEXUS,dynamic_catboost,static_priority,0.9408553875227322
temporal,NEXUS,dynamic_catboost,static_issue_type,0.5704764377234943
temporal,NEXUS,dynamic_catboost,static_estimate,0.0
temporal,NEXUS,dynamic_catboost,static_cohort_done_fraction,0.6103843863629552
temporal,NEXUS,dynamic_catboost,dynamic_age_days,2.5880848582801206
temporal,NEXUS,dynamic_catboost,dynamic_duration_days,2.205500754699074
temporal,NEXUS,dynamic_catboost,dynamic_status,22.28416394671957
temporal,NEXUS,dynamic_catboost,dynamic_is_done,25.249996556524753
temporal,NEXUS,dynamic_catboost,dynamic_status_observed,0.01741711095698217
temporal,NEXUS,dynamic_catboost,dynamic_status_age_days,3.0809033228633895
temporal,NEXUS,dynamic_catboost,dynamic_status_changes,1.3620600886609557
temporal,NEXUS,dynamic_catboost,dynamic_events_count,1.8300101899130758
temporal,NEXUS,dynamic_catboost,dynamic_events_in_sprint,2.7550046712498695
temporal,NEXUS,dynamic_catboost,dynamic_inactive_days,4.632054414964146
temporal,NEXUS,dynamic_catboost,dynamic_assignee_changes,2.0768710273691338
temporal,NEXUS,dynamic_catboost,dynamic_priority_changes,0.1263757728203217
temporal,NEXUS,dynamic_catboost,dynamic_estimate_changes,1.6754013427253371
temporal,NEXUS,dynamic_catboost,dynamic_priority,0.827866516010496
temporal,NEXUS,dynamic_catboost,dynamic_issue_type,0.9559303662638787
temporal,NEXUS,dynamic_catboost,dynamic_estimate,0.0
temporal,NEXUS,dynamic_catboost,dynamic_cohort_done_fraction,3.64656377070121
temporal,NEXUS,dynamic_catboost,cohort_size,1.3648074073300835
temporal,NEXUS,dynamic_no_cohort,static_age_days,2.241138546285246
temporal,NEXUS,dynamic_no_cohort,static_duration_days,3.5836573210004903
temporal,NEXUS,dynamic_no_cohort,static_status,5.490156557595117
temporal,NEXUS,dynamic_no_cohort,static_is_done,0.08192880059661556
temporal,NEXUS,dynamic_no_cohort,static_status_observed,0.011728753948686001
temporal,NEXUS,dynamic_no_cohort,static_status_age_days,2.1687204610083173
temporal,NEXUS,dynamic_no_cohort,static_status_changes,1.4718845779576284
temporal,NEXUS,dynamic_no_cohort,static_events_count,1.510431891587444
temporal,NEXUS,dynamic_no_cohort,static_events_in_sprint,0.0
temporal,NEXUS,dynamic_no_cohort,static_inactive_days,5.479953468425462
temporal,NEXUS,dynamic_no_cohort,static_assignee_changes,0.7949604556496245
temporal,NEXUS,dynamic_no_cohort,static_priority_changes,0.008515406076467861
temporal,NEXUS,dynamic_no_cohort,static_estimate_changes,1.46055405741874
temporal,NEXUS,dynamic_no_cohort,static_priority,1.855315689617154
temporal,NEXUS,dynamic_no_cohort,static_issue_type,1.9653569196797747
temporal,NEXUS,dynamic_no_cohort,static_estimate,0.0
temporal,NEXUS,dynamic_no_cohort,dynamic_age_days,2.152177292271898
temporal,NEXUS,dynamic_no_cohort,dynamic_duration_days,2.749385384296557
temporal,NEXUS,dynamic_no_cohort,dynamic_status,20.825827936192393
temporal,NEXUS,dynamic_no_cohort,dynamic_is_done,24.355428726437747
temporal,NEXUS,dynamic_no_cohort,dynamic_status_observed,0.011654993326573437
temporal,NEXUS,dynamic_no_cohort,dynamic_status_age_days,4.737101791048724
temporal,NEXUS,dynamic_no_cohort,dynamic_status_changes,1.1745873483321403
temporal,NEXUS,dynamic_no_cohort,dynamic_events_count,2.0913534862106946
temporal,NEXUS,dynamic_no_cohort,dynamic_events_in_sprint,3.7075386107658646
temporal,NEXUS,dynamic_no_cohort,dynamic_inactive_days,4.485759716129228
temporal,NEXUS,dynamic_no_cohort,dynamic_assignee_changes,1.8919185732274215
temporal,NEXUS,dynamic_no_cohort,dynamic_priority_changes,0.2003261056844727
temporal,NEXUS,dynamic_no_cohort,dynamic_estimate_changes,1.5917100227605625
temporal,NEXUS,dynamic_no_cohort,dynamic_priority,1.193429012383922
temporal,NEXUS,dynamic_no_cohort,dynamic_issue_type,0.707498094084978
temporal,NEXUS,dynamic_no_cohort,dynamic_estimate,0.0
temporal,TIDOC,static_catboost,static_age_days,12.36928541043289
temporal,TIDOC,static_catboost,static_duration_days,12.80616614404945
temporal,TIDOC,static_catboost,static_status,11.418610248141706
temporal,TIDOC,static_catboost,static_is_done,3.9031555431651173
temporal,TIDOC,static_catboost,static_status_observed,1.4885128869114932
temporal,TIDOC,static_catboost,static_status_age_days,9.095457135768255
temporal,TIDOC,static_catboost,static_status_changes,1.5598495529949674
temporal,TIDOC,static_catboost,static_events_count,6.638422249844833
temporal,TIDOC,static_catboost,static_events_in_sprint,0.0
temporal,TIDOC,static_catboost,static_inactive_days,12.415875925913234
temporal,TIDOC,static_catboost,static_assignee_changes,1.463500487667163
temporal,TIDOC,static_catboost,static_priority_changes,1.18361772562229
temporal,TIDOC,static_catboost,static_estimate_changes,4.197216786691571
temporal,TIDOC,static_catboost,static_priority,5.473686375331067
temporal,TIDOC,static_catboost,static_issue_type,2.690243534465943
temporal,TIDOC,static_catboost,static_estimate,0.0
temporal,TIDOC,static_catboost,static_cohort_done_fraction,4.607137509134029
temporal,TIDOC,static_catboost,cohort_size,8.68926248386595
temporal,TIDOC,dynamic_catboost,static_age_days,3.7342059838964747
temporal,TIDOC,dynamic_catboost,static_duration_days,3.355460338075964
temporal,TIDOC,dynamic_catboost,static_status,1.1005592222803755
temporal,TIDOC,dynamic_catboost,static_is_done,0.0
temporal,TIDOC,dynamic_catboost,static_status_observed,1.089567603009674
temporal,TIDOC,dynamic_catboost,static_status_age_days,2.214086298073034
temporal,TIDOC,dynamic_catboost,static_status_changes,1.3888378025993615
temporal,TIDOC,dynamic_catboost,static_events_count,1.9151839953098173
temporal,TIDOC,dynamic_catboost,static_events_in_sprint,0.0
temporal,TIDOC,dynamic_catboost,static_inactive_days,6.663906148223681
temporal,TIDOC,dynamic_catboost,static_assignee_changes,0.34124803200431886
temporal,TIDOC,dynamic_catboost,static_priority_changes,0.6046015952322781
temporal,TIDOC,dynamic_catboost,static_estimate_changes,1.0191539001093763
temporal,TIDOC,dynamic_catboost,static_priority,1.0542636084814285
temporal,TIDOC,dynamic_catboost,static_issue_type,0.7428899616778629
temporal,TIDOC,dynamic_catboost,static_estimate,0.0
temporal,TIDOC,dynamic_catboost,static_cohort_done_fraction,1.4053304365565225
temporal,TIDOC,dynamic_catboost,dynamic_age_days,3.4676569736364375
temporal,TIDOC,dynamic_catboost,dynamic_duration_days,2.6147448930030714
temporal,TIDOC,dynamic_catboost,dynamic_status,13.534446876674718
temporal,TIDOC,dynamic_catboost,dynamic_is_done,25.2695130222622
temporal,TIDOC,dynamic_catboost,dynamic_status_observed,0.04532985428137279
temporal,TIDOC,dynamic_catboost,dynamic_status_age_days,4.390363942902641
temporal,TIDOC,dynamic_catboost,dynamic_status_changes,0.9953078129508185
temporal,TIDOC,dynamic_catboost,dynamic_events_count,3.1158456599975755
temporal,TIDOC,dynamic_catboost,dynamic_events_in_sprint,1.6364724897778664
temporal,TIDOC,dynamic_catboost,dynamic_inactive_days,4.880857090739874
temporal,TIDOC,dynamic_catboost,dynamic_assignee_changes,0.2294594471198505
temporal,TIDOC,dynamic_catboost,dynamic_priority_changes,0.40742349162493996
temporal,TIDOC,dynamic_catboost,dynamic_estimate_changes,0.8115616269380692
temporal,TIDOC,dynamic_catboost,dynamic_priority,3.086692287998684
temporal,TIDOC,dynamic_catboost,dynamic_issue_type,0.7391173660959861
temporal,TIDOC,dynamic_catboost,dynamic_estimate,0.0
temporal,TIDOC,dynamic_catboost,dynamic_cohort_done_fraction,4.274189179202875
temporal,TIDOC,dynamic_catboost,cohort_size,3.8717230592628322
temporal,TIDOC,dynamic_no_cohort,static_age_days,4.801251078926698
temporal,TIDOC,dynamic_no_cohort,static_duration_days,4.26118886313769
temporal,TIDOC,dynamic_no_cohort,static_status,2.78111828057663
temporal,TIDOC,dynamic_no_cohort,static_is_done,0.11866474227697969
temporal,TIDOC,dynamic_no_cohort,static_status_observed,0.08092904419498165
temporal,TIDOC,dynamic_no_cohort,static_status_age_days,2.9050620867334116
temporal,TIDOC,dynamic_no_cohort,static_status_changes,0.6915952296966213
temporal,TIDOC,dynamic_no_cohort,static_events_count,2.5750646010561944
temporal,TIDOC,dynamic_no_cohort,static_events_in_sprint,0.0
temporal,TIDOC,dynamic_no_cohort,static_inactive_days,6.788380015724481
temporal,TIDOC,dynamic_no_cohort,static_assignee_changes,0.35711206760080844
temporal,TIDOC,dynamic_no_cohort,static_priority_changes,0.14018195238987172
temporal,TIDOC,dynamic_no_cohort,static_estimate_changes,1.1576262913510722
temporal,TIDOC,dynamic_no_cohort,static_priority,2.0723850674867497
temporal,TIDOC,dynamic_no_cohort,static_issue_type,0.6951172336374682
temporal,TIDOC,dynamic_no_cohort,static_estimate,0.0
temporal,TIDOC,dynamic_no_cohort,dynamic_age_days,3.9055298703660424
temporal,TIDOC,dynamic_no_cohort,dynamic_duration_days,5.464836246560473
temporal,TIDOC,dynamic_no_cohort,dynamic_status,14.912861528152801
temporal,TIDOC,dynamic_no_cohort,dynamic_is_done,22.27444401044317
temporal,TIDOC,dynamic_no_cohort,dynamic_status_observed,0.36061020558661816
temporal,TIDOC,dynamic_no_cohort,dynamic_status_age_days,6.134533104488361
temporal,TIDOC,dynamic_no_cohort,dynamic_status_changes,1.9557492476447114
temporal,TIDOC,dynamic_no_cohort,dynamic_events_count,2.971690566147
temporal,TIDOC,dynamic_no_cohort,dynamic_events_in_sprint,2.3107030363203895
temporal,TIDOC,dynamic_no_cohort,dynamic_inactive_days,5.2864215189100365
temporal,TIDOC,dynamic_no_cohort,dynamic_assignee_changes,0.5780706311962257
temporal,TIDOC,dynamic_no_cohort,dynamic_priority_changes,0.9411693165447531
temporal,TIDOC,dynamic_no_cohort,dynamic_estimate_changes,1.0401634105307924
temporal,TIDOC,dynamic_no_cohort,dynamic_priority,1.8304366847069655
temporal,TIDOC,dynamic_no_cohort,dynamic_issue_type,0.6071040676120308
temporal,TIDOC,dynamic_no_cohort,dynamic_estimate,0.0
temporal,TIMOB,static_catboost,static_age_days,13.006021888968315
temporal,TIMOB,static_catboost,static_duration_days,8.593027122198883
temporal,TIMOB,static_catboost,static_status,10.742204088266947
temporal,TIMOB,static_catboost,static_is_done,10.734546499191877
temporal,TIMOB,static_catboost,static_status_observed,0.7508699326659455
temporal,TIMOB,static_catboost,static_status_age_days,8.468753396533923
temporal,TIMOB,static_catboost,static_status_changes,1.5698328470744027
temporal,TIMOB,static_catboost,static_events_count,5.595506952514587
temporal,TIMOB,static_catboost,static_events_in_sprint,0.0
temporal,TIMOB,static_catboost,static_inactive_days,10.263732395975545
temporal,TIMOB,static_catboost,static_assignee_changes,3.956412361489147
temporal,TIMOB,static_catboost,static_priority_changes,3.141077974023522
temporal,TIMOB,static_catboost,static_estimate_changes,1.1545708791173888
temporal,TIMOB,static_catboost,static_priority,6.6662845158879955
temporal,TIMOB,static_catboost,static_issue_type,3.8818518907200397
temporal,TIMOB,static_catboost,static_estimate,0.0
temporal,TIMOB,static_catboost,static_cohort_done_fraction,5.752924564392035
temporal,TIMOB,static_catboost,cohort_size,5.722382690979385
temporal,TIMOB,dynamic_catboost,static_age_days,3.1905485759211776
temporal,TIMOB,dynamic_catboost,static_duration_days,2.500309411456269
temporal,TIMOB,dynamic_catboost,static_status,2.0686630469001765
temporal,TIMOB,dynamic_catboost,static_is_done,0.0
temporal,TIMOB,dynamic_catboost,static_status_observed,0.35365977999362375
temporal,TIMOB,dynamic_catboost,static_status_age_days,1.421043966141804
temporal,TIMOB,dynamic_catboost,static_status_changes,0.7492922857473487
temporal,TIMOB,dynamic_catboost,static_events_count,1.428599269803125
temporal,TIMOB,dynamic_catboost,static_events_in_sprint,0.0
temporal,TIMOB,dynamic_catboost,static_inactive_days,5.281788359966563
temporal,TIMOB,dynamic_catboost,static_assignee_changes,1.221053564372392
temporal,TIMOB,dynamic_catboost,static_priority_changes,0.8801340419841236
temporal,TIMOB,dynamic_catboost,static_estimate_changes,0.3688532661766142
temporal,TIMOB,dynamic_catboost,static_priority,2.1751046910453016
temporal,TIMOB,dynamic_catboost,static_issue_type,1.1961302386602488
temporal,TIMOB,dynamic_catboost,static_estimate,0.0
temporal,TIMOB,dynamic_catboost,static_cohort_done_fraction,1.7609351114929623
temporal,TIMOB,dynamic_catboost,dynamic_age_days,3.2170048019382156
temporal,TIMOB,dynamic_catboost,dynamic_duration_days,2.920792231921679
temporal,TIMOB,dynamic_catboost,dynamic_status,14.515670058827975
temporal,TIMOB,dynamic_catboost,dynamic_is_done,28.47249846334893
temporal,TIMOB,dynamic_catboost,dynamic_status_observed,0.19415210037377606
temporal,TIMOB,dynamic_catboost,dynamic_status_age_days,4.142118647957988
temporal,TIMOB,dynamic_catboost,dynamic_status_changes,1.4220630722425753
temporal,TIMOB,dynamic_catboost,dynamic_events_count,1.666255915650233
temporal,TIMOB,dynamic_catboost,dynamic_events_in_sprint,2.069836633690008
temporal,TIMOB,dynamic_catboost,dynamic_inactive_days,3.7902809901283554
temporal,TIMOB,dynamic_catboost,dynamic_assignee_changes,0.8178520278488375
temporal,TIMOB,dynamic_catboost,dynamic_priority_changes,1.3140995369943682
temporal,TIMOB,dynamic_catboost,dynamic_estimate_changes,0.24061658218479715
temporal,TIMOB,dynamic_catboost,dynamic_priority,2.599495815287698
temporal,TIMOB,dynamic_catboost,dynamic_issue_type,1.077044031590931
temporal,TIMOB,dynamic_catboost,dynamic_estimate,0.0
temporal,TIMOB,dynamic_catboost,dynamic_cohort_done_fraction,2.8443688880232405
temporal,TIMOB,dynamic_catboost,cohort_size,4.099734592328693
temporal,TIMOB,dynamic_no_cohort,static_age_days,4.981784483876238
temporal,TIMOB,dynamic_no_cohort,static_duration_days,3.479028391452679
temporal,TIMOB,dynamic_no_cohort,static_status,2.6704520699595458
temporal,TIMOB,dynamic_no_cohort,static_is_done,0.4872082378564285
temporal,TIMOB,dynamic_no_cohort,static_status_observed,0.12433077796974698
temporal,TIMOB,dynamic_no_cohort,static_status_age_days,1.0186408036083083
temporal,TIMOB,dynamic_no_cohort,static_status_changes,0.8607893333880354
temporal,TIMOB,dynamic_no_cohort,static_events_count,1.212281229302785
temporal,TIMOB,dynamic_no_cohort,static_events_in_sprint,0.0
temporal,TIMOB,dynamic_no_cohort,static_inactive_days,4.794652591966965
temporal,TIMOB,dynamic_no_cohort,static_assignee_changes,2.4787800753121525
temporal,TIMOB,dynamic_no_cohort,static_priority_changes,0.6976048704978413
temporal,TIMOB,dynamic_no_cohort,static_estimate_changes,0.4172391109900099
temporal,TIMOB,dynamic_no_cohort,static_priority,2.2606178172520046
temporal,TIMOB,dynamic_no_cohort,static_issue_type,1.314100103638417
temporal,TIMOB,dynamic_no_cohort,static_estimate,0.0
temporal,TIMOB,dynamic_no_cohort,dynamic_age_days,4.033532236489883
temporal,TIMOB,dynamic_no_cohort,dynamic_duration_days,3.2854268442648267
temporal,TIMOB,dynamic_no_cohort,dynamic_status,12.981916886868843
temporal,TIMOB,dynamic_no_cohort,dynamic_is_done,30.589628524407875
temporal,TIMOB,dynamic_no_cohort,dynamic_status_observed,0.15418238765845854
temporal,TIMOB,dynamic_no_cohort,dynamic_status_age_days,5.23433297392216
temporal,TIMOB,dynamic_no_cohort,dynamic_status_changes,1.8926501422536863
temporal,TIMOB,dynamic_no_cohort,dynamic_events_count,1.9938278060858177
temporal,TIMOB,dynamic_no_cohort,dynamic_events_in_sprint,1.5399975799924672
temporal,TIMOB,dynamic_no_cohort,dynamic_inactive_days,4.839549513025836
temporal,TIMOB,dynamic_no_cohort,dynamic_assignee_changes,1.1389029134034612
temporal,TIMOB,dynamic_no_cohort,dynamic_priority_changes,1.6371893613857018
temporal,TIMOB,dynamic_no_cohort,dynamic_estimate_changes,0.41172433210439474
temporal,TIMOB,dynamic_no_cohort,dynamic_priority,2.4034374801776948
temporal,TIMOB,dynamic_no_cohort,dynamic_issue_type,1.066191120887759
temporal,TIMOB,dynamic_no_cohort,dynamic_estimate,0.0
temporal,TISTUD,static_catboost,static_age_days,15.951741958955441
temporal,TISTUD,static_catboost,static_duration_days,8.990471527009355
temporal,TISTUD,static_catboost,static_status,9.064878385396794
temporal,TISTUD,static_catboost,static_is_done,2.594207340546837
temporal,TISTUD,static_catboost,static_status_observed,2.085391235030194
temporal,TISTUD,static_catboost,static_status_age_days,7.705176882139909
temporal,TISTUD,static_catboost,static_status_changes,1.8180902353295685
temporal,TISTUD,static_catboost,static_events_count,4.931324419652768
temporal,TISTUD,static_catboost,static_events_in_sprint,0.0005358726391718438
temporal,TISTUD,static_catboost,static_inactive_days,11.892573992576773
temporal,TISTUD,static_catboost,static_assignee_changes,4.761073030546767
temporal,TISTUD,static_catboost,static_priority_changes,1.6674470317241727
temporal,TISTUD,static_catboost,static_estimate_changes,2.4188810068146323
temporal,TISTUD,static_catboost,static_priority,9.296768794328532
temporal,TISTUD,static_catboost,static_issue_type,3.798454200340944
temporal,TISTUD,static_catboost,static_estimate,0.0
temporal,TISTUD,static_catboost,static_cohort_done_fraction,2.691099498631647
temporal,TISTUD,static_catboost,cohort_size,10.331884588336507
temporal,TISTUD,dynamic_catboost,static_age_days,4.044297433261481
temporal,TISTUD,dynamic_catboost,static_duration_days,1.652933196339398
temporal,TISTUD,dynamic_catboost,static_status,1.8143164791124748
temporal,TISTUD,dynamic_catboost,static_is_done,0.013970303001355223
temporal,TISTUD,dynamic_catboost,static_status_observed,0.6390057363995002
temporal,TISTUD,dynamic_catboost,static_status_age_days,1.5857667098212176
temporal,TISTUD,dynamic_catboost,static_status_changes,0.8845207356891311
temporal,TISTUD,dynamic_catboost,static_events_count,1.2348237266084527
temporal,TISTUD,dynamic_catboost,static_events_in_sprint,0.0
temporal,TISTUD,dynamic_catboost,static_inactive_days,6.145598055422498
temporal,TISTUD,dynamic_catboost,static_assignee_changes,0.4613562441612746
temporal,TISTUD,dynamic_catboost,static_priority_changes,0.6345463530694638
temporal,TISTUD,dynamic_catboost,static_estimate_changes,1.1140671988472504
temporal,TISTUD,dynamic_catboost,static_priority,2.5732696325326825
temporal,TISTUD,dynamic_catboost,static_issue_type,1.4665072958692946
temporal,TISTUD,dynamic_catboost,static_estimate,0.0
temporal,TISTUD,dynamic_catboost,static_cohort_done_fraction,2.05052059399202
temporal,TISTUD,dynamic_catboost,dynamic_age_days,3.797566454718977
temporal,TISTUD,dynamic_catboost,dynamic_duration_days,1.7553872456911899
temporal,TISTUD,dynamic_catboost,dynamic_status,10.624159648682316
temporal,TISTUD,dynamic_catboost,dynamic_is_done,22.31099673654997
temporal,TISTUD,dynamic_catboost,dynamic_status_observed,0.06954782379826906
temporal,TISTUD,dynamic_catboost,dynamic_status_age_days,7.101084557505831
temporal,TISTUD,dynamic_catboost,dynamic_status_changes,0.9447076588957728
temporal,TISTUD,dynamic_catboost,dynamic_events_count,2.1189964899714253
temporal,TISTUD,dynamic_catboost,dynamic_events_in_sprint,1.6933284724260247
temporal,TISTUD,dynamic_catboost,dynamic_inactive_days,6.536783727151296
temporal,TISTUD,dynamic_catboost,dynamic_assignee_changes,1.3642586533199115
temporal,TISTUD,dynamic_catboost,dynamic_priority_changes,0.42389072753714535
temporal,TISTUD,dynamic_catboost,dynamic_estimate_changes,0.43283548094274205
temporal,TISTUD,dynamic_catboost,dynamic_priority,2.906467271210735
temporal,TISTUD,dynamic_catboost,dynamic_issue_type,1.2098025406428345
temporal,TISTUD,dynamic_catboost,dynamic_estimate,0.0
temporal,TISTUD,dynamic_catboost,dynamic_cohort_done_fraction,5.8014679858889115
temporal,TISTUD,dynamic_catboost,cohort_size,4.593218830939148
temporal,TISTUD,dynamic_no_cohort,static_age_days,4.660210147499508
temporal,TISTUD,dynamic_no_cohort,static_duration_days,3.042283764549862
temporal,TISTUD,dynamic_no_cohort,static_status,2.5596690851348507
temporal,TISTUD,dynamic_no_cohort,static_is_done,0.04343544114237135
temporal,TISTUD,dynamic_no_cohort,static_status_observed,0.3327639981903118
temporal,TISTUD,dynamic_no_cohort,static_status_age_days,1.2165906399505797
temporal,TISTUD,dynamic_no_cohort,static_status_changes,0.4212117633203678
temporal,TISTUD,dynamic_no_cohort,static_events_count,1.6658647531569017
temporal,TISTUD,dynamic_no_cohort,static_events_in_sprint,0.0
temporal,TISTUD,dynamic_no_cohort,static_inactive_days,7.425332031452929
temporal,TISTUD,dynamic_no_cohort,static_assignee_changes,0.5189520995650477
temporal,TISTUD,dynamic_no_cohort,static_priority_changes,0.8969475368906258
temporal,TISTUD,dynamic_no_cohort,static_estimate_changes,1.3150928962841721
temporal,TISTUD,dynamic_no_cohort,static_priority,2.958054160937882
temporal,TISTUD,dynamic_no_cohort,static_issue_type,1.4269897325958532
temporal,TISTUD,dynamic_no_cohort,static_estimate,0.0
temporal,TISTUD,dynamic_no_cohort,dynamic_age_days,3.3785315357873564
temporal,TISTUD,dynamic_no_cohort,dynamic_duration_days,3.8367872827004423
temporal,TISTUD,dynamic_no_cohort,dynamic_status,14.974101404603116
temporal,TISTUD,dynamic_no_cohort,dynamic_is_done,23.942933008546156
temporal,TISTUD,dynamic_no_cohort,dynamic_status_observed,0.15633289915379814
temporal,TISTUD,dynamic_no_cohort,dynamic_status_age_days,7.490527920049707
temporal,TISTUD,dynamic_no_cohort,dynamic_status_changes,0.8027960156698576
temporal,TISTUD,dynamic_no_cohort,dynamic_events_count,1.35957140451665
temporal,TISTUD,dynamic_no_cohort,dynamic_events_in_sprint,1.9918354566831655
temporal,TISTUD,dynamic_no_cohort,dynamic_inactive_days,6.2174732477098225
temporal,TISTUD,dynamic_no_cohort,dynamic_assignee_changes,0.8581100497410442
temporal,TISTUD,dynamic_no_cohort,dynamic_priority_changes,0.711207627491296
temporal,TISTUD,dynamic_no_cohort,dynamic_estimate_changes,0.7751934487868757
temporal,TISTUD,dynamic_no_cohort,dynamic_priority,3.8451731630970367
temporal,TISTUD,dynamic_no_cohort,dynamic_issue_type,1.176027484792391
temporal,TISTUD,dynamic_no_cohort,dynamic_estimate,0.0
temporal,XD,static_catboost,static_age_days,17.19408859759284
temporal,XD,static_catboost,static_duration_days,12.556529981532034
temporal,XD,static_catboost,static_status,6.112692157204886
temporal,XD,static_catboost,static_is_done,2.9240269098788723
temporal,XD,static_catboost,static_status_observed,0.6727737027034855
temporal,XD,static_catboost,static_status_age_days,10.804441488127646
temporal,XD,static_catboost,static_status_changes,1.8058726895292305
temporal,XD,static_catboost,static_events_count,4.112717293393947
temporal,XD,static_catboost,static_events_in_sprint,0.0
temporal,XD,static_catboost,static_inactive_days,11.976270213404542
temporal,XD,static_catboost,static_assignee_changes,1.9870249387288814
temporal,XD,static_catboost,static_priority_changes,0.6938487651916972
temporal,XD,static_catboost,static_estimate_changes,4.48250464831552
temporal,XD,static_catboost,static_priority,3.9223957928495397
temporal,XD,static_catboost,static_issue_type,3.528943940036457
temporal,XD,static_catboost,static_estimate,0.0
temporal,XD,static_catboost,static_cohort_done_fraction,8.50631522473077
temporal,XD,static_catboost,cohort_size,8.719553656779661
temporal,XD,dynamic_catboost,static_age_days,7.0088088875564605
temporal,XD,dynamic_catboost,static_duration_days,2.827091990598828
temporal,XD,dynamic_catboost,static_status,1.644898511729534
temporal,XD,dynamic_catboost,static_is_done,0.34580560779218733
temporal,XD,dynamic_catboost,static_status_observed,0.0
temporal,XD,dynamic_catboost,static_status_age_days,1.75326976205405
temporal,XD,dynamic_catboost,static_status_changes,0.8173996130692567
temporal,XD,dynamic_catboost,static_events_count,1.29464142361385
temporal,XD,dynamic_catboost,static_events_in_sprint,0.0
temporal,XD,dynamic_catboost,static_inactive_days,3.1193158188488863
temporal,XD,dynamic_catboost,static_assignee_changes,0.876826565501386
temporal,XD,dynamic_catboost,static_priority_changes,0.17926667235748017
temporal,XD,dynamic_catboost,static_estimate_changes,1.0714816313257955
temporal,XD,dynamic_catboost,static_priority,3.0296661589500244
temporal,XD,dynamic_catboost,static_issue_type,0.8131636122005669
temporal,XD,dynamic_catboost,static_estimate,0.0
temporal,XD,dynamic_catboost,static_cohort_done_fraction,2.696484559183757
temporal,XD,dynamic_catboost,dynamic_age_days,3.950949615722957
temporal,XD,dynamic_catboost,dynamic_duration_days,3.699461687566901
temporal,XD,dynamic_catboost,dynamic_status,12.064171196753858
temporal,XD,dynamic_catboost,dynamic_is_done,26.114829601055085
temporal,XD,dynamic_catboost,dynamic_status_observed,0.26554255253369935
temporal,XD,dynamic_catboost,dynamic_status_age_days,4.505327626163463
temporal,XD,dynamic_catboost,dynamic_status_changes,1.6054162652810746
temporal,XD,dynamic_catboost,dynamic_events_count,2.8948101889118254
temporal,XD,dynamic_catboost,dynamic_events_in_sprint,1.1570496206300604
temporal,XD,dynamic_catboost,dynamic_inactive_days,5.416341940193964
temporal,XD,dynamic_catboost,dynamic_assignee_changes,1.0227449760946765
temporal,XD,dynamic_catboost,dynamic_priority_changes,0.255556990017458
temporal,XD,dynamic_catboost,dynamic_estimate_changes,1.305318022830693
temporal,XD,dynamic_catboost,dynamic_priority,0.39947550011886385
temporal,XD,dynamic_catboost,dynamic_issue_type,0.499329984096885
temporal,XD,dynamic_catboost,dynamic_estimate,0.0
temporal,XD,dynamic_catboost,dynamic_cohort_done_fraction,3.6997307075545236
temporal,XD,dynamic_catboost,cohort_size,3.6658227096919553
temporal,XD,dynamic_no_cohort,static_age_days,7.602005230152274
temporal,XD,dynamic_no_cohort,static_duration_days,5.798345355033731
temporal,XD,dynamic_no_cohort,static_status,2.2065073173097134
temporal,XD,dynamic_no_cohort,static_is_done,0.6185480688877678
temporal,XD,dynamic_no_cohort,static_status_observed,0.3392552295532749
temporal,XD,dynamic_no_cohort,static_status_age_days,2.4209530969525033
temporal,XD,dynamic_no_cohort,static_status_changes,1.1567569209241235
temporal,XD,dynamic_no_cohort,static_events_count,1.0320332946011075
temporal,XD,dynamic_no_cohort,static_events_in_sprint,0.0
temporal,XD,dynamic_no_cohort,static_inactive_days,5.479648743694248
temporal,XD,dynamic_no_cohort,static_assignee_changes,1.0092969288635545
temporal,XD,dynamic_no_cohort,static_priority_changes,0.1374500771821688
temporal,XD,dynamic_no_cohort,static_estimate_changes,1.1013474682180888
temporal,XD,dynamic_no_cohort,static_priority,2.91757119211044
temporal,XD,dynamic_no_cohort,static_issue_type,0.9981422998886126
temporal,XD,dynamic_no_cohort,static_estimate,0.0
temporal,XD,dynamic_no_cohort,dynamic_age_days,3.7331268748891118
temporal,XD,dynamic_no_cohort,dynamic_duration_days,4.361437640150758
temporal,XD,dynamic_no_cohort,dynamic_status,15.99511703709576
temporal,XD,dynamic_no_cohort,dynamic_is_done,21.039051390569867
temporal,XD,dynamic_no_cohort,dynamic_status_observed,0.17030077960198794
temporal,XD,dynamic_no_cohort,dynamic_status_age_days,5.8138531751523255
temporal,XD,dynamic_no_cohort,dynamic_status_changes,1.5684916698806843
temporal,XD,dynamic_no_cohort,dynamic_events_count,3.7069592190688394
temporal,XD,dynamic_no_cohort,dynamic_events_in_sprint,1.1635308525826533
temporal,XD,dynamic_no_cohort,dynamic_inactive_days,5.524977967202916
temporal,XD,dynamic_no_cohort,dynamic_assignee_changes,1.277989793209151
temporal,XD,dynamic_no_cohort,dynamic_priority_changes,0.3843854534316609
temporal,XD,dynamic_no_cohort,dynamic_estimate_changes,0.9044659358442113
temporal,XD,dynamic_no_cohort,dynamic_priority,0.7114710709238291
temporal,XD,dynamic_no_cohort,dynamic_issue_type,0.8269799170246265
temporal,XD,dynamic_no_cohort,dynamic_estimate,0.0
cross_project,APIKIT,static_catboost,static_age_days,5.203883452022816
cross_project,APIKIT,static_catboost,static_duration_days,9.358296489253123
cross_project,APIKIT,static_catboost,static_status,16.90510987472855
cross_project,APIKIT,static_catboost,static_is_done,30.565384761754856
cross_project,APIKIT,static_catboost,static_status_observed,0.25389442349195007
cross_project,APIKIT,static_catboost,static_status_age_days,10.390951855682703
cross_project,APIKIT,static_catboost,static_status_changes,2.6376216809824697
cross_project,APIKIT,static_catboost,static_events_count,1.9176108975390842
cross_project,APIKIT,static_catboost,static_events_in_sprint,0.0
cross_project,APIKIT,static_catboost,static_inactive_days,6.296882437844187
cross_project,APIKIT,static_catboost,static_assignee_changes,1.3253612120806264
cross_project,APIKIT,static_catboost,static_priority_changes,0.5581835729338218
cross_project,APIKIT,static_catboost,static_estimate_changes,1.214657030460126
cross_project,APIKIT,static_catboost,static_priority,3.8765031660553073
cross_project,APIKIT,static_catboost,static_issue_type,1.050660823800969
cross_project,APIKIT,static_catboost,static_estimate,0.0
cross_project,APIKIT,static_catboost,static_cohort_done_fraction,3.161544167769783
cross_project,APIKIT,static_catboost,cohort_size,5.283454153599726
cross_project,APIKIT,dynamic_catboost,static_age_days,1.0811671890112322
cross_project,APIKIT,dynamic_catboost,static_duration_days,1.8013896385867687
cross_project,APIKIT,dynamic_catboost,static_status,0.7868491351470233
cross_project,APIKIT,dynamic_catboost,static_is_done,0.2545153926842555
cross_project,APIKIT,dynamic_catboost,static_status_observed,0.5685319646798387
cross_project,APIKIT,dynamic_catboost,static_status_age_days,1.4863582259317654
cross_project,APIKIT,dynamic_catboost,static_status_changes,0.6788666610562735
cross_project,APIKIT,dynamic_catboost,static_events_count,0.27780170693730233
cross_project,APIKIT,dynamic_catboost,static_events_in_sprint,0.005127658268018609
cross_project,APIKIT,dynamic_catboost,static_inactive_days,1.6918099533618476
cross_project,APIKIT,dynamic_catboost,static_assignee_changes,0.1585611466347848
cross_project,APIKIT,dynamic_catboost,static_priority_changes,0.10222043723283722
cross_project,APIKIT,dynamic_catboost,static_estimate_changes,0.29270897568405563
cross_project,APIKIT,dynamic_catboost,static_priority,0.5718351963838466
cross_project,APIKIT,dynamic_catboost,static_issue_type,0.24588443221449388
cross_project,APIKIT,dynamic_catboost,static_estimate,0.0
cross_project,APIKIT,dynamic_catboost,static_cohort_done_fraction,1.1704615776091023
cross_project,APIKIT,dynamic_catboost,dynamic_age_days,1.0207123990186997
cross_project,APIKIT,dynamic_catboost,dynamic_duration_days,1.8223765180087637
cross_project,APIKIT,dynamic_catboost,dynamic_status,12.290682057033635
cross_project,APIKIT,dynamic_catboost,dynamic_is_done,58.537647086922235
cross_project,APIKIT,dynamic_catboost,dynamic_status_observed,0.11032635419710642
cross_project,APIKIT,dynamic_catboost,dynamic_status_age_days,3.724631567922537
cross_project,APIKIT,dynamic_catboost,dynamic_status_changes,1.2842241535897987
cross_project,APIKIT,dynamic_catboost,dynamic_events_count,0.1988019904398526
cross_project,APIKIT,dynamic_catboost,dynamic_events_in_sprint,0.8198449625913127
cross_project,APIKIT,dynamic_catboost,dynamic_inactive_days,1.2794001104585493
cross_project,APIKIT,dynamic_catboost,dynamic_assignee_changes,0.10318746122062851
cross_project,APIKIT,dynamic_catboost,dynamic_priority_changes,0.08271595351477662
cross_project,APIKIT,dynamic_catboost,dynamic_estimate_changes,0.16357726434828418
cross_project,APIKIT,dynamic_catboost,dynamic_priority,0.6746761046496668
cross_project,APIKIT,dynamic_catboost,dynamic_issue_type,0.3016680260525956
cross_project,APIKIT,dynamic_catboost,dynamic_estimate,0.0
cross_project,APIKIT,dynamic_catboost,dynamic_cohort_done_fraction,3.870625484443382
cross_project,APIKIT,dynamic_catboost,cohort_size,2.540813214164691
cross_project,APIKIT,dynamic_no_cohort,static_age_days,1.1519963437097838
cross_project,APIKIT,dynamic_no_cohort,static_duration_days,1.8903242850750748
cross_project,APIKIT,dynamic_no_cohort,static_status,1.4967198901412282
cross_project,APIKIT,dynamic_no_cohort,static_is_done,0.35080148062920075
cross_project,APIKIT,dynamic_no_cohort,static_status_observed,0.7882330025712118
cross_project,APIKIT,dynamic_no_cohort,static_status_age_days,1.3933283747028329
cross_project,APIKIT,dynamic_no_cohort,static_status_changes,1.043405695264589
cross_project,APIKIT,dynamic_no_cohort,static_events_count,0.2993042698618686
cross_project,APIKIT,dynamic_no_cohort,static_events_in_sprint,0.0
cross_project,APIKIT,dynamic_no_cohort,static_inactive_days,1.9023198290806551
cross_project,APIKIT,dynamic_no_cohort,static_assignee_changes,0.19063454668373359
cross_project,APIKIT,dynamic_no_cohort,static_priority_changes,0.07622189659700132
cross_project,APIKIT,dynamic_no_cohort,static_estimate_changes,0.284975150721074
cross_project,APIKIT,dynamic_no_cohort,static_priority,0.3751503515045666
cross_project,APIKIT,dynamic_no_cohort,static_issue_type,0.19660456125176423
cross_project,APIKIT,dynamic_no_cohort,static_estimate,0.0
cross_project,APIKIT,dynamic_no_cohort,dynamic_age_days,1.0351227307914228
cross_project,APIKIT,dynamic_no_cohort,dynamic_duration_days,2.20902451910705
cross_project,APIKIT,dynamic_no_cohort,dynamic_status,12.512673413578193
cross_project,APIKIT,dynamic_no_cohort,dynamic_is_done,63.06078621282276
cross_project,APIKIT,dynamic_no_cohort,dynamic_status_observed,0.1363433684931351
cross_project,APIKIT,dynamic_no_cohort,dynamic_status_age_days,3.3441157682660942
cross_project,APIKIT,dynamic_no_cohort,dynamic_status_changes,1.0944745870563373
cross_project,APIKIT,dynamic_no_cohort,dynamic_events_count,0.2979598079272972
cross_project,APIKIT,dynamic_no_cohort,dynamic_events_in_sprint,0.5458169925319701
cross_project,APIKIT,dynamic_no_cohort,dynamic_inactive_days,1.5861249954939438
cross_project,APIKIT,dynamic_no_cohort,dynamic_assignee_changes,0.25707297964486586
cross_project,APIKIT,dynamic_no_cohort,dynamic_priority_changes,0.5162299604403081
cross_project,APIKIT,dynamic_no_cohort,dynamic_estimate_changes,0.39077921838075624
cross_project,APIKIT,dynamic_no_cohort,dynamic_priority,1.1853955270675436
cross_project,APIKIT,dynamic_no_cohort,dynamic_issue_type,0.38806024060373184
cross_project,APIKIT,dynamic_no_cohort,dynamic_estimate,0.0
cross_project,COMPASS,static_catboost,static_age_days,5.332140938321256
cross_project,COMPASS,static_catboost,static_duration_days,9.446607312538159
cross_project,COMPASS,static_catboost,static_status,17.616203275275247
cross_project,COMPASS,static_catboost,static_is_done,30.240422004409155
cross_project,COMPASS,static_catboost,static_status_observed,0.4508438167476649
cross_project,COMPASS,static_catboost,static_status_age_days,10.615934791045
cross_project,COMPASS,static_catboost,static_status_changes,2.4424051032585394
cross_project,COMPASS,static_catboost,static_events_count,1.8389819615774399
cross_project,COMPASS,static_catboost,static_events_in_sprint,0.015002332086520766
cross_project,COMPASS,static_catboost,static_inactive_days,5.973126271008498
cross_project,COMPASS,static_catboost,static_assignee_changes,1.0071560203101462
cross_project,COMPASS,static_catboost,static_priority_changes,0.5250323427166725
cross_project,COMPASS,static_catboost,static_estimate_changes,1.3715206927199308
cross_project,COMPASS,static_catboost,static_priority,3.6505214623436424
cross_project,COMPASS,static_catboost,static_issue_type,0.9051730369595443
cross_project,COMPASS,static_catboost,static_estimate,0.0
cross_project,COMPASS,static_catboost,static_cohort_done_fraction,3.333050411452249
cross_project,COMPASS,static_catboost,cohort_size,5.235878227230299
cross_project,COMPASS,dynamic_catboost,static_age_days,0.9331289733958433
cross_project,COMPASS,dynamic_catboost,static_duration_days,1.5324120318411485
cross_project,COMPASS,dynamic_catboost,static_status,0.6849869169396748
cross_project,COMPASS,dynamic_catboost,static_is_done,0.0
cross_project,COMPASS,dynamic_catboost,static_status_observed,0.6352203780361936
cross_project,COMPASS,dynamic_catboost,static_status_age_days,1.418220727031652
cross_project,COMPASS,dynamic_catboost,static_status_changes,0.49710896367492885
cross_project,COMPASS,dynamic_catboost,static_events_count,0.16440643579518738
cross_project,COMPASS,dynamic_catboost,static_events_in_sprint,0.018216256435561757
cross_project,COMPASS,dynamic_catboost,static_inactive_days,1.3350339429061784
cross_project,COMPASS,dynamic_catboost,static_assignee_changes,0.17079826135587983
cross_project,COMPASS,dynamic_catboost,static_priority_changes,0.13339889056449689
cross_project,COMPASS,dynamic_catboost,static_estimate_changes,0.22954948097198405
cross_project,COMPASS,dynamic_catboost,static_priority,0.5299661802512871
cross_project,COMPASS,dynamic_catboost,static_issue_type,0.1647763269220108
cross_project,COMPASS,dynamic_catboost,static_estimate,0.0
cross_project,COMPASS,dynamic_catboost,static_cohort_done_fraction,1.1290678804351255
cross_project,COMPASS,dynamic_catboost,dynamic_age_days,1.0507907169663055
cross_project,COMPASS,dynamic_catboost,dynamic_duration_days,2.0543258874581367
cross_project,COMPASS,dynamic_catboost,dynamic_status,15.408222873096538
cross_project,COMPASS,dynamic_catboost,dynamic_is_done,56.97084521900715
cross_project,COMPASS,dynamic_catboost,dynamic_status_observed,0.10244320973144
cross_project,COMPASS,dynamic_catboost,dynamic_status_age_days,3.78216704864956
cross_project,COMPASS,dynamic_catboost,dynamic_status_changes,1.0192106107859833
cross_project,COMPASS,dynamic_catboost,dynamic_events_count,0.4019791949348264
cross_project,COMPASS,dynamic_catboost,dynamic_events_in_sprint,0.8074085340650065
cross_project,COMPASS,dynamic_catboost,dynamic_inactive_days,1.493073551250011
cross_project,COMPASS,dynamic_catboost,dynamic_assignee_changes,0.27094458922699777
cross_project,COMPASS,dynamic_catboost,dynamic_priority_changes,0.17089663579726624
cross_project,COMPASS,dynamic_catboost,dynamic_estimate_changes,0.15080889712914333
cross_project,COMPASS,dynamic_catboost,dynamic_priority,0.638499218972099
cross_project,COMPASS,dynamic_catboost,dynamic_issue_type,0.392014149143996
cross_project,COMPASS,dynamic_catboost,dynamic_estimate,0.0
cross_project,COMPASS,dynamic_catboost,dynamic_cohort_done_fraction,3.3012935298842527
cross_project,COMPASS,dynamic_catboost,cohort_size,2.4087844873441213
cross_project,COMPASS,dynamic_no_cohort,static_age_days,1.1462466128061888
cross_project,COMPASS,dynamic_no_cohort,static_duration_days,1.8533464574255347
cross_project,COMPASS,dynamic_no_cohort,static_status,0.8929618403403531
cross_project,COMPASS,dynamic_no_cohort,static_is_done,0.0
cross_project,COMPASS,dynamic_no_cohort,static_status_observed,0.5805109860611672
cross_project,COMPASS,dynamic_no_cohort,static_status_age_days,1.797948118349223
cross_project,COMPASS,dynamic_no_cohort,static_status_changes,0.4000051153358714
cross_project,COMPASS,dynamic_no_cohort,static_events_count,0.380637401214958
cross_project,COMPASS,dynamic_no_cohort,static_events_in_sprint,0.007746356008748697
cross_project,COMPASS,dynamic_no_cohort,static_inactive_days,1.597512853848482
cross_project,COMPASS,dynamic_no_cohort,static_assignee_changes,0.20494655042462032
cross_project,COMPASS,dynamic_no_cohort,static_priority_changes,0.09042862734413104
cross_project,COMPASS,dynamic_no_cohort,static_estimate_changes,0.18894234883616218
cross_project,COMPASS,dynamic_no_cohort,static_priority,0.7592732966555545
cross_project,COMPASS,dynamic_no_cohort,static_issue_type,0.25593065635049367
cross_project,COMPASS,dynamic_no_cohort,static_estimate,0.0
cross_project,COMPASS,dynamic_no_cohort,dynamic_age_days,1.0941753875329148
cross_project,COMPASS,dynamic_no_cohort,dynamic_duration_days,2.1882387359429525
cross_project,COMPASS,dynamic_no_cohort,dynamic_status,15.429042162270562
cross_project,COMPASS,dynamic_no_cohort,dynamic_is_done,60.961347021657126
cross_project,COMPASS,dynamic_no_cohort,dynamic_status_observed,0.11827148888644329
cross_project,COMPASS,dynamic_no_cohort,dynamic_status_age_days,3.9049206065852538
cross_project,COMPASS,dynamic_no_cohort,dynamic_status_changes,1.1970924936060396
cross_project,COMPASS,dynamic_no_cohort,dynamic_events_count,0.36993457101929234
cross_project,COMPASS,dynamic_no_cohort,dynamic_events_in_sprint,0.7222037655741476
cross_project,COMPASS,dynamic_no_cohort,dynamic_inactive_days,1.9043584229235893
cross_project,COMPASS,dynamic_no_cohort,dynamic_assignee_changes,0.336807146299893
cross_project,COMPASS,dynamic_no_cohort,dynamic_priority_changes,0.1190873978401173
cross_project,COMPASS,dynamic_no_cohort,dynamic_estimate_changes,0.2989639322300606
cross_project,COMPASS,dynamic_no_cohort,dynamic_priority,0.8803043998257485
cross_project,COMPASS,dynamic_no_cohort,dynamic_issue_type,0.31881524680436807
cross_project,COMPASS,dynamic_no_cohort,dynamic_estimate,0.0
cross_project,CONFCLOUD,static_catboost,static_age_days,5.4481059053179495
cross_project,CONFCLOUD,static_catboost,static_duration_days,10.00973548325128
cross_project,CONFCLOUD,static_catboost,static_status,16.570584937301927
cross_project,CONFCLOUD,static_catboost,static_is_done,27.23225437261712
cross_project,CONFCLOUD,static_catboost,static_status_observed,0.6703438113834429
cross_project,CONFCLOUD,static_catboost,static_status_age_days,10.918316860439372
cross_project,CONFCLOUD,static_catboost,static_status_changes,2.8924132863422245
cross_project,CONFCLOUD,static_catboost,static_events_count,2.3203184098110006
cross_project,CONFCLOUD,static_catboost,static_events_in_sprint,0.018534806401913673
cross_project,CONFCLOUD,static_catboost,static_inactive_days,6.050613055123042
cross_project,CONFCLOUD,static_catboost,static_assignee_changes,1.6310804402851171
cross_project,CONFCLOUD,static_catboost,static_priority_changes,0.7282831587525672
cross_project,CONFCLOUD,static_catboost,static_estimate_changes,1.9142351751074411
cross_project,CONFCLOUD,static_catboost,static_priority,3.450305063872773
cross_project,CONFCLOUD,static_catboost,static_issue_type,1.3568499122914364
cross_project,CONFCLOUD,static_catboost,static_estimate,0.0
cross_project,CONFCLOUD,static_catboost,static_cohort_done_fraction,3.586018527777496
cross_project,CONFCLOUD,static_catboost,cohort_size,5.202006793923923
cross_project,CONFCLOUD,dynamic_catboost,static_age_days,1.2538549664779033
cross_project,CONFCLOUD,dynamic_catboost,static_duration_days,1.5854198367304184
cross_project,CONFCLOUD,dynamic_catboost,static_status,1.0881364168570107
cross_project,CONFCLOUD,dynamic_catboost,static_is_done,0.0
cross_project,CONFCLOUD,dynamic_catboost,static_status_observed,0.6556635615450002
cross_project,CONFCLOUD,dynamic_catboost,static_status_age_days,1.6005518646951296
cross_project,CONFCLOUD,dynamic_catboost,static_status_changes,0.3386482151609085
cross_project,CONFCLOUD,dynamic_catboost,static_events_count,0.4164815273266143
cross_project,CONFCLOUD,dynamic_catboost,static_events_in_sprint,0.0
cross_project,CONFCLOUD,dynamic_catboost,static_inactive_days,1.5066452185636832
cross_project,CONFCLOUD,dynamic_catboost,static_assignee_changes,0.31195848087721045
cross_project,CONFCLOUD,dynamic_catboost,static_priority_changes,0.1154659826337749
cross_project,CONFCLOUD,dynamic_catboost,static_estimate_changes,0.22612013697046027
cross_project,CONFCLOUD,dynamic_catboost,static_priority,0.3994871900715624
cross_project,CONFCLOUD,dynamic_catboost,static_issue_type,0.16324340183176805
cross_project,CONFCLOUD,dynamic_catboost,static_estimate,0.0
cross_project,CONFCLOUD,dynamic_catboost,static_cohort_done_fraction,1.1608171952618775
cross_project,CONFCLOUD,dynamic_catboost,dynamic_age_days,0.9694446120999728
cross_project,CONFCLOUD,dynamic_catboost,dynamic_duration_days,2.0087413511362358
cross_project,CONFCLOUD,dynamic_catboost,dynamic_status,17.745745531317432
cross_project,CONFCLOUD,dynamic_catboost,dynamic_is_done,54.31509979084739
cross_project,CONFCLOUD,dynamic_catboost,dynamic_status_observed,0.1647656474783312
cross_project,CONFCLOUD,dynamic_catboost,dynamic_status_age_days,3.0220114805639486
cross_project,CONFCLOUD,dynamic_catboost,dynamic_status_changes,0.7274161755322488
cross_project,CONFCLOUD,dynamic_catboost,dynamic_events_count,0.4400700980555692
cross_project,CONFCLOUD,dynamic_catboost,dynamic_events_in_sprint,0.6897259333340774
cross_project,CONFCLOUD,dynamic_catboost,dynamic_inactive_days,1.6470464307612358
cross_project,CONFCLOUD,dynamic_catboost,dynamic_assignee_changes,0.09161699356841292
cross_project,CONFCLOUD,dynamic_catboost,dynamic_priority_changes,0.12525473080043806
cross_project,CONFCLOUD,dynamic_catboost,dynamic_estimate_changes,0.1871704642799849
cross_project,CONFCLOUD,dynamic_catboost,dynamic_priority,0.765502044096865
cross_project,CONFCLOUD,dynamic_catboost,dynamic_issue_type,0.27919784843150475
cross_project,CONFCLOUD,dynamic_catboost,dynamic_estimate,0.0
cross_project,CONFCLOUD,dynamic_catboost,dynamic_cohort_done_fraction,3.4164333959039532
cross_project,CONFCLOUD,dynamic_catboost,cohort_size,2.582263476789084
cross_project,CONFCLOUD,dynamic_no_cohort,static_age_days,1.258635837304119
cross_project,CONFCLOUD,dynamic_no_cohort,static_duration_days,2.667999215453757
cross_project,CONFCLOUD,dynamic_no_cohort,static_status,1.6634031291701763
cross_project,CONFCLOUD,dynamic_no_cohort,static_is_done,0.0
cross_project,CONFCLOUD,dynamic_no_cohort,static_status_observed,0.44952527260178377
cross_project,CONFCLOUD,dynamic_no_cohort,static_status_age_days,1.5055785050853134
cross_project,CONFCLOUD,dynamic_no_cohort,static_status_changes,0.4332683176362421
cross_project,CONFCLOUD,dynamic_no_cohort,static_events_count,0.3836261457605215
cross_project,CONFCLOUD,dynamic_no_cohort,static_events_in_sprint,0.0
cross_project,CONFCLOUD,dynamic_no_cohort,static_inactive_days,2.430871164112754
cross_project,CONFCLOUD,dynamic_no_cohort,static_assignee_changes,0.23542993322397798
cross_project,CONFCLOUD,dynamic_no_cohort,static_priority_changes,0.05514040477251002
cross_project,CONFCLOUD,dynamic_no_cohort,static_estimate_changes,0.3190635941191024
cross_project,CONFCLOUD,dynamic_no_cohort,static_priority,0.6148178403273428
cross_project,CONFCLOUD,dynamic_no_cohort,static_issue_type,0.4041433066134324
cross_project,CONFCLOUD,dynamic_no_cohort,static_estimate,0.0
cross_project,CONFCLOUD,dynamic_no_cohort,dynamic_age_days,1.659721283255887
cross_project,CONFCLOUD,dynamic_no_cohort,dynamic_duration_days,2.0973921279665064
cross_project,CONFCLOUD,dynamic_no_cohort,dynamic_status,15.479265755881297
cross_project,CONFCLOUD,dynamic_no_cohort,dynamic_is_done,57.83029198943797
cross_project,CONFCLOUD,dynamic_no_cohort,dynamic_status_observed,0.1110797535963259
cross_project,CONFCLOUD,dynamic_no_cohort,dynamic_status_age_days,3.384497742565406
cross_project,CONFCLOUD,dynamic_no_cohort,dynamic_status_changes,1.1633246427459598
cross_project,CONFCLOUD,dynamic_no_cohort,dynamic_events_count,0.5550808741321211
cross_project,CONFCLOUD,dynamic_no_cohort,dynamic_events_in_sprint,0.7191722987360089
cross_project,CONFCLOUD,dynamic_no_cohort,dynamic_inactive_days,2.091893830455576
cross_project,CONFCLOUD,dynamic_no_cohort,dynamic_assignee_changes,0.5598242946602777
cross_project,CONFCLOUD,dynamic_no_cohort,dynamic_priority_changes,0.31075412059590124
cross_project,CONFCLOUD,dynamic_no_cohort,dynamic_estimate_changes,0.275327208154667
cross_project,CONFCLOUD,dynamic_no_cohort,dynamic_priority,1.0033482965334541
cross_project,CONFCLOUD,dynamic_no_cohort,dynamic_issue_type,0.3375231151015852
cross_project,CONFCLOUD,dynamic_no_cohort,dynamic_estimate,0.0
cross_project,CONFSERVER,static_catboost,static_age_days,4.438168419569354
cross_project,CONFSERVER,static_catboost,static_duration_days,9.869931142706369
cross_project,CONFSERVER,static_catboost,static_status,18.837320265773027
cross_project,CONFSERVER,static_catboost,static_is_done,26.55753782760694
cross_project,CONFSERVER,static_catboost,static_status_observed,0.5753171775651972
cross_project,CONFSERVER,static_catboost,static_status_age_days,11.405149773304078
cross_project,CONFSERVER,static_catboost,static_status_changes,2.577645540717211
cross_project,CONFSERVER,static_catboost,static_events_count,2.4958206376601075
cross_project,CONFSERVER,static_catboost,static_events_in_sprint,0.0
cross_project,CONFSERVER,static_catboost,static_inactive_days,6.305064410279544
cross_project,CONFSERVER,static_catboost,static_assignee_changes,1.0385043099023852
cross_project,CONFSERVER,static_catboost,static_priority_changes,0.7633526189846448
cross_project,CONFSERVER,static_catboost,static_estimate_changes,1.5542916082183833
cross_project,CONFSERVER,static_catboost,static_priority,4.045704814916415
cross_project,CONFSERVER,static_catboost,static_issue_type,1.3197066205262373
cross_project,CONFSERVER,static_catboost,static_estimate,0.0
cross_project,CONFSERVER,static_catboost,static_cohort_done_fraction,2.620567144767412
cross_project,CONFSERVER,static_catboost,cohort_size,5.595917687502695
cross_project,CONFSERVER,dynamic_catboost,static_age_days,0.8652755550005358
cross_project,CONFSERVER,dynamic_catboost,static_duration_days,1.6938189529383625
cross_project,CONFSERVER,dynamic_catboost,static_status,0.6229285231517923
cross_project,CONFSERVER,dynamic_catboost,static_is_done,0.0
cross_project,CONFSERVER,dynamic_catboost,static_status_observed,0.2409418501805406
cross_project,CONFSERVER,dynamic_catboost,static_status_age_days,1.252813292804059
cross_project,CONFSERVER,dynamic_catboost,static_status_changes,0.44472587381804246
cross_project,CONFSERVER,dynamic_catboost,static_events_count,0.46296146765560414
cross_project,CONFSERVER,dynamic_catboost,static_events_in_sprint,0.0
cross_project,CONFSERVER,dynamic_catboost,static_inactive_days,2.138098797612196
cross_project,CONFSERVER,dynamic_catboost,static_assignee_changes,0.157270808854485
cross_project,CONFSERVER,dynamic_catboost,static_priority_changes,0.26706686657893214
cross_project,CONFSERVER,dynamic_catboost,static_estimate_changes,0.1713763142701584
cross_project,CONFSERVER,dynamic_catboost,static_priority,0.4059262021203009
cross_project,CONFSERVER,dynamic_catboost,static_issue_type,0.20402938159919973
cross_project,CONFSERVER,dynamic_catboost,static_estimate,0.0
cross_project,CONFSERVER,dynamic_catboost,static_cohort_done_fraction,0.5341293977821555
cross_project,CONFSERVER,dynamic_catboost,dynamic_age_days,1.0193876961045496
cross_project,CONFSERVER,dynamic_catboost,dynamic_duration_days,2.0142869146982947
cross_project,CONFSERVER,dynamic_catboost,dynamic_status,17.353824415973747
cross_project,CONFSERVER,dynamic_catboost,dynamic_is_done,53.33067842862084
cross_project,CONFSERVER,dynamic_catboost,dynamic_status_observed,0.11868000985066289
cross_project,CONFSERVER,dynamic_catboost,dynamic_status_age_days,4.290702578598015
cross_project,CONFSERVER,dynamic_catboost,dynamic_status_changes,0.963969176825202
cross_project,CONFSERVER,dynamic_catboost,dynamic_events_count,0.3972431716266346
cross_project,CONFSERVER,dynamic_catboost,dynamic_events_in_sprint,1.0480940828690974
cross_project,CONFSERVER,dynamic_catboost,dynamic_inactive_days,2.2949989960362784
cross_project,CONFSERVER,dynamic_catboost,dynamic_assignee_changes,0.4516632903849489
cross_project,CONFSERVER,dynamic_catboost,dynamic_priority_changes,0.21457616169485597
cross_project,CONFSERVER,dynamic_catboost,dynamic_estimate_changes,0.40054815138864613
cross_project,CONFSERVER,dynamic_catboost,dynamic_priority,0.8553408607682342
cross_project,CONFSERVER,dynamic_catboost,dynamic_issue_type,0.44355891783143025
cross_project,CONFSERVER,dynamic_catboost,dynamic_estimate,0.0
cross_project,CONFSERVER,dynamic_catboost,dynamic_cohort_done_fraction,2.771329288271321
cross_project,CONFSERVER,dynamic_catboost,cohort_size,2.569754574090868
cross_project,CONFSERVER,dynamic_no_cohort,static_age_days,1.3033901064689695
cross_project,CONFSERVER,dynamic_no_cohort,static_duration_days,2.813128648587738
cross_project,CONFSERVER,dynamic_no_cohort,static_status,1.2760847114482707
cross_project,CONFSERVER,dynamic_no_cohort,static_is_done,0.0
cross_project,CONFSERVER,dynamic_no_cohort,static_status_observed,0.33780405681541215
cross_project,CONFSERVER,dynamic_no_cohort,static_status_age_days,1.0227682851597977
cross_project,CONFSERVER,dynamic_no_cohort,static_status_changes,0.22172503440608887
cross_project,CONFSERVER,dynamic_no_cohort,static_events_count,0.748287342758087
cross_project,CONFSERVER,dynamic_no_cohort,static_events_in_sprint,0.0
cross_project,CONFSERVER,dynamic_no_cohort,static_inactive_days,2.330968491233126
cross_project,CONFSERVER,dynamic_no_cohort,static_assignee_changes,0.18407006625690783
cross_project,CONFSERVER,dynamic_no_cohort,static_priority_changes,0.32474011585198487
cross_project,CONFSERVER,dynamic_no_cohort,static_estimate_changes,0.3303100473811492
cross_project,CONFSERVER,dynamic_no_cohort,static_priority,0.5773053858475972
cross_project,CONFSERVER,dynamic_no_cohort,static_issue_type,0.2947093230741532
cross_project,CONFSERVER,dynamic_no_cohort,static_estimate,0.0
cross_project,CONFSERVER,dynamic_no_cohort,dynamic_age_days,1.0031319378157333
cross_project,CONFSERVER,dynamic_no_cohort,dynamic_duration_days,1.8721357833209888
cross_project,CONFSERVER,dynamic_no_cohort,dynamic_status,16.566035793555983
cross_project,CONFSERVER,dynamic_no_cohort,dynamic_is_done,56.39671416109907
cross_project,CONFSERVER,dynamic_no_cohort,dynamic_status_observed,0.22417672848267634
cross_project,CONFSERVER,dynamic_no_cohort,dynamic_status_age_days,4.882472780100315
cross_project,CONFSERVER,dynamic_no_cohort,dynamic_status_changes,1.2425198801783393
cross_project,CONFSERVER,dynamic_no_cohort,dynamic_events_count,0.653929023349003
cross_project,CONFSERVER,dynamic_no_cohort,dynamic_events_in_sprint,0.8710696522140907
cross_project,CONFSERVER,dynamic_no_cohort,dynamic_inactive_days,1.978569112338839
cross_project,CONFSERVER,dynamic_no_cohort,dynamic_assignee_changes,0.24870765193179487
cross_project,CONFSERVER,dynamic_no_cohort,dynamic_priority_changes,0.4240426937568292
cross_project,CONFSERVER,dynamic_no_cohort,dynamic_estimate_changes,0.572973954956965
cross_project,CONFSERVER,dynamic_no_cohort,dynamic_priority,0.9591074023728487
cross_project,CONFSERVER,dynamic_no_cohort,dynamic_issue_type,0.3391218292371935
cross_project,CONFSERVER,dynamic_no_cohort,dynamic_estimate,0.0
cross_project,DM,static_catboost,static_age_days,5.710444122716767
cross_project,DM,static_catboost,static_duration_days,9.543035614406215
cross_project,DM,static_catboost,static_status,16.794033328267382
cross_project,DM,static_catboost,static_is_done,29.15958337906016
cross_project,DM,static_catboost,static_status_observed,0.35109036331214827
cross_project,DM,static_catboost,static_status_age_days,8.550596042033806
cross_project,DM,static_catboost,static_status_changes,2.1592408513899626
cross_project,DM,static_catboost,static_events_count,2.4054029579429224
cross_project,DM,static_catboost,static_events_in_sprint,0.0
cross_project,DM,static_catboost,static_inactive_days,7.616762525666248
cross_project,DM,static_catboost,static_assignee_changes,1.2144566882468286
cross_project,DM,static_catboost,static_priority_changes,0.7784315530102076
cross_project,DM,static_catboost,static_estimate_changes,1.4045623195798629
cross_project,DM,static_catboost,static_priority,3.551595561428672
cross_project,DM,static_catboost,static_issue_type,1.2820501305618615
cross_project,DM,static_catboost,static_estimate,0.0
cross_project,DM,static_catboost,static_cohort_done_fraction,3.023665022992188
cross_project,DM,static_catboost,cohort_size,6.455049539384798
cross_project,DM,dynamic_catboost,static_age_days,1.6299064916571344
cross_project,DM,dynamic_catboost,static_duration_days,1.981583357468052
cross_project,DM,dynamic_catboost,static_status,1.3245714131123119
cross_project,DM,dynamic_catboost,static_is_done,0.05490584035240969
cross_project,DM,dynamic_catboost,static_status_observed,0.60364456873754
cross_project,DM,dynamic_catboost,static_status_age_days,1.8262034170027877
cross_project,DM,dynamic_catboost,static_status_changes,0.743681916943446
cross_project,DM,dynamic_catboost,static_events_count,0.4282410925057168
cross_project,DM,dynamic_catboost,static_events_in_sprint,0.0073160873013138235
cross_project,DM,dynamic_catboost,static_inactive_days,2.241806962847159
cross_project,DM,dynamic_catboost,static_assignee_changes,0.13427291713802983
cross_project,DM,dynamic_catboost,static_priority_changes,0.1264698808374473
cross_project,DM,dynamic_catboost,static_estimate_changes,0.23489639316892735
cross_project,DM,dynamic_catboost,static_priority,0.6016671624984835
cross_project,DM,dynamic_catboost,static_issue_type,0.20857563297887752
cross_project,DM,dynamic_catboost,static_estimate,0.0
cross_project,DM,dynamic_catboost,static_cohort_done_fraction,1.072414686211641
cross_project,DM,dynamic_catboost,dynamic_age_days,1.1768552367551801
cross_project,DM,dynamic_catboost,dynamic_duration_days,1.6699281099216174
cross_project,DM,dynamic_catboost,dynamic_status,9.942864975032395
cross_project,DM,dynamic_catboost,dynamic_is_done,58.195175097184574
cross_project,DM,dynamic_catboost,dynamic_status_observed,0.10451111497173102
cross_project,DM,dynamic_catboost,dynamic_status_age_days,3.3638705986267468
cross_project,DM,dynamic_catboost,dynamic_status_changes,1.2696347708170699
cross_project,DM,dynamic_catboost,dynamic_events_count,0.5254933405394406
cross_project,DM,dynamic_catboost,dynamic_events_in_sprint,0.4217813337640833
cross_project,DM,dynamic_catboost,dynamic_inactive_days,1.9310240572486415
cross_project,DM,dynamic_catboost,dynamic_assignee_changes,0.21169118134698564
cross_project,DM,dynamic_catboost,dynamic_priority_changes,0.1964680792767868
cross_project,DM,dynamic_catboost,dynamic_estimate_changes,0.16227487403481902
cross_project,DM,dynamic_catboost,dynamic_priority,0.7519812629303851
cross_project,DM,dynamic_catboost,dynamic_issue_type,0.3194007633650999
cross_project,DM,dynamic_catboost,dynamic_estimate,0.0
cross_project,DM,dynamic_catboost,dynamic_cohort_done_fraction,3.5014802949273753
cross_project,DM,dynamic_catboost,cohort_size,3.0354070884957935
cross_project,DM,dynamic_no_cohort,static_age_days,1.598092931536414
cross_project,DM,dynamic_no_cohort,static_duration_days,1.8725782171323253
cross_project,DM,dynamic_no_cohort,static_status,1.871810008549128
cross_project,DM,dynamic_no_cohort,static_is_done,0.0
cross_project,DM,dynamic_no_cohort,static_status_observed,1.040760651911747
cross_project,DM,dynamic_no_cohort,static_status_age_days,1.9070840747934035
cross_project,DM,dynamic_no_cohort,static_status_changes,0.4736394792164029
cross_project,DM,dynamic_no_cohort,static_events_count,0.2890674434933213
cross_project,DM,dynamic_no_cohort,static_events_in_sprint,0.012283576916768516
cross_project,DM,dynamic_no_cohort,static_inactive_days,2.9257119865092487
cross_project,DM,dynamic_no_cohort,static_assignee_changes,0.14431854862927945
cross_project,DM,dynamic_no_cohort,static_priority_changes,0.12792533869103687
cross_project,DM,dynamic_no_cohort,static_estimate_changes,0.2746883144684005
cross_project,DM,dynamic_no_cohort,static_priority,0.9683579615010963
cross_project,DM,dynamic_no_cohort,static_issue_type,0.2937204890701248
cross_project,DM,dynamic_no_cohort,static_estimate,0.0
cross_project,DM,dynamic_no_cohort,dynamic_age_days,1.0951086484684178
cross_project,DM,dynamic_no_cohort,dynamic_duration_days,2.2387634522742426
cross_project,DM,dynamic_no_cohort,dynamic_status,12.363433326973693
cross_project,DM,dynamic_no_cohort,dynamic_is_done,60.974271997171456
cross_project,DM,dynamic_no_cohort,dynamic_status_observed,0.07433486341243155
cross_project,DM,dynamic_no_cohort,dynamic_status_age_days,3.304067792403133
cross_project,DM,dynamic_no_cohort,dynamic_status_changes,1.330417015928738
cross_project,DM,dynamic_no_cohort,dynamic_events_count,0.6088160967534361
cross_project,DM,dynamic_no_cohort,dynamic_events_in_sprint,0.29909605080153073
cross_project,DM,dynamic_no_cohort,dynamic_inactive_days,1.748348746421499
cross_project,DM,dynamic_no_cohort,dynamic_assignee_changes,0.3556294617313707
cross_project,DM,dynamic_no_cohort,dynamic_priority_changes,0.3092037705268559
cross_project,DM,dynamic_no_cohort,dynamic_estimate_changes,0.20636171232974657
cross_project,DM,dynamic_no_cohort,dynamic_priority,0.9581323238481827
cross_project,DM,dynamic_no_cohort,dynamic_issue_type,0.3339757185365663
cross_project,DM,dynamic_no_cohort,dynamic_estimate,0.0
cross_project,INDY,static_catboost,static_age_days,5.225533886637324
cross_project,INDY,static_catboost,static_duration_days,10.45302887538947
cross_project,INDY,static_catboost,static_status,18.50868610805684
cross_project,INDY,static_catboost,static_is_done,27.341297107709533
cross_project,INDY,static_catboost,static_status_observed,0.4621268518758328
cross_project,INDY,static_catboost,static_status_age_days,10.84429407981219
cross_project,INDY,static_catboost,static_status_changes,2.198911722964079
cross_project,INDY,static_catboost,static_events_count,2.2315875017621996
cross_project,INDY,static_catboost,static_events_in_sprint,0.00960821021646308
cross_project,INDY,static_catboost,static_inactive_days,6.233176993773294
cross_project,INDY,static_catboost,static_assignee_changes,1.8091159006105662
cross_project,INDY,static_catboost,static_priority_changes,0.40091237416868464
cross_project,INDY,static_catboost,static_estimate_changes,1.7672323270573103
cross_project,INDY,static_catboost,static_priority,3.651647105093943
cross_project,INDY,static_catboost,static_issue_type,1.00407410913956
cross_project,INDY,static_catboost,static_estimate,0.0
cross_project,INDY,static_catboost,static_cohort_done_fraction,3.130805053558736
cross_project,INDY,static_catboost,cohort_size,4.7279617921739145
cross_project,INDY,dynamic_catboost,static_age_days,1.681685705171798
cross_project,INDY,dynamic_catboost,static_duration_days,1.6156475398627521
cross_project,INDY,dynamic_catboost,static_status,1.541740714343429
cross_project,INDY,dynamic_catboost,static_is_done,0.0
cross_project,INDY,dynamic_catboost,static_status_observed,0.14952311065583296
cross_project,INDY,dynamic_catboost,static_status_age_days,1.6970893466376926
cross_project,INDY,dynamic_catboost,static_status_changes,0.711245765443373
cross_project,INDY,dynamic_catboost,static_events_count,0.6304529448681649
cross_project,INDY,dynamic_catboost,static_events_in_sprint,0.02553716115557202
cross_project,INDY,dynamic_catboost,static_inactive_days,1.7115607767182226
cross_project,INDY,dynamic_catboost,static_assignee_changes,0.17115878436125656
cross_project,INDY,dynamic_catboost,static_priority_changes,0.25216937061125483
cross_project,INDY,dynamic_catboost,static_estimate_changes,0.13971116396936553
cross_project,INDY,dynamic_catboost,static_priority,0.32483462338392644
cross_project,INDY,dynamic_catboost,static_issue_type,0.2639404208442719
cross_project,INDY,dynamic_catboost,static_estimate,0.0
cross_project,INDY,dynamic_catboost,static_cohort_done_fraction,1.221289387936016
cross_project,INDY,dynamic_catboost,dynamic_age_days,1.0227288326561679
cross_project,INDY,dynamic_catboost,dynamic_duration_days,1.776332413482572
cross_project,INDY,dynamic_catboost,dynamic_status,16.533281716449597
cross_project,INDY,dynamic_catboost,dynamic_is_done,52.86924543465631
cross_project,INDY,dynamic_catboost,dynamic_status_observed,0.04275815197258839
cross_project,INDY,dynamic_catboost,dynamic_status_age_days,3.1234278230224684
cross_project,INDY,dynamic_catboost,dynamic_status_changes,1.1238589738828735
cross_project,INDY,dynamic_catboost,dynamic_events_count,0.48757942857938197
cross_project,INDY,dynamic_catboost,dynamic_events_in_sprint,1.0998223668288811
cross_project,INDY,dynamic_catboost,dynamic_inactive_days,1.6564796262160282
cross_project,INDY,dynamic_catboost,dynamic_assignee_changes,0.16139803268234645
cross_project,INDY,dynamic_catboost,dynamic_priority_changes,0.1508683966652297
cross_project,INDY,dynamic_catboost,dynamic_estimate_changes,0.09379888291556161
cross_project,INDY,dynamic_catboost,dynamic_priority,0.7567730232634627
cross_project,INDY,dynamic_catboost,dynamic_issue_type,0.1899866853181412
cross_project,INDY,dynamic_catboost,dynamic_estimate,0.0
cross_project,INDY,dynamic_catboost,dynamic_cohort_done_fraction,4.122940812824565
cross_project,INDY,dynamic_catboost,cohort_size,2.6511325826209067
cross_project,INDY,dynamic_no_cohort,static_age_days,1.2166086968444625
cross_project,INDY,dynamic_no_cohort,static_duration_days,1.8730705298794716
cross_project,INDY,dynamic_no_cohort,static_status,1.3286221738683008
cross_project,INDY,dynamic_no_cohort,static_is_done,0.0
cross_project,INDY,dynamic_no_cohort,static_status_observed,0.4586171605218652
cross_project,INDY,dynamic_no_cohort,static_status_age_days,1.6957190204639492
cross_project,INDY,dynamic_no_cohort,static_status_changes,0.6520201800887031
cross_project,INDY,dynamic_no_cohort,static_events_count,0.3910579706801314
cross_project,INDY,dynamic_no_cohort,static_events_in_sprint,0.0058022267305908315
cross_project,INDY,dynamic_no_cohort,static_inactive_days,2.6730846379633024
cross_project,INDY,dynamic_no_cohort,static_assignee_changes,0.11789350485271703
cross_project,INDY,dynamic_no_cohort,static_priority_changes,0.17204907716266313
cross_project,INDY,dynamic_no_cohort,static_estimate_changes,0.30889380545029926
cross_project,INDY,dynamic_no_cohort,static_priority,0.46853139568551255
cross_project,INDY,dynamic_no_cohort,static_issue_type,0.3378416985089688
cross_project,INDY,dynamic_no_cohort,static_estimate,0.0
cross_project,INDY,dynamic_no_cohort,dynamic_age_days,1.2142399981421181
cross_project,INDY,dynamic_no_cohort,dynamic_duration_days,2.0919768494762567
cross_project,INDY,dynamic_no_cohort,dynamic_status,18.281834444783385
cross_project,INDY,dynamic_no_cohort,dynamic_is_done,57.02099296497764
cross_project,INDY,dynamic_no_cohort,dynamic_status_observed,0.0863783778047445
cross_project,INDY,dynamic_no_cohort,dynamic_status_age_days,3.384072431072974
cross_project,INDY,dynamic_no_cohort,dynamic_status_changes,0.8250551313761387
cross_project,INDY,dynamic_no_cohort,dynamic_events_count,0.5619212357052535
cross_project,INDY,dynamic_no_cohort,dynamic_events_in_sprint,0.8332257556445991
cross_project,INDY,dynamic_no_cohort,dynamic_inactive_days,2.016038348884904
cross_project,INDY,dynamic_no_cohort,dynamic_assignee_changes,0.24177014693032903
cross_project,INDY,dynamic_no_cohort,dynamic_priority_changes,0.14359658142026238
cross_project,INDY,dynamic_no_cohort,dynamic_estimate_changes,0.21163076395755556
cross_project,INDY,dynamic_no_cohort,dynamic_priority,1.2406206622260965
cross_project,INDY,dynamic_no_cohort,dynamic_issue_type,0.14683422889676764
cross_project,INDY,dynamic_no_cohort,dynamic_estimate,0.0
cross_project,IS,static_catboost,static_age_days,5.195632858512545
cross_project,IS,static_catboost,static_duration_days,10.041167566001434
cross_project,IS,static_catboost,static_status,16.138456042309336
cross_project,IS,static_catboost,static_is_done,28.321247576453636
cross_project,IS,static_catboost,static_status_observed,0.9440222942142555
cross_project,IS,static_catboost,static_status_age_days,10.149240207419561
cross_project,IS,static_catboost,static_status_changes,2.286181900772891
cross_project,IS,static_catboost,static_events_count,2.3902024025094963
cross_project,IS,static_catboost,static_events_in_sprint,0.0049296264420467285
cross_project,IS,static_catboost,static_inactive_days,6.755105147994663
cross_project,IS,static_catboost,static_assignee_changes,1.7057029031471023
cross_project,IS,static_catboost,static_priority_changes,0.6814047860566678
cross_project,IS,static_catboost,static_estimate_changes,1.6425794712088735
cross_project,IS,static_catboost,static_priority,3.0511010650383614
cross_project,IS,static_catboost,static_issue_type,1.5879682323984263
cross_project,IS,static_catboost,static_estimate,0.0
cross_project,IS,static_catboost,static_cohort_done_fraction,3.563253593328662
cross_project,IS,static_catboost,cohort_size,5.541804326192009
cross_project,IS,dynamic_catboost,static_age_days,1.2390463564641658
cross_project,IS,dynamic_catboost,static_duration_days,1.752189854260723
cross_project,IS,dynamic_catboost,static_status,1.1748536565706116
cross_project,IS,dynamic_catboost,static_is_done,0.0
cross_project,IS,dynamic_catboost,static_status_observed,1.0418428728515978
cross_project,IS,dynamic_catboost,static_status_age_days,1.7060929347672853
cross_project,IS,dynamic_catboost,static_status_changes,0.3149460111434809
cross_project,IS,dynamic_catboost,static_events_count,0.3667801231004952
cross_project,IS,dynamic_catboost,static_events_in_sprint,0.015232171760070889
cross_project,IS,dynamic_catboost,static_inactive_days,1.634092769772501
cross_project,IS,dynamic_catboost,static_assignee_changes,0.220376106595767
cross_project,IS,dynamic_catboost,static_priority_changes,0.10293245018239507
cross_project,IS,dynamic_catboost,static_estimate_changes,0.27523104742033666
cross_project,IS,dynamic_catboost,static_priority,0.35608144735179936
cross_project,IS,dynamic_catboost,static_issue_type,0.15675335241138538
cross_project,IS,dynamic_catboost,static_estimate,0.0
cross_project,IS,dynamic_catboost,static_cohort_done_fraction,0.9203021089118039
cross_project,IS,dynamic_catboost,dynamic_age_days,1.0347638607516574
cross_project,IS,dynamic_catboost,dynamic_duration_days,1.6473252397363414
cross_project,IS,dynamic_catboost,dynamic_status,13.618009357447681
cross_project,IS,dynamic_catboost,dynamic_is_done,58.57656490126418
cross_project,IS,dynamic_catboost,dynamic_status_observed,0.14583158879937244
cross_project,IS,dynamic_catboost,dynamic_status_age_days,3.101871855671436
cross_project,IS,dynamic_catboost,dynamic_status_changes,0.7685691304267397
cross_project,IS,dynamic_catboost,dynamic_events_count,0.43704428896238395
cross_project,IS,dynamic_catboost,dynamic_events_in_sprint,0.4610884569716224
cross_project,IS,dynamic_catboost,dynamic_inactive_days,1.420444102429097
cross_project,IS,dynamic_catboost,dynamic_assignee_changes,0.3032759312288517
cross_project,IS,dynamic_catboost,dynamic_priority_changes,0.09615875853275863
cross_project,IS,dynamic_catboost,dynamic_estimate_changes,0.2759462475501433
cross_project,IS,dynamic_catboost,dynamic_priority,0.7141231368970795
cross_project,IS,dynamic_catboost,dynamic_issue_type,0.358376215807852
cross_project,IS,dynamic_catboost,dynamic_estimate,0.0
cross_project,IS,dynamic_catboost,dynamic_cohort_done_fraction,2.919818542892356
cross_project,IS,dynamic_catboost,cohort_size,2.844035121066071
cross_project,IS,dynamic_no_cohort,static_age_days,1.3088451885390406
cross_project,IS,dynamic_no_cohort,static_duration_days,1.7078168424740936
cross_project,IS,dynamic_no_cohort,static_status,1.1330532566724476
cross_project,IS,dynamic_no_cohort,static_is_done,0.012709545748287636
cross_project,IS,dynamic_no_cohort,static_status_observed,1.6140487776318742
cross_project,IS,dynamic_no_cohort,static_status_age_days,1.3866850271617823
cross_project,IS,dynamic_no_cohort,static_status_changes,0.7625160627862654
cross_project,IS,dynamic_no_cohort,static_events_count,0.32149567786083466
cross_project,IS,dynamic_no_cohort,static_events_in_sprint,0.008226858608639342
cross_project,IS,dynamic_no_cohort,static_inactive_days,2.213338838600843
cross_project,IS,dynamic_no_cohort,static_assignee_changes,0.22577340086258166
cross_project,IS,dynamic_no_cohort,static_priority_changes,0.10676841623783818
cross_project,IS,dynamic_no_cohort,static_estimate_changes,0.28005292590246855
cross_project,IS,dynamic_no_cohort,static_priority,0.4573948139715775
cross_project,IS,dynamic_no_cohort,static_issue_type,0.2785657365716985
cross_project,IS,dynamic_no_cohort,static_estimate,0.0
cross_project,IS,dynamic_no_cohort,dynamic_age_days,1.0641304639844789
cross_project,IS,dynamic_no_cohort,dynamic_duration_days,1.8985453660483416
cross_project,IS,dynamic_no_cohort,dynamic_status,17.985698847862835
cross_project,IS,dynamic_no_cohort,dynamic_is_done,58.431908325953906
cross_project,IS,dynamic_no_cohort,dynamic_status_observed,0.048949973589115306
cross_project,IS,dynamic_no_cohort,dynamic_status_age_days,3.0259442577498326
cross_project,IS,dynamic_no_cohort,dynamic_status_changes,0.9814190282944105
cross_project,IS,dynamic_no_cohort,dynamic_events_count,0.38418668413366225
cross_project,IS,dynamic_no_cohort,dynamic_events_in_sprint,0.585544106930634
cross_project,IS,dynamic_no_cohort,dynamic_inactive_days,1.8512106618846642
cross_project,IS,dynamic_no_cohort,dynamic_assignee_changes,0.40972658651396593
cross_project,IS,dynamic_no_cohort,dynamic_priority_changes,0.09770213167141303
cross_project,IS,dynamic_no_cohort,dynamic_estimate_changes,0.26097437796822176
cross_project,IS,dynamic_no_cohort,dynamic_priority,0.8933247033580632
cross_project,IS,dynamic_no_cohort,dynamic_issue_type,0.2634431144261271
cross_project,IS,dynamic_no_cohort,dynamic_estimate,0.0
cross_project,MESOS,static_catboost,static_age_days,5.2076034123339205
cross_project,MESOS,static_catboost,static_duration_days,9.530196289339441
cross_project,MESOS,static_catboost,static_status,19.05921881869595
cross_project,MESOS,static_catboost,static_is_done,27.621543151913002
cross_project,MESOS,static_catboost,static_status_observed,0.5181612654809662
cross_project,MESOS,static_catboost,static_status_age_days,11.106553161866426
cross_project,MESOS,static_catboost,static_status_changes,2.8050026297258435
cross_project,MESOS,static_catboost,static_events_count,2.2204995238294654
cross_project,MESOS,static_catboost,static_events_in_sprint,0.01037116945600111
cross_project,MESOS,static_catboost,static_inactive_days,4.764108046517726
cross_project,MESOS,static_catboost,static_assignee_changes,0.9112425789836424
cross_project,MESOS,static_catboost,static_priority_changes,0.5992611070681128
cross_project,MESOS,static_catboost,static_estimate_changes,1.2081680598970637
cross_project,MESOS,static_catboost,static_priority,3.9932028872178034
cross_project,MESOS,static_catboost,static_issue_type,1.12329933548729
cross_project,MESOS,static_catboost,static_estimate,0.0
cross_project,MESOS,static_catboost,static_cohort_done_fraction,3.4838369702530927
cross_project,MESOS,static_catboost,cohort_size,5.837731591934259
cross_project,MESOS,dynamic_catboost,static_age_days,1.1650044268795547
cross_project,MESOS,dynamic_catboost,static_duration_days,1.7692064403283927
cross_project,MESOS,dynamic_catboost,static_status,1.1752171405153191
cross_project,MESOS,dynamic_catboost,static_is_done,0.3924688518907709
cross_project,MESOS,dynamic_catboost,static_status_observed,0.47659536089373317
cross_project,MESOS,dynamic_catboost,static_status_age_days,1.5981884727314637
cross_project,MESOS,dynamic_catboost,static_status_changes,0.24922093524726116
cross_project,MESOS,dynamic_catboost,static_events_count,0.46376096103555875
cross_project,MESOS,dynamic_catboost,static_events_in_sprint,0.022944920126690627
cross_project,MESOS,dynamic_catboost,static_inactive_days,1.184265057783822
cross_project,MESOS,dynamic_catboost,static_assignee_changes,0.1631927094562299
cross_project,MESOS,dynamic_catboost,static_priority_changes,0.10860386695865779
cross_project,MESOS,dynamic_catboost,static_estimate_changes,0.3253600945757797
cross_project,MESOS,dynamic_catboost,static_priority,0.35269454589731525
cross_project,MESOS,dynamic_catboost,static_issue_type,0.2774579670013773
cross_project,MESOS,dynamic_catboost,static_estimate,0.0
cross_project,MESOS,dynamic_catboost,static_cohort_done_fraction,1.1745156586557042
cross_project,MESOS,dynamic_catboost,dynamic_age_days,0.7797021002887751
cross_project,MESOS,dynamic_catboost,dynamic_duration_days,1.9989831546250791
cross_project,MESOS,dynamic_catboost,dynamic_status,14.0747621532186
cross_project,MESOS,dynamic_catboost,dynamic_is_done,57.64612212559505
cross_project,MESOS,dynamic_catboost,dynamic_status_observed,0.07483439128493174
cross_project,MESOS,dynamic_catboost,dynamic_status_age_days,4.034769291720841
cross_project,MESOS,dynamic_catboost,dynamic_status_changes,0.9867926937153284
cross_project,MESOS,dynamic_catboost,dynamic_events_count,0.3465378665395288
cross_project,MESOS,dynamic_catboost,dynamic_events_in_sprint,0.6015966856848012
cross_project,MESOS,dynamic_catboost,dynamic_inactive_days,1.6234693070606019
cross_project,MESOS,dynamic_catboost,dynamic_assignee_changes,0.3725119667157732
cross_project,MESOS,dynamic_catboost,dynamic_priority_changes,0.0529638407873103
cross_project,MESOS,dynamic_catboost,dynamic_estimate_changes,0.17285911599910914
cross_project,MESOS,dynamic_catboost,dynamic_priority,0.841968121771133
cross_project,MESOS,dynamic_catboost,dynamic_issue_type,0.27007816794994954
cross_project,MESOS,dynamic_catboost,dynamic_estimate,0.0
cross_project,MESOS,dynamic_catboost,dynamic_cohort_done_fraction,2.954785277611665
cross_project,MESOS,dynamic_catboost,cohort_size,2.268566329453879
cross_project,MESOS,dynamic_no_cohort,static_age_days,1.1543177829829747
cross_project,MESOS,dynamic_no_cohort,static_duration_days,1.9231156226509811
cross_project,MESOS,dynamic_no_cohort,static_status,1.0050865413012993
cross_project,MESOS,dynamic_no_cohort,static_is_done,0.0
cross_project,MESOS,dynamic_no_cohort,static_status_observed,0.7306389174812684
cross_project,MESOS,dynamic_no_cohort,static_status_age_days,1.9959478244214195
cross_project,MESOS,dynamic_no_cohort,static_status_changes,0.38805193519059483
cross_project,MESOS,dynamic_no_cohort,static_events_count,0.293547349231441
cross_project,MESOS,dynamic_no_cohort,static_events_in_sprint,0.01576870004388078
cross_project,MESOS,dynamic_no_cohort,static_inactive_days,1.3204320281507227
cross_project,MESOS,dynamic_no_cohort,static_assignee_changes,0.24939246539471152
cross_project,MESOS,dynamic_no_cohort,static_priority_changes,0.12648773557344267
cross_project,MESOS,dynamic_no_cohort,static_estimate_changes,0.4648612304481584
cross_project,MESOS,dynamic_no_cohort,static_priority,0.3806517445322915
cross_project,MESOS,dynamic_no_cohort,static_issue_type,0.2926848479566316
cross_project,MESOS,dynamic_no_cohort,static_estimate,0.0
cross_project,MESOS,dynamic_no_cohort,dynamic_age_days,1.2272181455601827
cross_project,MESOS,dynamic_no_cohort,dynamic_duration_days,2.1285716815762394
cross_project,MESOS,dynamic_no_cohort,dynamic_status,16.086222999684967
cross_project,MESOS,dynamic_no_cohort,dynamic_is_done,59.92672316026475
cross_project,MESOS,dynamic_no_cohort,dynamic_status_observed,0.03430435929642768
cross_project,MESOS,dynamic_no_cohort,dynamic_status_age_days,3.8031365666947154
cross_project,MESOS,dynamic_no_cohort,dynamic_status_changes,1.649960007252684
cross_project,MESOS,dynamic_no_cohort,dynamic_events_count,0.4384775162891912
cross_project,MESOS,dynamic_no_cohort,dynamic_events_in_sprint,0.523578236312093
cross_project,MESOS,dynamic_no_cohort,dynamic_inactive_days,1.8370119285229696
cross_project,MESOS,dynamic_no_cohort,dynamic_assignee_changes,0.19328760735149056
cross_project,MESOS,dynamic_no_cohort,dynamic_priority_changes,0.14885425909270952
cross_project,MESOS,dynamic_no_cohort,dynamic_estimate_changes,0.1468593347709857
cross_project,MESOS,dynamic_no_cohort,dynamic_priority,1.2399904494497331
cross_project,MESOS,dynamic_no_cohort,dynamic_issue_type,0.27481902252105317
cross_project,MESOS,dynamic_no_cohort,dynamic_estimate,0.0
cross_project,MULE,static_catboost,static_age_days,5.880636242884398
cross_project,MULE,static_catboost,static_duration_days,10.510941747150767
cross_project,MULE,static_catboost,static_status,14.799261270532144
cross_project,MULE,static_catboost,static_is_done,30.220432093429277
cross_project,MULE,static_catboost,static_status_observed,0.2172214803684043
cross_project,MULE,static_catboost,static_status_age_days,9.70847842884891
cross_project,MULE,static_catboost,static_status_changes,1.7523586027499585
cross_project,MULE,static_catboost,static_events_count,1.3637978354717952
cross_project,MULE,static_catboost,static_events_in_sprint,0.0
cross_project,MULE,static_catboost,static_inactive_days,8.106772129139033
cross_project,MULE,static_catboost,static_assignee_changes,1.2194231700263807
cross_project,MULE,static_catboost,static_priority_changes,0.8221605003195032
cross_project,MULE,static_catboost,static_estimate_changes,1.0586655115499894
cross_project,MULE,static_catboost,static_priority,2.0873506066015044
cross_project,MULE,static_catboost,static_issue_type,1.2043431667527391
cross_project,MULE,static_catboost,static_estimate,0.0
cross_project,MULE,static_catboost,static_cohort_done_fraction,3.3504393868431026
cross_project,MULE,static_catboost,cohort_size,7.697717827332116
cross_project,MULE,dynamic_catboost,static_age_days,1.5686623156148738
cross_project,MULE,dynamic_catboost,static_duration_days,1.9798322547241107
cross_project,MULE,dynamic_catboost,static_status,1.8275356619645136
cross_project,MULE,dynamic_catboost,static_is_done,0.09690274925786785
cross_project,MULE,dynamic_catboost,static_status_observed,0.8632614587562745
cross_project,MULE,dynamic_catboost,static_status_age_days,1.986675430325415
cross_project,MULE,dynamic_catboost,static_status_changes,1.024434404460763
cross_project,MULE,dynamic_catboost,static_events_count,0.3574745032613452
cross_project,MULE,dynamic_catboost,static_events_in_sprint,0.0
cross_project,MULE,dynamic_catboost,static_inactive_days,2.2298010309078067
cross_project,MULE,dynamic_catboost,static_assignee_changes,0.4380839443059481
cross_project,MULE,dynamic_catboost,static_priority_changes,0.2657861901999901
cross_project,MULE,dynamic_catboost,static_estimate_changes,0.314187112370094
cross_project,MULE,dynamic_catboost,static_priority,0.3895756939260301
cross_project,MULE,dynamic_catboost,static_issue_type,0.2972831476600339
cross_project,MULE,dynamic_catboost,static_estimate,0.0
cross_project,MULE,dynamic_catboost,static_cohort_done_fraction,0.9394890979239966
cross_project,MULE,dynamic_catboost,dynamic_age_days,1.272753343470638
cross_project,MULE,dynamic_catboost,dynamic_duration_days,2.415224613216767
cross_project,MULE,dynamic_catboost,dynamic_status,12.312900884025249
cross_project,MULE,dynamic_catboost,dynamic_is_done,54.36248435023018
cross_project,MULE,dynamic_catboost,dynamic_status_observed,0.1139373980145548
cross_project,MULE,dynamic_catboost,dynamic_status_age_days,2.2550065162964836
cross_project,MULE,dynamic_catboost,dynamic_status_changes,1.4035716746748075
cross_project,MULE,dynamic_catboost,dynamic_events_count,0.7677811164504167
cross_project,MULE,dynamic_catboost,dynamic_events_in_sprint,0.5162677128655421
cross_project,MULE,dynamic_catboost,dynamic_inactive_days,1.69110344252139
cross_project,MULE,dynamic_catboost,dynamic_assignee_changes,0.35224851333544915
cross_project,MULE,dynamic_catboost,dynamic_priority_changes,0.22379975542851446
cross_project,MULE,dynamic_catboost,dynamic_estimate_changes,0.16020051123730855
cross_project,MULE,dynamic_catboost,dynamic_priority,0.2518762418350534
cross_project,MULE,dynamic_catboost,dynamic_issue_type,0.31918270154294104
cross_project,MULE,dynamic_catboost,dynamic_estimate,0.0
cross_project,MULE,dynamic_catboost,dynamic_cohort_done_fraction,3.4605893180549927
cross_project,MULE,dynamic_catboost,cohort_size,3.542086911140599
cross_project,MULE,dynamic_no_cohort,static_age_days,1.93391872338419
cross_project,MULE,dynamic_no_cohort,static_duration_days,2.486676871482756
cross_project,MULE,dynamic_no_cohort,static_status,2.069151590817967
cross_project,MULE,dynamic_no_cohort,static_is_done,0.0
cross_project,MULE,dynamic_no_cohort,static_status_observed,0.584242577166839
cross_project,MULE,dynamic_no_cohort,static_status_age_days,2.122042076035754
cross_project,MULE,dynamic_no_cohort,static_status_changes,0.9455854427426487
cross_project,MULE,dynamic_no_cohort,static_events_count,0.4856761945495105
cross_project,MULE,dynamic_no_cohort,static_events_in_sprint,0.0
cross_project,MULE,dynamic_no_cohort,static_inactive_days,3.149954166961115
cross_project,MULE,dynamic_no_cohort,static_assignee_changes,0.2873250557100741
cross_project,MULE,dynamic_no_cohort,static_priority_changes,0.19452196009234965
cross_project,MULE,dynamic_no_cohort,static_estimate_changes,0.31984989909237094
cross_project,MULE,dynamic_no_cohort,static_priority,0.5534740725287249
cross_project,MULE,dynamic_no_cohort,static_issue_type,0.4449443611929161
cross_project,MULE,dynamic_no_cohort,static_estimate,0.0
cross_project,MULE,dynamic_no_cohort,dynamic_age_days,1.611976370733389
cross_project,MULE,dynamic_no_cohort,dynamic_duration_days,2.8242567272615804
cross_project,MULE,dynamic_no_cohort,dynamic_status,16.34517032884053
cross_project,MULE,dynamic_no_cohort,dynamic_is_done,54.04167198881959
cross_project,MULE,dynamic_no_cohort,dynamic_status_observed,0.12847404241816895
cross_project,MULE,dynamic_no_cohort,dynamic_status_age_days,2.253234048828283
cross_project,MULE,dynamic_no_cohort,dynamic_status_changes,1.6441752597100718
cross_project,MULE,dynamic_no_cohort,dynamic_events_count,1.0249826116082719
cross_project,MULE,dynamic_no_cohort,dynamic_events_in_sprint,0.5322906963321528
cross_project,MULE,dynamic_no_cohort,dynamic_inactive_days,1.9513805553244108
cross_project,MULE,dynamic_no_cohort,dynamic_assignee_changes,0.7702056549017805
cross_project,MULE,dynamic_no_cohort,dynamic_priority_changes,0.29243704286179856
cross_project,MULE,dynamic_no_cohort,dynamic_estimate_changes,0.3024763665130117
cross_project,MULE,dynamic_no_cohort,dynamic_priority,0.36617517601609273
cross_project,MULE,dynamic_no_cohort,dynamic_issue_type,0.33373013807355656
cross_project,MULE,dynamic_no_cohort,dynamic_estimate,0.0
cross_project,NEXUS,static_catboost,static_age_days,4.728961049062893
cross_project,NEXUS,static_catboost,static_duration_days,10.542283249096709
cross_project,NEXUS,static_catboost,static_status,14.307075514713176
cross_project,NEXUS,static_catboost,static_is_done,35.03482636245351
cross_project,NEXUS,static_catboost,static_status_observed,0.2631214989495404
cross_project,NEXUS,static_catboost,static_status_age_days,10.235766910994853
cross_project,NEXUS,static_catboost,static_status_changes,2.3280418142664567
cross_project,NEXUS,static_catboost,static_events_count,1.4163529610467356
cross_project,NEXUS,static_catboost,static_events_in_sprint,0.0
cross_project,NEXUS,static_catboost,static_inactive_days,5.929741301161901
cross_project,NEXUS,static_catboost,static_assignee_changes,1.1655659847932958
cross_project,NEXUS,static_catboost,static_priority_changes,0.4975131913936556
cross_project,NEXUS,static_catboost,static_estimate_changes,0.8824510002336476
cross_project,NEXUS,static_catboost,static_priority,3.4021730204414866
cross_project,NEXUS,static_catboost,static_issue_type,1.1463660708299002
cross_project,NEXUS,static_catboost,static_estimate,0.0
cross_project,NEXUS,static_catboost,static_cohort_done_fraction,2.5020590469954365
cross_project,NEXUS,static_catboost,cohort_size,5.6177010235668465
cross_project,NEXUS,dynamic_catboost,static_age_days,1.1056666530207064
cross_project,NEXUS,dynamic_catboost,static_duration_days,1.9208031480078742
cross_project,NEXUS,dynamic_catboost,static_status,0.9872339624669445
cross_project,NEXUS,dynamic_catboost,static_is_done,0.0
cross_project,NEXUS,dynamic_catboost,static_status_observed,0.36188007995094795
cross_project,NEXUS,dynamic_catboost,static_status_age_days,1.275188795934078
cross_project,NEXUS,dynamic_catboost,static_status_changes,1.1594754648925245
cross_project,NEXUS,dynamic_catboost,static_events_count,0.37890397295171513
cross_project,NEXUS,dynamic_catboost,static_events_in_sprint,0.012759391580744829
cross_project,NEXUS,dynamic_catboost,static_inactive_days,1.5375286910931714
cross_project,NEXUS,dynamic_catboost,static_assignee_changes,0.12594797320606158
cross_project,NEXUS,dynamic_catboost,static_priority_changes,0.06277323862252948
cross_project,NEXUS,dynamic_catboost,static_estimate_changes,0.13599334648927422
cross_project,NEXUS,dynamic_catboost,static_priority,0.47393046031611186
cross_project,NEXUS,dynamic_catboost,static_issue_type,0.23332445944093663
cross_project,NEXUS,dynamic_catboost,static_estimate,0.0
cross_project,NEXUS,dynamic_catboost,static_cohort_done_fraction,1.0386089781073307
cross_project,NEXUS,dynamic_catboost,dynamic_age_days,1.1397650763634342
cross_project,NEXUS,dynamic_catboost,dynamic_duration_days,1.6481696290155943
cross_project,NEXUS,dynamic_catboost,dynamic_status,12.56284966287921
cross_project,NEXUS,dynamic_catboost,dynamic_is_done,59.50680226452501
cross_project,NEXUS,dynamic_catboost,dynamic_status_observed,0.10160434083608104
cross_project,NEXUS,dynamic_catboost,dynamic_status_age_days,3.194698229741383
cross_project,NEXUS,dynamic_catboost,dynamic_status_changes,1.1279072912976105
cross_project,NEXUS,dynamic_catboost,dynamic_events_count,0.36140277229509
cross_project,NEXUS,dynamic_catboost,dynamic_events_in_sprint,0.7619078649620509
cross_project,NEXUS,dynamic_catboost,dynamic_inactive_days,1.1808470441930679
cross_project,NEXUS,dynamic_catboost,dynamic_assignee_changes,0.18351689419037306
cross_project,NEXUS,dynamic_catboost,dynamic_priority_changes,0.12288933347174842
cross_project,NEXUS,dynamic_catboost,dynamic_estimate_changes,0.14194148743707374
cross_project,NEXUS,dynamic_catboost,dynamic_priority,0.760590493559864
cross_project,NEXUS,dynamic_catboost,dynamic_issue_type,0.22939540492287608
cross_project,NEXUS,dynamic_catboost,dynamic_estimate,0.0
cross_project,NEXUS,dynamic_catboost,dynamic_cohort_done_fraction,3.4105929528182983
cross_project,NEXUS,dynamic_catboost,cohort_size,2.755100641410228
cross_project,NEXUS,dynamic_no_cohort,static_age_days,1.4251061511284282
cross_project,NEXUS,dynamic_no_cohort,static_duration_days,1.9781357187799704
cross_project,NEXUS,dynamic_no_cohort,static_status,1.500299053904355
cross_project,NEXUS,dynamic_no_cohort,static_is_done,0.13320725980240108
cross_project,NEXUS,dynamic_no_cohort,static_status_observed,0.5478002583541696
cross_project,NEXUS,dynamic_no_cohort,static_status_age_days,1.4192150150850091
cross_project,NEXUS,dynamic_no_cohort,static_status_changes,1.439409351249199
cross_project,NEXUS,dynamic_no_cohort,static_events_count,0.24335576333480774
cross_project,NEXUS,dynamic_no_cohort,static_events_in_sprint,0.013639329128760381
cross_project,NEXUS,dynamic_no_cohort,static_inactive_days,1.5664090600490763
cross_project,NEXUS,dynamic_no_cohort,static_assignee_changes,0.19341952798750767
cross_project,NEXUS,dynamic_no_cohort,static_priority_changes,0.19882898313596295
cross_project,NEXUS,dynamic_no_cohort,static_estimate_changes,0.2617291171319088
cross_project,NEXUS,dynamic_no_cohort,static_priority,0.6223580850334813
cross_project,NEXUS,dynamic_no_cohort,static_issue_type,0.4204873084575157
cross_project,NEXUS,dynamic_no_cohort,static_estimate,0.0
cross_project,NEXUS,dynamic_no_cohort,dynamic_age_days,1.0500423213160033
cross_project,NEXUS,dynamic_no_cohort,dynamic_duration_days,2.4439970394765975
cross_project,NEXUS,dynamic_no_cohort,dynamic_status,12.347429653936551
cross_project,NEXUS,dynamic_no_cohort,dynamic_is_done,62.56153757428073
cross_project,NEXUS,dynamic_no_cohort,dynamic_status_observed,0.2523683487107017
cross_project,NEXUS,dynamic_no_cohort,dynamic_status_age_days,3.166243807525886
cross_project,NEXUS,dynamic_no_cohort,dynamic_status_changes,1.2889551582633003
cross_project,NEXUS,dynamic_no_cohort,dynamic_events_count,0.3223425919782519
cross_project,NEXUS,dynamic_no_cohort,dynamic_events_in_sprint,0.998358935655086
cross_project,NEXUS,dynamic_no_cohort,dynamic_inactive_days,1.7095766741431377
cross_project,NEXUS,dynamic_no_cohort,dynamic_assignee_changes,0.4145019103972037
cross_project,NEXUS,dynamic_no_cohort,dynamic_priority_changes,0.11626868059195526
cross_project,NEXUS,dynamic_no_cohort,dynamic_estimate_changes,0.20359782568809254
cross_project,NEXUS,dynamic_no_cohort,dynamic_priority,0.9291927046194812
cross_project,NEXUS,dynamic_no_cohort,dynamic_issue_type,0.23218679085448996
cross_project,NEXUS,dynamic_no_cohort,dynamic_estimate,0.0
cross_project,TIDOC,static_catboost,static_age_days,4.3193065471677015
cross_project,TIDOC,static_catboost,static_duration_days,10.045929449823811
cross_project,TIDOC,static_catboost,static_status,16.645528090770135
cross_project,TIDOC,static_catboost,static_is_done,30.33190205931588
cross_project,TIDOC,static_catboost,static_status_observed,0.3129087179396672
cross_project,TIDOC,static_catboost,static_status_age_days,8.569183814975798
cross_project,TIDOC,static_catboost,static_status_changes,2.2661506734988612
cross_project,TIDOC,static_catboost,static_events_count,2.063480713432555
cross_project,TIDOC,static_catboost,static_events_in_sprint,0.0
cross_project,TIDOC,static_catboost,static_inactive_days,6.57831878147063
cross_project,TIDOC,static_catboost,static_assignee_changes,1.2324796160077054
cross_project,TIDOC,static_catboost,static_priority_changes,0.7592504904391182
cross_project,TIDOC,static_catboost,static_estimate_changes,1.5125173106255696
cross_project,TIDOC,static_catboost,static_priority,3.2120759878078657
cross_project,TIDOC,static_catboost,static_issue_type,1.3331430983923453
cross_project,TIDOC,static_catboost,static_estimate,0.0
cross_project,TIDOC,static_catboost,static_cohort_done_fraction,3.117698831648612
cross_project,TIDOC,static_catboost,cohort_size,7.700125816683764
cross_project,TIDOC,dynamic_catboost,static_age_days,1.3249349877238874
cross_project,TIDOC,dynamic_catboost,static_duration_days,1.7770704247951812
cross_project,TIDOC,dynamic_catboost,static_status,1.0017354476259395
cross_project,TIDOC,dynamic_catboost,static_is_done,0.04136801553073368
cross_project,TIDOC,dynamic_catboost,static_status_observed,0.6583710870519157
cross_project,TIDOC,dynamic_catboost,static_status_age_days,1.6952283610348167
cross_project,TIDOC,dynamic_catboost,static_status_changes,0.3513160832819811
cross_project,TIDOC,dynamic_catboost,static_events_count,0.6651274268439449
cross_project,TIDOC,dynamic_catboost,static_events_in_sprint,0.0
cross_project,TIDOC,dynamic_catboost,static_inactive_days,2.4047271727016017
cross_project,TIDOC,dynamic_catboost,static_assignee_changes,0.34124356287413304
cross_project,TIDOC,dynamic_catboost,static_priority_changes,0.1601791774085945
cross_project,TIDOC,dynamic_catboost,static_estimate_changes,0.20959014964056136
cross_project,TIDOC,dynamic_catboost,static_priority,0.5965946743521271
cross_project,TIDOC,dynamic_catboost,static_issue_type,0.2317448809684158
cross_project,TIDOC,dynamic_catboost,static_estimate,0.0
cross_project,TIDOC,dynamic_catboost,static_cohort_done_fraction,0.9284296059003829
cross_project,TIDOC,dynamic_catboost,dynamic_age_days,1.0978837548588223
cross_project,TIDOC,dynamic_catboost,dynamic_duration_days,2.1337639224846643
cross_project,TIDOC,dynamic_catboost,dynamic_status,13.449851639612412
cross_project,TIDOC,dynamic_catboost,dynamic_is_done,53.77076133858704
cross_project,TIDOC,dynamic_catboost,dynamic_status_observed,0.062267192055240485
cross_project,TIDOC,dynamic_catboost,dynamic_status_age_days,3.850786815950905
cross_project,TIDOC,dynamic_catboost,dynamic_status_changes,0.7591479689282902
cross_project,TIDOC,dynamic_catboost,dynamic_events_count,0.5315170247223664
cross_project,TIDOC,dynamic_catboost,dynamic_events_in_sprint,0.7584583072687161
cross_project,TIDOC,dynamic_catboost,dynamic_inactive_days,2.0642901313566515
cross_project,TIDOC,dynamic_catboost,dynamic_assignee_changes,0.24008398451403618
cross_project,TIDOC,dynamic_catboost,dynamic_priority_changes,0.2671568347450698
cross_project,TIDOC,dynamic_catboost,dynamic_estimate_changes,0.2880249275443497
cross_project,TIDOC,dynamic_catboost,dynamic_priority,1.431497620842653
cross_project,TIDOC,dynamic_catboost,dynamic_issue_type,0.38542458632558085
cross_project,TIDOC,dynamic_catboost,dynamic_estimate,0.0
cross_project,TIDOC,dynamic_catboost,dynamic_cohort_done_fraction,3.459473810885717
cross_project,TIDOC,dynamic_catboost,cohort_size,3.0619490815832417
cross_project,TIDOC,dynamic_no_cohort,static_age_days,1.198133065517218
cross_project,TIDOC,dynamic_no_cohort,static_duration_days,2.154007062161472
cross_project,TIDOC,dynamic_no_cohort,static_status,1.0177516838334644
cross_project,TIDOC,dynamic_no_cohort,static_is_done,0.0
cross_project,TIDOC,dynamic_no_cohort,static_status_observed,0.5523611973292142
cross_project,TIDOC,dynamic_no_cohort,static_status_age_days,1.3542181262524446
cross_project,TIDOC,dynamic_no_cohort,static_status_changes,0.5625589410138455
cross_project,TIDOC,dynamic_no_cohort,static_events_count,0.4597887592353089
cross_project,TIDOC,dynamic_no_cohort,static_events_in_sprint,0.0
cross_project,TIDOC,dynamic_no_cohort,static_inactive_days,2.818321720131623
cross_project,TIDOC,dynamic_no_cohort,static_assignee_changes,0.4623579708722917
cross_project,TIDOC,dynamic_no_cohort,static_priority_changes,0.1529624411471188
cross_project,TIDOC,dynamic_no_cohort,static_estimate_changes,0.31534154881434756
cross_project,TIDOC,dynamic_no_cohort,static_priority,0.5862723415213366
cross_project,TIDOC,dynamic_no_cohort,static_issue_type,0.32018716995010504
cross_project,TIDOC,dynamic_no_cohort,static_estimate,0.0
cross_project,TIDOC,dynamic_no_cohort,dynamic_age_days,0.8610137502825218
cross_project,TIDOC,dynamic_no_cohort,dynamic_duration_days,2.085329806824932
cross_project,TIDOC,dynamic_no_cohort,dynamic_status,17.087361293086925
cross_project,TIDOC,dynamic_no_cohort,dynamic_is_done,56.885990078499056
cross_project,TIDOC,dynamic_no_cohort,dynamic_status_observed,0.18244026958898868
cross_project,TIDOC,dynamic_no_cohort,dynamic_status_age_days,3.464253666634045
cross_project,TIDOC,dynamic_no_cohort,dynamic_status_changes,1.1365664268234332
cross_project,TIDOC,dynamic_no_cohort,dynamic_events_count,0.7228752668052955
cross_project,TIDOC,dynamic_no_cohort,dynamic_events_in_sprint,0.5676126050961127
cross_project,TIDOC,dynamic_no_cohort,dynamic_inactive_days,2.253237631319821
cross_project,TIDOC,dynamic_no_cohort,dynamic_assignee_changes,0.36935836715640197
cross_project,TIDOC,dynamic_no_cohort,dynamic_priority_changes,0.44479077438651005
cross_project,TIDOC,dynamic_no_cohort,dynamic_estimate_changes,0.26591715448993414
cross_project,TIDOC,dynamic_no_cohort,dynamic_priority,1.254585843677268
cross_project,TIDOC,dynamic_no_cohort,dynamic_issue_type,0.46440503754902457
cross_project,TIDOC,dynamic_no_cohort,dynamic_estimate,0.0
cross_project,TIMOB,static_catboost,static_age_days,5.802837981775628
cross_project,TIMOB,static_catboost,static_duration_days,10.836351662669555
cross_project,TIMOB,static_catboost,static_status,19.50442817243231
cross_project,TIMOB,static_catboost,static_is_done,22.94634566188583
cross_project,TIMOB,static_catboost,static_status_observed,0.2779844546979075
cross_project,TIMOB,static_catboost,static_status_age_days,8.955547433157236
cross_project,TIMOB,static_catboost,static_status_changes,1.9724870684863687
cross_project,TIMOB,static_catboost,static_events_count,2.3460458479060935
cross_project,TIMOB,static_catboost,static_events_in_sprint,0.0
cross_project,TIMOB,static_catboost,static_inactive_days,7.664798626967386
cross_project,TIMOB,static_catboost,static_assignee_changes,1.073212272061432
cross_project,TIMOB,static_catboost,static_priority_changes,1.1390451207408785
cross_project,TIMOB,static_catboost,static_estimate_changes,1.6327472026927685
cross_project,TIMOB,static_catboost,static_priority,3.6787689231394105
cross_project,TIMOB,static_catboost,static_issue_type,1.7055674667412462
cross_project,TIMOB,static_catboost,static_estimate,0.0
cross_project,TIMOB,static_catboost,static_cohort_done_fraction,2.9722357144753517
cross_project,TIMOB,static_catboost,cohort_size,7.491596390170561
cross_project,TIMOB,dynamic_catboost,static_age_days,1.9441275673538858
cross_project,TIMOB,dynamic_catboost,static_duration_days,2.091658390660384
cross_project,TIMOB,dynamic_catboost,static_status,1.3463351022075087
cross_project,TIMOB,dynamic_catboost,static_is_done,0.0
cross_project,TIMOB,dynamic_catboost,static_status_observed,1.0515649224936463
cross_project,TIMOB,dynamic_catboost,static_status_age_days,1.0556831542798648
cross_project,TIMOB,dynamic_catboost,static_status_changes,1.450388314619277
cross_project,TIMOB,dynamic_catboost,static_events_count,0.39106595029188235
cross_project,TIMOB,dynamic_catboost,static_events_in_sprint,0.015515023341737625
cross_project,TIMOB,dynamic_catboost,static_inactive_days,2.4298177161988237
cross_project,TIMOB,dynamic_catboost,static_assignee_changes,0.2463682894308034
cross_project,TIMOB,dynamic_catboost,static_priority_changes,0.09617883088193659
cross_project,TIMOB,dynamic_catboost,static_estimate_changes,0.24945218697485333
cross_project,TIMOB,dynamic_catboost,static_priority,0.6370945235449025
cross_project,TIMOB,dynamic_catboost,static_issue_type,0.36862350418449
cross_project,TIMOB,dynamic_catboost,static_estimate,0.0
cross_project,TIMOB,dynamic_catboost,static_cohort_done_fraction,0.9461293222859652
cross_project,TIMOB,dynamic_catboost,dynamic_age_days,1.2323687261344398
cross_project,TIMOB,dynamic_catboost,dynamic_duration_days,1.8065807798170894
cross_project,TIMOB,dynamic_catboost,dynamic_status,15.472780472756643
cross_project,TIMOB,dynamic_catboost,dynamic_is_done,51.68388168721386
cross_project,TIMOB,dynamic_catboost,dynamic_status_observed,0.08741669489268701
cross_project,TIMOB,dynamic_catboost,dynamic_status_age_days,2.857419513936342
cross_project,TIMOB,dynamic_catboost,dynamic_status_changes,1.0504520279692802
cross_project,TIMOB,dynamic_catboost,dynamic_events_count,0.6224243189342512
cross_project,TIMOB,dynamic_catboost,dynamic_events_in_sprint,0.8272479878684083
cross_project,TIMOB,dynamic_catboost,dynamic_inactive_days,1.844137122575281
cross_project,TIMOB,dynamic_catboost,dynamic_assignee_changes,0.2627881199376707
cross_project,TIMOB,dynamic_catboost,dynamic_priority_changes,0.15969691123013874
cross_project,TIMOB,dynamic_catboost,dynamic_estimate_changes,0.10977436506151661
cross_project,TIMOB,dynamic_catboost,dynamic_priority,0.8305640513688116
cross_project,TIMOB,dynamic_catboost,dynamic_issue_type,0.4776914061275484
cross_project,TIMOB,dynamic_catboost,dynamic_estimate,0.0
cross_project,TIMOB,dynamic_catboost,dynamic_cohort_done_fraction,3.6457446192795033
cross_project,TIMOB,dynamic_catboost,cohort_size,2.7090283961466386
cross_project,TIMOB,dynamic_no_cohort,static_age_days,1.5672909447036023
cross_project,TIMOB,dynamic_no_cohort,static_duration_days,2.0390700038860197
cross_project,TIMOB,dynamic_no_cohort,static_status,2.059106742448261
cross_project,TIMOB,dynamic_no_cohort,static_is_done,0.573198954837253
cross_project,TIMOB,dynamic_no_cohort,static_status_observed,0.5547439305578558
cross_project,TIMOB,dynamic_no_cohort,static_status_age_days,1.5562366933440097
cross_project,TIMOB,dynamic_no_cohort,static_status_changes,1.6774208445457917
cross_project,TIMOB,dynamic_no_cohort,static_events_count,0.35747505950307473
cross_project,TIMOB,dynamic_no_cohort,static_events_in_sprint,0.007733709213640558
cross_project,TIMOB,dynamic_no_cohort,static_inactive_days,2.866554432816876
cross_project,TIMOB,dynamic_no_cohort,static_assignee_changes,0.1900789932476117
cross_project,TIMOB,dynamic_no_cohort,static_priority_changes,0.11870198071743372
cross_project,TIMOB,dynamic_no_cohort,static_estimate_changes,0.32421904650434163
cross_project,TIMOB,dynamic_no_cohort,static_priority,0.554932427372104
cross_project,TIMOB,dynamic_no_cohort,static_issue_type,0.48839939124695075
cross_project,TIMOB,dynamic_no_cohort,static_estimate,0.0
cross_project,TIMOB,dynamic_no_cohort,dynamic_age_days,1.3390133004536964
cross_project,TIMOB,dynamic_no_cohort,dynamic_duration_days,1.981614437592411
cross_project,TIMOB,dynamic_no_cohort,dynamic_status,11.46211449695741
cross_project,TIMOB,dynamic_no_cohort,dynamic_is_done,60.1012721648427
cross_project,TIMOB,dynamic_no_cohort,dynamic_status_observed,0.16426991873684166
cross_project,TIMOB,dynamic_no_cohort,dynamic_status_age_days,3.1871325994065587
cross_project,TIMOB,dynamic_no_cohort,dynamic_status_changes,1.3015077955937024
cross_project,TIMOB,dynamic_no_cohort,dynamic_events_count,0.554387690255792
cross_project,TIMOB,dynamic_no_cohort,dynamic_events_in_sprint,0.485498318306825
cross_project,TIMOB,dynamic_no_cohort,dynamic_inactive_days,2.081125778544907
cross_project,TIMOB,dynamic_no_cohort,dynamic_assignee_changes,0.3606630029727264
cross_project,TIMOB,dynamic_no_cohort,dynamic_priority_changes,0.22790289001803593
cross_project,TIMOB,dynamic_no_cohort,dynamic_estimate_changes,0.3417990482775916
cross_project,TIMOB,dynamic_no_cohort,dynamic_priority,1.0068705225030383
cross_project,TIMOB,dynamic_no_cohort,dynamic_issue_type,0.4696648805929135
cross_project,TIMOB,dynamic_no_cohort,dynamic_estimate,0.0
cross_project,TISTUD,static_catboost,static_age_days,5.454172172705309
cross_project,TISTUD,static_catboost,static_duration_days,8.928179319368013
cross_project,TISTUD,static_catboost,static_status,17.44435091133272
cross_project,TISTUD,static_catboost,static_is_done,33.52225188994458
cross_project,TISTUD,static_catboost,static_status_observed,0.582558659744436
cross_project,TISTUD,static_catboost,static_status_age_days,10.378723974821325
cross_project,TISTUD,static_catboost,static_status_changes,3.1045942515076086
cross_project,TISTUD,static_catboost,static_events_count,2.2707899407925516
cross_project,TISTUD,static_catboost,static_events_in_sprint,0.02035626901940855
cross_project,TISTUD,static_catboost,static_inactive_days,4.563943517576223
cross_project,TISTUD,static_catboost,static_assignee_changes,1.4310781006927682
cross_project,TISTUD,static_catboost,static_priority_changes,0.41551954064954744
cross_project,TISTUD,static_catboost,static_estimate_changes,1.2732434686209115
cross_project,TISTUD,static_catboost,static_priority,1.9987534464793137
cross_project,TISTUD,static_catboost,static_issue_type,0.9759246199322216
cross_project,TISTUD,static_catboost,static_estimate,0.0
cross_project,TISTUD,static_catboost,static_cohort_done_fraction,3.1352917528381985
cross_project,TISTUD,static_catboost,cohort_size,4.500268163974856
cross_project,TISTUD,dynamic_catboost,static_age_days,0.991616875526912
cross_project,TISTUD,dynamic_catboost,static_duration_days,2.1891463815093184
cross_project,TISTUD,dynamic_catboost,static_status,1.5345372670752597
cross_project,TISTUD,dynamic_catboost,static_is_done,0.0
cross_project,TISTUD,dynamic_catboost,static_status_observed,0.29004272947170295
cross_project,TISTUD,dynamic_catboost,static_status_age_days,1.437037922820353
cross_project,TISTUD,dynamic_catboost,static_status_changes,1.0307029959153293
cross_project,TISTUD,dynamic_catboost,static_events_count,0.3448596260725591
cross_project,TISTUD,dynamic_catboost,static_events_in_sprint,0.0
cross_project,TISTUD,dynamic_catboost,static_inactive_days,1.653862938723023
cross_project,TISTUD,dynamic_catboost,static_assignee_changes,0.19552607073573708
cross_project,TISTUD,dynamic_catboost,static_priority_changes,0.08779341656312534
cross_project,TISTUD,dynamic_catboost,static_estimate_changes,0.244339023562678
cross_project,TISTUD,dynamic_catboost,static_priority,0.20272548347606992
cross_project,TISTUD,dynamic_catboost,static_issue_type,0.1467959435454207
cross_project,TISTUD,dynamic_catboost,static_estimate,0.0
cross_project,TISTUD,dynamic_catboost,static_cohort_done_fraction,1.6153688902804582
cross_project,TISTUD,dynamic_catboost,dynamic_age_days,1.8209420789716377
cross_project,TISTUD,dynamic_catboost,dynamic_duration_days,1.7673941760314789
cross_project,TISTUD,dynamic_catboost,dynamic_status,12.381793976061726
cross_project,TISTUD,dynamic_catboost,dynamic_is_done,59.0632987724043
cross_project,TISTUD,dynamic_catboost,dynamic_status_observed,0.13432248116764123
cross_project,TISTUD,dynamic_catboost,dynamic_status_age_days,2.7788109243040653
cross_project,TISTUD,dynamic_catboost,dynamic_status_changes,0.9291899426137753
cross_project,TISTUD,dynamic_catboost,dynamic_events_count,0.6180057962921538
cross_project,TISTUD,dynamic_catboost,dynamic_events_in_sprint,0.7039095362574889
cross_project,TISTUD,dynamic_catboost,dynamic_inactive_days,1.3495149582828705
cross_project,TISTUD,dynamic_catboost,dynamic_assignee_changes,0.22864544663338288
cross_project,TISTUD,dynamic_catboost,dynamic_priority_changes,0.045318312799829855
cross_project,TISTUD,dynamic_catboost,dynamic_estimate_changes,0.21841098563786782
cross_project,TISTUD,dynamic_catboost,dynamic_priority,0.34081874422886216
cross_project,TISTUD,dynamic_catboost,dynamic_issue_type,0.1861879795056682
cross_project,TISTUD,dynamic_catboost,dynamic_estimate,0.0
cross_project,TISTUD,dynamic_catboost,dynamic_cohort_done_fraction,3.0684273120004333
cross_project,TISTUD,dynamic_catboost,cohort_size,2.400653011528903
cross_project,TISTUD,dynamic_no_cohort,static_age_days,1.5181515172017535
cross_project,TISTUD,dynamic_no_cohort,static_duration_days,1.9581091346428603
cross_project,TISTUD,dynamic_no_cohort,static_status,1.6213475593046733
cross_project,TISTUD,dynamic_no_cohort,static_is_done,0.0
cross_project,TISTUD,dynamic_no_cohort,static_status_observed,0.25643912926950285
cross_project,TISTUD,dynamic_no_cohort,static_status_age_days,1.3847587356718771
cross_project,TISTUD,dynamic_no_cohort,static_status_changes,0.5216803965041299
cross_project,TISTUD,dynamic_no_cohort,static_events_count,0.6476093992470167
cross_project,TISTUD,dynamic_no_cohort,static_events_in_sprint,0.0
cross_project,TISTUD,dynamic_no_cohort,static_inactive_days,1.9903189094200293
cross_project,TISTUD,dynamic_no_cohort,static_assignee_changes,0.2528457082353473
cross_project,TISTUD,dynamic_no_cohort,static_priority_changes,0.14602087561565094
cross_project,TISTUD,dynamic_no_cohort,static_estimate_changes,0.22472326331183098
cross_project,TISTUD,dynamic_no_cohort,static_priority,0.5470895777599663
cross_project,TISTUD,dynamic_no_cohort,static_issue_type,0.1649654670341282
cross_project,TISTUD,dynamic_no_cohort,static_estimate,0.0
cross_project,TISTUD,dynamic_no_cohort,dynamic_age_days,1.117251671399793
cross_project,TISTUD,dynamic_no_cohort,dynamic_duration_days,2.0732171265530748
cross_project,TISTUD,dynamic_no_cohort,dynamic_status,12.823374519595069
cross_project,TISTUD,dynamic_no_cohort,dynamic_is_done,63.99257840462402
cross_project,TISTUD,dynamic_no_cohort,dynamic_status_observed,0.12294898991699835
cross_project,TISTUD,dynamic_no_cohort,dynamic_status_age_days,3.2701563585190505
cross_project,TISTUD,dynamic_no_cohort,dynamic_status_changes,0.9646618762845665
cross_project,TISTUD,dynamic_no_cohort,dynamic_events_count,0.47419797425842014
cross_project,TISTUD,dynamic_no_cohort,dynamic_events_in_sprint,0.896370436879297
cross_project,TISTUD,dynamic_no_cohort,dynamic_inactive_days,1.4146000222076103
cross_project,TISTUD,dynamic_no_cohort,dynamic_assignee_changes,0.5116322394561826
cross_project,TISTUD,dynamic_no_cohort,dynamic_priority_changes,0.20894870314273734
cross_project,TISTUD,dynamic_no_cohort,dynamic_estimate_changes,0.20544447896792592
cross_project,TISTUD,dynamic_no_cohort,dynamic_priority,0.3347985706344301
cross_project,TISTUD,dynamic_no_cohort,dynamic_issue_type,0.35575895434209825
cross_project,TISTUD,dynamic_no_cohort,dynamic_estimate,0.0
cross_project,XD,static_catboost,static_age_days,4.349602413079206
cross_project,XD,static_catboost,static_duration_days,9.812910136726494
cross_project,XD,static_catboost,static_status,17.696976680070154
cross_project,XD,static_catboost,static_is_done,30.082810301161782
cross_project,XD,static_catboost,static_status_observed,0.3174938240727681
cross_project,XD,static_catboost,static_status_age_days,12.580056508804821
cross_project,XD,static_catboost,static_status_changes,2.2148353084436563
cross_project,XD,static_catboost,static_events_count,1.9675540478313513
cross_project,XD,static_catboost,static_events_in_sprint,0.0
cross_project,XD,static_catboost,static_inactive_days,5.623580395154785
cross_project,XD,static_catboost,static_assignee_changes,0.9295684669228387
cross_project,XD,static_catboost,static_priority_changes,0.9283489230223795
cross_project,XD,static_catboost,static_estimate_changes,1.6924548569695625
cross_project,XD,static_catboost,static_priority,3.2898648615228634
cross_project,XD,static_catboost,static_issue_type,1.0222554064677596
cross_project,XD,static_catboost,static_estimate,0.0
cross_project,XD,static_catboost,static_cohort_done_fraction,2.0683223236471804
cross_project,XD,static_catboost,cohort_size,5.423365546102379
cross_project,XD,dynamic_catboost,static_age_days,0.8987724697839518
cross_project,XD,dynamic_catboost,static_duration_days,1.7833919879438045
cross_project,XD,dynamic_catboost,static_status,0.564500621132601
cross_project,XD,dynamic_catboost,static_is_done,0.0
cross_project,XD,dynamic_catboost,static_status_observed,0.719057806634057
cross_project,XD,dynamic_catboost,static_status_age_days,1.6905628272664024
cross_project,XD,dynamic_catboost,static_status_changes,0.591885396497941
cross_project,XD,dynamic_catboost,static_events_count,0.2687917334051912
cross_project,XD,dynamic_catboost,static_events_in_sprint,0.005774496987686115
cross_project,XD,dynamic_catboost,static_inactive_days,1.5524588252698113
cross_project,XD,dynamic_catboost,static_assignee_changes,0.16607238675080874
cross_project,XD,dynamic_catboost,static_priority_changes,0.10487151657619495
cross_project,XD,dynamic_catboost,static_estimate_changes,0.18422805561628428
cross_project,XD,dynamic_catboost,static_priority,0.5890524098763014
cross_project,XD,dynamic_catboost,static_issue_type,0.2966330878370049
cross_project,XD,dynamic_catboost,static_estimate,0.0
cross_project,XD,dynamic_catboost,static_cohort_done_fraction,0.488667343816372
cross_project,XD,dynamic_catboost,dynamic_age_days,0.686984148242218
cross_project,XD,dynamic_catboost,dynamic_duration_days,2.1786975099393717
cross_project,XD,dynamic_catboost,dynamic_status,11.518178059097314
cross_project,XD,dynamic_catboost,dynamic_is_done,61.2649728403785
cross_project,XD,dynamic_catboost,dynamic_status_observed,0.15163422953854186
cross_project,XD,dynamic_catboost,dynamic_status_age_days,4.258594482910293
cross_project,XD,dynamic_catboost,dynamic_status_changes,0.9638327075856773
cross_project,XD,dynamic_catboost,dynamic_events_count,0.19580466259214438
cross_project,XD,dynamic_catboost,dynamic_events_in_sprint,0.655062976650337
cross_project,XD,dynamic_catboost,dynamic_inactive_days,1.2589729275341075
cross_project,XD,dynamic_catboost,dynamic_assignee_changes,0.24122369362838364
cross_project,XD,dynamic_catboost,dynamic_priority_changes,0.19767325541063513
cross_project,XD,dynamic_catboost,dynamic_estimate_changes,0.5009080639009773
cross_project,XD,dynamic_catboost,dynamic_priority,0.7942785884042624
cross_project,XD,dynamic_catboost,dynamic_issue_type,0.2174141623564274
cross_project,XD,dynamic_catboost,dynamic_estimate,0.0
cross_project,XD,dynamic_catboost,dynamic_cohort_done_fraction,2.4973928054691306
cross_project,XD,dynamic_catboost,cohort_size,2.5136539209672804
cross_project,XD,dynamic_no_cohort,static_age_days,1.1022594716447227
cross_project,XD,dynamic_no_cohort,static_duration_days,2.0920957381783842
cross_project,XD,dynamic_no_cohort,static_status,1.3368683798844803
cross_project,XD,dynamic_no_cohort,static_is_done,0.3105118303243872
cross_project,XD,dynamic_no_cohort,static_status_observed,0.442705013927563
cross_project,XD,dynamic_no_cohort,static_status_age_days,1.823957293046705
cross_project,XD,dynamic_no_cohort,static_status_changes,0.5230823258333469
cross_project,XD,dynamic_no_cohort,static_events_count,0.29028157674823873
cross_project,XD,dynamic_no_cohort,static_events_in_sprint,0.014067156742975276
cross_project,XD,dynamic_no_cohort,static_inactive_days,2.1571281779337586
cross_project,XD,dynamic_no_cohort,static_assignee_changes,0.16682617310024578
cross_project,XD,dynamic_no_cohort,static_priority_changes,0.1113524118510632
cross_project,XD,dynamic_no_cohort,static_estimate_changes,0.47620271917166046
cross_project,XD,dynamic_no_cohort,static_priority,0.5435871559928261
cross_project,XD,dynamic_no_cohort,static_issue_type,0.1196606051803165
cross_project,XD,dynamic_no_cohort,static_estimate,0.0
cross_project,XD,dynamic_no_cohort,dynamic_age_days,0.9733305478753216
cross_project,XD,dynamic_no_cohort,dynamic_duration_days,1.621111708233738
cross_project,XD,dynamic_no_cohort,dynamic_status,10.363763765650205
cross_project,XD,dynamic_no_cohort,dynamic_is_done,65.86191235272321
cross_project,XD,dynamic_no_cohort,dynamic_status_observed,0.1443888464313108
cross_project,XD,dynamic_no_cohort,dynamic_status_age_days,3.8024708149149022
cross_project,XD,dynamic_no_cohort,dynamic_status_changes,0.8866460213435244
cross_project,XD,dynamic_no_cohort,dynamic_events_count,0.17293629588732243
cross_project,XD,dynamic_no_cohort,dynamic_events_in_sprint,0.829105426084221
cross_project,XD,dynamic_no_cohort,dynamic_inactive_days,1.758985637206772
cross_project,XD,dynamic_no_cohort,dynamic_assignee_changes,0.1946173735720761
cross_project,XD,dynamic_no_cohort,dynamic_priority_changes,0.24807806619032438
cross_project,XD,dynamic_no_cohort,dynamic_estimate_changes,0.4029803896329305
cross_project,XD,dynamic_no_cohort,dynamic_priority,0.8399429601451168
cross_project,XD,dynamic_no_cohort,dynamic_issue_type,0.38914376454841676
cross_project,XD,dynamic_no_cohort,dynamic_estimate,0.0
