experiment,landmark,model,q,project,recall,precision,false_alerts,realized_budget,sprints
cross_project,0.0,business_rule,0.1,APIKIT,0.40674603174603174,0.32666666666666666,0.68,0.45234640522875813,75
cross_project,0.0,business_rule,0.1,COMPASS,0.2766487837422093,0.65,0.6,0.24753082756842154,70
cross_project,0.0,business_rule,0.1,CONFCLOUD,0.48934433621933626,0.7425742574257426,0.27722772277227725,0.5138385267098138,101
cross_project,0.0,business_rule,0.1,CONFSERVER,0.4369652189208641,0.6920415224913494,0.31833910034602075,0.4977224620823237,289
cross_project,0.0,business_rule,0.1,DM,0.19148852174035827,0.5701388888888889,1.0034722222222223,0.19946360069598443,288
cross_project,0.0,business_rule,0.1,INDY,0.19646588621068772,0.5234741784037559,0.7464788732394366,0.16894518745898204,71
cross_project,0.0,business_rule,0.1,IS,0.2524629410993047,0.49487179487179483,0.7384615384615385,0.2331657067025719,65
cross_project,0.0,business_rule,0.1,MESOS,0.28412657604594366,0.6311475409836066,0.639344262295082,0.27882465851577903,122
cross_project,0.0,business_rule,0.1,MULE,0.29303102453102453,0.2968847352024922,0.9906542056074766,0.3383020948042111,214
cross_project,0.0,business_rule,0.1,NEXUS,0.2889322916666667,0.3,0.8210526315789474,0.3814861512756249,95
cross_project,0.0,business_rule,0.1,TIDOC,0.3554708078517602,0.5360934182590233,0.5222929936305732,0.3815702926605887,157
cross_project,0.0,business_rule,0.1,TIMOB,0.24018003732272947,0.46019668737060043,0.8043478260869565,0.291715914622626,230
cross_project,0.0,business_rule,0.1,TISTUD,0.25586080586080584,0.43137254901960786,0.7478991596638656,0.28415217379671354,119
cross_project,0.0,business_rule,0.1,XD,0.21444202349374764,0.29217171717171714,1.7575757575757576,0.15219220644536344,66
cross_project,0.0,business_rule,0.2,APIKIT,0.4829365079365079,0.3155555555555556,0.8666666666666667,0.4891372549019608,75
cross_project,0.0,business_rule,0.2,COMPASS,0.369593840895744,0.6736734693877551,0.9571428571428572,0.32199721957240757,70
cross_project,0.0,business_rule,0.2,CONFCLOUD,0.5009289321789322,0.7227722772277227,0.4158415841584158,0.5373380195162374,101
cross_project,0.0,business_rule,0.2,CONFSERVER,0.4648020997819385,0.6845444059976932,0.3944636678200692,0.524924441187417,289
cross_project,0.0,business_rule,0.2,DM,0.28376120579855163,0.5792810295414461,1.7395833333333333,0.28383846450126293,288
cross_project,0.0,business_rule,0.2,INDY,0.3107704213800622,0.5478537894030852,1.1690140845070423,0.2503246819801083,71
cross_project,0.0,business_rule,0.2,IS,0.3356932966023875,0.47564102564102567,1.2615384615384615,0.31244240386396027,65
cross_project,0.0,business_rule,0.2,MESOS,0.34499613624637593,0.6192637735670522,1.0573770491803278,0.3319947738137535,122
cross_project,0.0,business_rule,0.2,MULE,0.36593362193362194,0.30387182910547395,1.514018691588785,0.392545869414189,214
cross_project,0.0,business_rule,0.2,NEXUS,0.38385416666666666,0.32140350877192986,1.105263157894737,0.42726013752329545,95
cross_project,0.0,business_rule,0.2,TIDOC,0.4000068714354429,0.5248407643312102,0.7707006369426752,0.4288897512295789,157
cross_project,0.0,business_rule,0.2,TIMOB,0.3055777683733319,0.4555908584169454,1.2652173913043478,0.3558327680128805,230
cross_project,0.0,business_rule,0.2,TISTUD,0.2942765567765568,0.40364145658263306,1.218487394957983,0.34608871947535097,119
cross_project,0.0,business_rule,0.2,XD,0.2877841985600606,0.2684288775197866,3.227272727272727,0.24087710080661182,66
cross_project,0.0,business_rule,0.3,APIKIT,0.5869047619047618,0.3155555555555556,1.12,0.5492614379084967,75
cross_project,0.0,business_rule,0.3,COMPASS,0.4650738486811151,0.6705839002267574,1.3428571428571427,0.4107951134078953,70
cross_project,0.0,business_rule,0.3,CONFCLOUD,0.5797619047619048,0.7285478547854785,0.5346534653465347,0.6030817367451031,101
cross_project,0.0,business_rule,0.3,CONFSERVER,0.5393443697879182,0.6931949250288351,0.4809688581314879,0.5817688655058897,289
cross_project,0.0,business_rule,0.3,DM,0.4008730282819349,0.6003783061074728,2.454861111111111,0.38387039999302486,288
cross_project,0.0,business_rule,0.3,INDY,0.42303066428775316,0.5470027234111741,1.704225352112676,0.3618981179275703,71
cross_project,0.0,business_rule,0.3,IS,0.42753115571297384,0.47807692307692307,1.7692307692307692,0.4004955169171492,65
cross_project,0.0,business_rule,0.3,MESOS,0.4309448186573587,0.6218969949743817,1.4672131147540983,0.4196023018097482,122
cross_project,0.0,business_rule,0.3,MULE,0.4909191317941318,0.3119894254240048,2.1448598130841123,0.4776530496600228,214
cross_project,0.0,business_rule,0.3,NEXUS,0.4641927083333333,0.3256140350877193,1.5894736842105264,0.515021592442645,95
cross_project,0.0,business_rule,0.3,TIDOC,0.47113023660642706,0.5309447983014862,1.0636942675159236,0.5043294706417598,157
cross_project,0.0,business_rule,0.3,TIMOB,0.4046556707188753,0.4605901706988663,1.8,0.44528623129792894,230
cross_project,0.0,business_rule,0.3,TISTUD,0.34565018315018314,0.38573429371748696,1.7563025210084033,0.4283944128130521,119
cross_project,0.0,business_rule,0.3,XD,0.37392908815322606,0.24230006105006105,4.803030303030303,0.3447434340992991,66
cross_project,0.0,dynamic_catboost,0.1,APIKIT,0.509920634920635,0.38,0.64,0.45234640522875813,75
cross_project,0.0,dynamic_catboost,0.1,COMPASS,0.3218522610607386,0.7976190476190477,0.34285714285714286,0.24753082756842154,70
cross_project,0.0,dynamic_catboost,0.1,CONFCLOUD,0.4771599927849928,0.7524752475247525,0.25742574257425743,0.5138385267098138,101
cross_project,0.0,dynamic_catboost,0.1,CONFSERVER,0.4812497985885083,0.7474048442906575,0.2560553633217993,0.4977224620823237,289
cross_project,0.0,dynamic_catboost,0.1,DM,0.2529946463835791,0.7603587962962962,0.5694444444444444,0.19946360069598443,288
cross_project,0.0,dynamic_catboost,0.1,INDY,0.18625705230147574,0.573943661971831,0.5774647887323944,0.16894518745898204,71
cross_project,0.0,dynamic_catboost,0.1,IS,0.25091958546504,0.5333333333333333,0.5846153846153846,0.2331657067025719,65
cross_project,0.0,dynamic_catboost,0.1,MESOS,0.32437976575117317,0.7340163934426229,0.4344262295081967,0.27882465851577903,122
cross_project,0.0,dynamic_catboost,0.1,MULE,0.3096433381433381,0.3299065420560747,0.9626168224299065,0.3383020948042111,214
cross_project,0.0,dynamic_catboost,0.1,NEXUS,0.4399739583333333,0.40877192982456145,0.7157894736842105,0.3814861512756249,95
cross_project,0.0,dynamic_catboost,0.1,TIDOC,0.4172278338945006,0.6284501061571126,0.4012738853503185,0.3815702926605887,157
cross_project,0.0,dynamic_catboost,0.1,TIMOB,0.33603299599384456,0.6177536231884059,0.5130434782608696,0.291715914622626,230
cross_project,0.0,dynamic_catboost,0.1,TISTUD,0.3618818681318681,0.5672268907563025,0.5798319327731093,0.28415217379671354,119
cross_project,0.0,dynamic_catboost,0.1,XD,0.2514850570885054,0.35025252525252526,1.606060606060606,0.15219220644536344,66
cross_project,0.0,dynamic_catboost,0.2,APIKIT,0.5742063492063492,0.3844444444444444,0.8266666666666667,0.4891372549019608,75
cross_project,0.0,dynamic_catboost,0.2,COMPASS,0.4179000425756481,0.7935374149659863,0.6428571428571429,0.32199721957240757,70
cross_project,0.0,dynamic_catboost,0.2,CONFCLOUD,0.5049512987012986,0.7442244224422443,0.3564356435643564,0.5373380195162374,101
cross_project,0.0,dynamic_catboost,0.2,CONFSERVER,0.5168247746876778,0.7485582468281431,0.3044982698961938,0.524924441187417,289
cross_project,0.0,dynamic_catboost,0.2,DM,0.36030848548793154,0.7202973434744268,1.1215277777777777,0.28383846450126293,288
cross_project,0.0,dynamic_catboost,0.2,INDY,0.3079756307544587,0.5498323272971161,1.0422535211267605,0.2503246819801083,71
cross_project,0.0,dynamic_catboost,0.2,IS,0.3725993703266431,0.5269230769230769,0.9230769230769231,0.31244240386396027,65
cross_project,0.0,dynamic_catboost,0.2,MESOS,0.38472162057753445,0.7068427246705935,0.7622950819672131,0.3319947738137535,122
cross_project,0.0,dynamic_catboost,0.2,MULE,0.40470322270322273,0.3243157543391188,1.4579439252336448,0.392545869414189,214
cross_project,0.0,dynamic_catboost,0.2,NEXUS,0.5815104166666667,0.4378947368421053,0.9263157894736842,0.42726013752329545,95
cross_project,0.0,dynamic_catboost,0.2,TIDOC,0.49112897684326257,0.6225053078556263,0.5796178343949044,0.4288897512295789,157
cross_project,0.0,dynamic_catboost,0.2,TIMOB,0.46217649761842855,0.6214596273291926,0.7695652173913043,0.3558327680128805,230
cross_project,0.0,dynamic_catboost,0.2,TISTUD,0.4559752747252747,0.5522408963585435,0.9411764705882353,0.34608871947535097,119
cross_project,0.0,dynamic_catboost,0.2,XD,0.35728481288826114,0.3320357252175434,2.9696969696969697,0.24087710080661182,66
cross_project,0.0,dynamic_catboost,0.3,APIKIT,0.6484126984126984,0.36333333333333334,1.1066666666666667,0.5492614379084967,75
cross_project,0.0,dynamic_catboost,0.3,COMPASS,0.5194020920448256,0.775498866213152,0.9285714285714286,0.4107951134078953,70
cross_project,0.0,dynamic_catboost,0.3,CONFCLOUD,0.5899395743145743,0.7425742574257426,0.46534653465346537,0.6030817367451031,101
cross_project,0.0,dynamic_catboost,0.3,CONFSERVER,0.5877828153029766,0.7448096885813149,0.3771626297577855,0.5817688655058897,289
cross_project,0.0,dynamic_catboost,0.3,DM,0.48019899358949825,0.6988831191956192,1.8020833333333333,0.38387039999302486,288
cross_project,0.0,dynamic_catboost,0.3,INDY,0.44520512743575125,0.5658105196837591,1.6056338028169015,0.3618981179275703,71
cross_project,0.0,dynamic_catboost,0.3,IS,0.45153810835629016,0.507094017094017,1.4461538461538461,0.4004955169171492,65
cross_project,0.0,dynamic_catboost,0.3,MESOS,0.4868434065318227,0.6819419577797109,1.1557377049180328,0.4196023018097482,122
cross_project,0.0,dynamic_catboost,0.3,MULE,0.4998730158730158,0.3145709560429187,2.0654205607476634,0.4776530496600228,214
cross_project,0.0,dynamic_catboost,0.3,NEXUS,0.668359375,0.4223391812865497,1.3789473684210527,0.515021592442645,95
cross_project,0.0,dynamic_catboost,0.3,TIDOC,0.601113172541744,0.6245222929936306,0.8089171974522293,0.5043294706417598,157
cross_project,0.0,dynamic_catboost,0.3,TIMOB,0.5725362089764164,0.5939665286404416,1.2130434782608697,0.44528623129792894,230
cross_project,0.0,dynamic_catboost,0.3,TISTUD,0.5665750915750916,0.5419667867146859,1.361344537815126,0.4283944128130521,119
cross_project,0.0,dynamic_catboost,0.3,XD,0.44012510478027717,0.3006429597338688,4.515151515151516,0.3447434340992991,66
cross_project,0.0,dynamic_no_cohort,0.1,APIKIT,0.498015873015873,0.36666666666666664,0.6533333333333333,0.45234640522875813,75
cross_project,0.0,dynamic_no_cohort,0.1,COMPASS,0.31173411123670636,0.7785714285714286,0.38571428571428573,0.24753082756842154,70
cross_project,0.0,dynamic_no_cohort,0.1,CONFCLOUD,0.48710317460317465,0.7574257425742574,0.25742574257425743,0.5138385267098138,101
cross_project,0.0,dynamic_no_cohort,0.1,CONFSERVER,0.4925401211691534,0.7612456747404844,0.2422145328719723,0.4977224620823237,289
cross_project,0.0,dynamic_no_cohort,0.1,DM,0.25253043158715166,0.7582754629629629,0.59375,0.19946360069598443,288
cross_project,0.0,dynamic_no_cohort,0.1,INDY,0.18694718342638947,0.5704225352112676,0.5915492957746479,0.16894518745898204,71
cross_project,0.0,dynamic_no_cohort,0.1,IS,0.249909484454939,0.541025641025641,0.5846153846153846,0.2331657067025719,65
cross_project,0.0,dynamic_no_cohort,0.1,MESOS,0.2972560614267237,0.6827868852459016,0.4918032786885246,0.27882465851577903,122
cross_project,0.0,dynamic_no_cohort,0.1,MULE,0.31224001924001926,0.3314641744548287,0.9485981308411215,0.3383020948042111,214
cross_project,0.0,dynamic_no_cohort,0.1,NEXUS,0.45481770833333335,0.4333333333333333,0.6736842105263158,0.3814861512756249,95
cross_project,0.0,dynamic_no_cohort,0.1,TIDOC,0.42185746352413017,0.6411889596602973,0.3885350318471338,0.3815702926605887,157
cross_project,0.0,dynamic_no_cohort,0.1,TIMOB,0.3437171548445797,0.6347826086956522,0.47391304347826085,0.291715914622626,230
cross_project,0.0,dynamic_no_cohort,0.1,TISTUD,0.3546703296703297,0.5630252100840336,0.5798319327731093,0.28415217379671354,119
cross_project,0.0,dynamic_no_cohort,0.1,XD,0.24884928290100705,0.3603535353535353,1.5909090909090908,0.15219220644536344,66
cross_project,0.0,dynamic_no_cohort,0.2,APIKIT,0.5623015873015873,0.3711111111111111,0.84,0.4891372549019608,75
cross_project,0.0,dynamic_no_cohort,0.2,COMPASS,0.4268883989904751,0.7875850340136055,0.6428571428571429,0.32199721957240757,70
cross_project,0.0,dynamic_no_cohort,0.2,CONFCLOUD,0.5142000360750361,0.7475247524752475,0.36633663366336633,0.5373380195162374,101
cross_project,0.0,dynamic_no_cohort,0.2,CONFSERVER,0.5284175166231617,0.7652825836216839,0.2837370242214533,0.524924441187417,289
cross_project,0.0,dynamic_no_cohort,0.2,DM,0.3601295332650209,0.7205370921516754,1.1736111111111112,0.28383846450126293,288
cross_project,0.0,dynamic_no_cohort,0.2,INDY,0.3088940360206901,0.5493796109993293,1.028169014084507,0.2503246819801083,71
cross_project,0.0,dynamic_no_cohort,0.2,IS,0.3903771481044208,0.558974358974359,0.8769230769230769,0.31244240386396027,65
cross_project,0.0,dynamic_no_cohort,0.2,MESOS,0.37076753501361026,0.6904197123459419,0.7868852459016393,0.3319947738137535,122
cross_project,0.0,dynamic_no_cohort,0.2,MULE,0.43484938672438667,0.33852173268061114,1.4299065420560748,0.392545869414189,214
cross_project,0.0,dynamic_no_cohort,0.2,NEXUS,0.55546875,0.4357894736842105,0.9368421052631579,0.42726013752329545,95
cross_project,0.0,dynamic_no_cohort,0.2,TIDOC,0.49289264527359766,0.6225053078556263,0.5796178343949044,0.4288897512295789,157
cross_project,0.0,dynamic_no_cohort,0.2,TIMOB,0.4543858728174945,0.6089596273291925,0.8,0.3558327680128805,230
cross_project,0.0,dynamic_no_cohort,0.2,TISTUD,0.4543727106227106,0.5522408963585435,0.9327731092436975,0.34608871947535097,119
cross_project,0.0,dynamic_no_cohort,0.2,XD,0.3274488921040645,0.31462952031133845,3.0,0.24087710080661182,66
cross_project,0.0,dynamic_no_cohort,0.3,APIKIT,0.6603174603174603,0.35555555555555557,1.12,0.5492614379084967,75
cross_project,0.0,dynamic_no_cohort,0.3,COMPASS,0.5250393469467864,0.7652607709750567,0.9571428571428572,0.4107951134078953,70
cross_project,0.0,dynamic_no_cohort,0.3,CONFCLOUD,0.585457251082251,0.7384488448844884,0.49504950495049505,0.6030817367451031,101
cross_project,0.0,dynamic_no_cohort,0.3,CONFSERVER,0.5979690672230995,0.754325259515571,0.3633217993079585,0.5817688655058897,289
cross_project,0.0,dynamic_no_cohort,0.3,DM,0.46635583884200266,0.6817656012968514,1.9340277777777777,0.38387039999302486,288
cross_project,0.0,dynamic_no_cohort,0.3,INDY,0.45072617643506113,0.5681970611548076,1.5774647887323943,0.3618981179275703,71
cross_project,0.0,dynamic_no_cohort,0.3,IS,0.4718411386593205,0.5250427350427351,1.4,0.4004955169171492,65
cross_project,0.0,dynamic_no_cohort,0.3,MESOS,0.4732595777982638,0.6678581737827157,1.1557377049180328,0.4196023018097482,122
cross_project,0.0,dynamic_no_cohort,0.3,MULE,0.5000911495911496,0.3127003966957238,2.0654205607476634,0.4776530496600228,214
cross_project,0.0,dynamic_no_cohort,0.3,NEXUS,0.6690104166666666,0.4214619883040936,1.3789473684210527,0.515021592442645,95
cross_project,0.0,dynamic_no_cohort,0.3,TIDOC,0.5952048833001213,0.6183651804670912,0.8280254777070064,0.5043294706417598,157
cross_project,0.0,dynamic_no_cohort,0.3,TIMOB,0.5900353149414234,0.6033695652173914,1.1869565217391305,0.44528623129792894,230
cross_project,0.0,dynamic_no_cohort,0.3,TISTUD,0.5641712454212454,0.541546618647459,1.3445378151260505,0.4283944128130521,119
cross_project,0.0,dynamic_no_cohort,0.3,XD,0.44369610274782684,0.3013975292384383,4.515151515151516,0.3447434340992991,66
cross_project,0.0,frequency,0.1,APIKIT,0.34206349206349207,0.26,0.76,0.45234640522875813,75
cross_project,0.0,frequency,0.1,COMPASS,0.2594414836413106,0.6630952380952381,0.6,0.24753082756842154,70
cross_project,0.0,frequency,0.1,CONFCLOUD,0.470247113997114,0.698019801980198,0.31683168316831684,0.5138385267098138,101
cross_project,0.0,frequency,0.1,CONFSERVER,0.4401783700170797,0.6885813148788927,0.3217993079584775,0.4977224620823237,289
cross_project,0.0,frequency,0.1,DM,0.18461737458271557,0.5392939814814814,1.0520833333333333,0.19946360069598443,288
cross_project,0.0,frequency,0.1,INDY,0.1445383180496602,0.42488262910798125,0.9014084507042254,0.16894518745898204,71
cross_project,0.0,frequency,0.1,IS,0.17256067165158073,0.4115384615384615,0.8461538461538461,0.2331657067025719,65
cross_project,0.0,frequency,0.1,MESOS,0.26207468857890787,0.6271857923497268,0.6311475409836066,0.27882465851577903,122
cross_project,0.0,frequency,0.1,MULE,0.259526936026936,0.2720404984423676,1.0373831775700935,0.3383020948042111,214
cross_project,0.0,frequency,0.1,NEXUS,0.300390625,0.30350877192982456,0.8315789473684211,0.3814861512756249,95
cross_project,0.0,frequency,0.1,TIDOC,0.3373491147300671,0.5254777070063694,0.5286624203821656,0.3815702926605887,157
cross_project,0.0,frequency,0.1,TIMOB,0.27023762832530485,0.5023291925465839,0.7913043478260869,0.291715914622626,230
cross_project,0.0,frequency,0.1,TISTUD,0.2440018315018315,0.4061624649859944,0.7815126050420168,0.28415217379671354,119
cross_project,0.0,frequency,0.1,XD,0.1177204978929117,0.21212121212121213,1.9545454545454546,0.15219220644536344,66
cross_project,0.0,frequency,0.2,APIKIT,0.44603174603174606,0.28777777777777774,0.9333333333333333,0.4891372549019608,75
cross_project,0.0,frequency,0.2,COMPASS,0.33082316328423594,0.6455442176870748,1.0285714285714285,0.32199721957240757,70
cross_project,0.0,frequency,0.2,CONFCLOUD,0.5169778138528138,0.7310231023102309,0.36633663366336633,0.5373380195162374,101
cross_project,0.0,frequency,0.2,CONFSERVER,0.46930173321302354,0.6943483275663206,0.39100346020761245,0.524924441187417,289
cross_project,0.0,frequency,0.2,DM,0.2763407629023413,0.5445436507936507,1.8541666666666667,0.28383846450126293,288
cross_project,0.0,frequency,0.2,INDY,0.22585686472737512,0.4412307176391683,1.5211267605633803,0.2503246819801083,71
cross_project,0.0,frequency,0.2,IS,0.2805601469237833,0.4294871794871795,1.2923076923076924,0.31244240386396027,65
cross_project,0.0,frequency,0.2,MESOS,0.32500418760912203,0.6260299127102406,0.9754098360655737,0.3319947738137535,122
cross_project,0.0,frequency,0.2,MULE,0.32070412457912456,0.2685209909508975,1.5794392523364487,0.392545869414189,214
cross_project,0.0,frequency,0.2,NEXUS,0.32890625,0.27964912280701754,1.2,0.42726013752329545,95
cross_project,0.0,frequency,0.2,TIDOC,0.4101760232712614,0.526963906581741,0.7452229299363057,0.4288897512295789,157
cross_project,0.0,frequency,0.2,TIMOB,0.3291226550082642,0.47120184163662426,1.3043478260869565,0.3558327680128805,230
cross_project,0.0,frequency,0.2,TISTUD,0.27912087912087913,0.3903361344537815,1.2521008403361344,0.34608871947535097,119
cross_project,0.0,frequency,0.2,XD,0.23889549148169836,0.2397432113341204,3.3181818181818183,0.24087710080661182,66
cross_project,0.0,frequency,0.3,APIKIT,0.49642857142857144,0.27444444444444444,1.2533333333333334,0.5492614379084967,75
cross_project,0.0,frequency,0.3,COMPASS,0.41081803144951934,0.637482993197279,1.542857142857143,0.4107951134078953,70
cross_project,0.0,frequency,0.3,CONFCLOUD,0.5859623015873016,0.7326732673267327,0.49504950495049505,0.6030817367451031,101
cross_project,0.0,frequency,0.3,CONFSERVER,0.5313888060863867,0.6905997693194925,0.49480968858131485,0.5817688655058897,289
cross_project,0.0,frequency,0.3,DM,0.38406868524314763,0.5558485206922706,2.732638888888889,0.38387039999302486,288
cross_project,0.0,frequency,0.3,INDY,0.3290962975272994,0.4318451110704632,2.1971830985915495,0.3618981179275703,71
cross_project,0.0,frequency,0.3,IS,0.37784599239144695,0.43,1.8153846153846154,0.4004955169171492,65
cross_project,0.0,frequency,0.3,MESOS,0.4110343305196589,0.6129266359377256,1.4918032786885247,0.4196023018097482,122
cross_project,0.0,frequency,0.3,MULE,0.4584261664261664,0.2864092423671863,2.182242990654206,0.4776530496600228,214
cross_project,0.0,frequency,0.3,NEXUS,0.4303385416666667,0.2899415204678363,1.6842105263157894,0.515021592442645,95
cross_project,0.0,frequency,0.3,TIDOC,0.4774634096062667,0.5223991507430997,1.0445859872611465,0.5043294706417598,157
cross_project,0.0,frequency,0.3,TIMOB,0.4195385430445843,0.45953549469853816,1.9260869565217391,0.44528623129792894,230
cross_project,0.0,frequency,0.3,TISTUD,0.36607142857142855,0.3818827531012405,1.7394957983193278,0.4283944128130521,119
cross_project,0.0,frequency,0.3,XD,0.33599475237406273,0.23758171542262452,4.848484848484849,0.3447434340992991,66
cross_project,0.0,static_catboost,0.1,APIKIT,0.4503968253968254,0.34,0.68,0.45234640522875813,75
cross_project,0.0,static_catboost,0.1,COMPASS,0.3201380030964806,0.7952380952380952,0.34285714285714286,0.24753082756842154,70
cross_project,0.0,static_catboost,0.1,CONFCLOUD,0.46731150793650794,0.7326732673267327,0.27722772277227725,0.5138385267098138,101
cross_project,0.0,static_catboost,0.1,CONFSERVER,0.4827954975132394,0.7508650519031141,0.25259515570934254,0.4977224620823237,289
cross_project,0.0,static_catboost,0.1,DM,0.25197956387108644,0.7484375000000001,0.6180555555555556,0.19946360069598443,288
cross_project,0.0,static_catboost,0.1,INDY,0.1705565692096883,0.5598591549295775,0.6056338028169014,0.16894518745898204,71
cross_project,0.0,static_catboost,0.1,IS,0.2494044339498885,0.5333333333333333,0.5846153846153846,0.2331657067025719,65
cross_project,0.0,static_catboost,0.1,MESOS,0.3181975261618539,0.7176229508196721,0.4344262295081967,0.27882465851577903,122
cross_project,0.0,static_catboost,0.1,MULE,0.31593843193843196,0.33699376947040494,0.9579439252336449,0.3383020948042111,214
cross_project,0.0,static_catboost,0.1,NEXUS,0.4524739583333333,0.4105263157894737,0.7157894736842105,0.3814861512756249,95
cross_project,0.0,static_catboost,0.1,TIDOC,0.41193682860349523,0.6157112526539279,0.4140127388535032,0.3815702926605887,157
cross_project,0.0,static_catboost,0.1,TIMOB,0.34157653650366676,0.6269151138716357,0.48695652173913045,0.291715914622626,230
cross_project,0.0,static_catboost,0.1,TISTUD,0.359478021978022,0.5630252100840336,0.5798319327731093,0.28415217379671354,119
cross_project,0.0,static_catboost,0.1,XD,0.21891633270943614,0.32373737373737377,1.6363636363636365,0.15219220644536344,66
cross_project,0.0,static_catboost,0.2,APIKIT,0.5027777777777778,0.3377777777777778,0.88,0.4891372549019608,75
cross_project,0.0,static_catboost,0.2,COMPASS,0.43372143523527606,0.7975850340136055,0.6285714285714286,0.32199721957240757,70
cross_project,0.0,static_catboost,0.2,CONFCLOUD,0.4960497835497835,0.7392739273927393,0.3564356435643564,0.5373380195162374,101
cross_project,0.0,static_catboost,0.2,CONFSERVER,0.520857032752194,0.7531718569780853,0.2975778546712803,0.524924441187417,289
cross_project,0.0,static_catboost,0.2,DM,0.3576739545574456,0.710605434303351,1.1944444444444444,0.28383846450126293,288
cross_project,0.0,static_catboost,0.2,INDY,0.28666385074702655,0.5249329309188464,1.1126760563380282,0.2503246819801083,71
cross_project,0.0,static_catboost,0.2,IS,0.36757772530499805,0.5269230769230769,0.9384615384615385,0.31244240386396027,65
cross_project,0.0,static_catboost,0.2,MESOS,0.38959321523309576,0.7109410853263312,0.7377049180327869,0.3319947738137535,122
cross_project,0.0,static_catboost,0.2,MULE,0.4238542568542568,0.3368862186619196,1.4345794392523366,0.392545869414189,214
cross_project,0.0,static_catboost,0.2,NEXUS,0.58359375,0.44105263157894736,0.9263157894736842,0.42726013752329545,95
cross_project,0.0,static_catboost,0.2,TIDOC,0.4924517281660139,0.6225053078556263,0.5796178343949044,0.4288897512295789,157
cross_project,0.0,static_catboost,0.2,TIMOB,0.44658685668579096,0.6100744545309762,0.782608695652174,0.3558327680128805,230
cross_project,0.0,static_catboost,0.2,TISTUD,0.46879578754578755,0.5648459383753501,0.907563025210084,0.34608871947535097,119
cross_project,0.0,static_catboost,0.2,XD,0.32865927176272003,0.3070537627355809,3.015151515151515,0.24087710080661182,66
cross_project,0.0,static_catboost,0.3,APIKIT,0.6226190476190476,0.34444444444444444,1.1466666666666667,0.5492614379084967,75
cross_project,0.0,static_catboost,0.3,COMPASS,0.5430949025023419,0.78609410430839,0.8714285714285714,0.4107951134078953,70
cross_project,0.0,static_catboost,0.3,CONFCLOUD,0.581416847041847,0.7376237623762376,0.46534653465346537,0.6030817367451031,101
cross_project,0.0,static_catboost,0.3,CONFSERVER,0.5877828153029766,0.7413494809688581,0.3806228373702422,0.5817688655058897,289
cross_project,0.0,static_catboost,0.3,DM,0.46991359701566754,0.6842199948970782,1.9236111111111112,0.38387039999302486,288
cross_project,0.0,static_catboost,0.3,INDY,0.43131623854686235,0.5536039469138061,1.619718309859155,0.3618981179275703,71
cross_project,0.0,static_catboost,0.3,IS,0.4621441689623508,0.5160683760683761,1.4307692307692308,0.4004955169171492,65
cross_project,0.0,static_catboost,0.3,MESOS,0.4897740008666336,0.685044706579181,1.139344262295082,0.4196023018097482,122
cross_project,0.0,static_catboost,0.3,MULE,0.523990860990861,0.3232793167372607,2.02803738317757,0.4776530496600228,214
cross_project,0.0,static_catboost,0.3,NEXUS,0.6631510416666666,0.41883040935672516,1.3894736842105264,0.515021592442645,95
cross_project,0.0,static_catboost,0.3,TIDOC,0.5918539132824847,0.6165605095541401,0.8343949044585988,0.5043294706417598,157
cross_project,0.0,static_catboost,0.3,TIMOB,0.5738783286019166,0.5928086768304159,1.2,0.44528623129792894,230
cross_project,0.0,static_catboost,0.3,TISTUD,0.5743589743589743,0.5517707082833134,1.3361344537815125,0.4283944128130521,119
cross_project,0.0,static_catboost,0.3,XD,0.4454612915819812,0.30504110788201694,4.484848484848484,0.3447434340992991,66
cross_project,0.0,static_lr,0.1,APIKIT,0.5337301587301587,0.3933333333333333,0.6266666666666667,0.45234640522875813,75
cross_project,0.0,static_lr,0.1,COMPASS,0.31068553947014155,0.7833333333333333,0.35714285714285715,0.24753082756842154,70
cross_project,0.0,static_lr,0.1,CONFCLOUD,0.4740349927849927,0.7277227722772277,0.2871287128712871,0.5138385267098138,101
cross_project,0.0,static_lr,0.1,CONFSERVER,0.4808465727820566,0.759515570934256,0.24567474048442905,0.4977224620823237,289
cross_project,0.0,static_lr,0.1,DM,0.24099696409921173,0.7347800925925926,0.6215277777777778,0.19946360069598443,288
cross_project,0.0,static_lr,0.1,INDY,0.16489262767618154,0.5434272300469484,0.6619718309859155,0.16894518745898204,71
cross_project,0.0,static_lr,0.1,IS,0.25773776728322184,0.5448717948717948,0.5846153846153846,0.2331657067025719,65
cross_project,0.0,static_lr,0.1,MESOS,0.32807437497675584,0.7476775956284153,0.4262295081967213,0.27882465851577903,122
cross_project,0.0,static_lr,0.1,MULE,0.3262888407888408,0.3279595015576324,0.9532710280373832,0.3383020948042111,214
cross_project,0.0,static_lr,0.1,NEXUS,0.4720052083333333,0.43157894736842106,0.6947368421052632,0.3814861512756249,95
cross_project,0.0,static_lr,0.1,TIDOC,0.43111672278338947,0.6507430997876859,0.3885350318471338,0.3815702926605887,157
cross_project,0.0,static_lr,0.1,TIMOB,0.33745038894290175,0.6185300207039337,0.5304347826086957,0.291715914622626,230
cross_project,0.0,static_lr,0.1,TISTUD,0.3600503663003663,0.5854341736694678,0.5798319327731093,0.28415217379671354,119
cross_project,0.0,static_lr,0.1,XD,0.21781523074626521,0.31111111111111106,1.6818181818181819,0.15219220644536344,66
cross_project,0.0,static_lr,0.2,APIKIT,0.5623015873015873,0.3711111111111111,0.8533333333333334,0.4891372549019608,75
cross_project,0.0,static_lr,0.2,COMPASS,0.4238232451900272,0.7852040816326531,0.6285714285714286,0.32199721957240757,70
cross_project,0.0,static_lr,0.2,CONFCLOUD,0.4966179653679653,0.7244224422442245,0.38613861386138615,0.5373380195162374,101
cross_project,0.0,static_lr,0.2,CONFSERVER,0.5166615642422094,0.7589388696655133,0.2906574394463668,0.524924441187417,289
cross_project,0.0,static_lr,0.2,DM,0.34197270881705305,0.6859333664021164,1.3090277777777777,0.28383846450126293,288
cross_project,0.0,static_lr,0.2,INDY,0.2709103479661135,0.5296948356807512,1.1690140845070423,0.2503246819801083,71
cross_project,0.0,static_lr,0.2,IS,0.3752328479601207,0.5352564102564102,0.9846153846153847,0.31244240386396027,65
cross_project,0.0,static_lr,0.2,MESOS,0.3962808901130499,0.7332931185390202,0.7213114754098361,0.3319947738137535,122
cross_project,0.0,static_lr,0.2,MULE,0.4221635401635402,0.3292278593680463,1.439252336448598,0.392545869414189,214
cross_project,0.0,static_lr,0.2,NEXUS,0.54453125,0.42666666666666664,0.9789473684210527,0.42726013752329545,95
cross_project,0.0,static_lr,0.2,TIDOC,0.502504638218924,0.6278131634819533,0.5859872611464968,0.4288897512295789,157
cross_project,0.0,static_lr,0.2,TIMOB,0.4597132711812568,0.6199243510113075,0.8173913043478261,0.3558327680128805,230
cross_project,0.0,static_lr,0.2,TISTUD,0.4589514652014652,0.5887955182072829,0.907563025210084,0.34608871947535097,119
cross_project,0.0,static_lr,0.2,XD,0.33168273297583645,0.2999289431107613,3.0454545454545454,0.24087710080661182,66
cross_project,0.0,static_lr,0.3,APIKIT,0.6523809523809524,0.3566666666666667,1.12,0.5492614379084967,75
cross_project,0.0,static_lr,0.3,COMPASS,0.5360687587114923,0.7775226757369614,0.9142857142857143,0.4107951134078953,70
cross_project,0.0,static_lr,0.3,CONFCLOUD,0.5770472582972583,0.7301980198019802,0.48514851485148514,0.6030817367451031,101
cross_project,0.0,static_lr,0.3,CONFSERVER,0.5922134988667246,0.752883506343714,0.36678200692041524,0.5817688655058897,289
cross_project,0.0,static_lr,0.3,DM,0.4506284487359907,0.6580000053958387,2.0972222222222223,0.38387039999302486,288
cross_project,0.0,static_lr,0.3,INDY,0.38537790449416154,0.5127756437615593,1.7746478873239437,0.3618981179275703,71
cross_project,0.0,static_lr,0.3,IS,0.4977790895972714,0.5307692307692308,1.4153846153846155,0.4004955169171492,65
cross_project,0.0,static_lr,0.3,MESOS,0.48379682739822744,0.6909366128085993,1.0901639344262295,0.4196023018097482,122
cross_project,0.0,static_lr,0.3,MULE,0.5201910173160174,0.3135790611257901,2.060747663551402,0.4776530496600228,214
cross_project,0.0,static_lr,0.3,NEXUS,0.6522135416666667,0.4137426900584795,1.4210526315789473,0.515021592442645,95
cross_project,0.0,static_lr,0.3,TIDOC,0.6034500332119379,0.623248407643312,0.8343949044585988,0.5043294706417598,157
cross_project,0.0,static_lr,0.3,TIMOB,0.572130337684781,0.5858105903758077,1.2608695652173914,0.44528623129792894,230
cross_project,0.0,static_lr,0.3,TISTUD,0.583173076923077,0.5671068427370948,1.3277310924369747,0.4283944128130521,119
cross_project,0.0,static_lr,0.3,XD,0.45006626515247206,0.2918201537519719,4.5606060606060606,0.3447434340992991,66
cross_project,0.25,business_rule,0.1,APIKIT,0.509920634920635,0.3933333333333333,0.6133333333333333,0.45234640522875813,75
cross_project,0.25,business_rule,0.1,COMPASS,0.29776186184058157,0.7404761904761905,0.4142857142857143,0.24753082756842154,70
cross_project,0.25,business_rule,0.1,CONFCLOUD,0.4891865079365079,0.7524752475247525,0.25742574257425743,0.5138385267098138,101
cross_project,0.25,business_rule,0.1,CONFSERVER,0.5005262322802645,0.7560553633217993,0.2491349480968858,0.4977224620823237,289
cross_project,0.25,business_rule,0.1,DM,0.21368144783828905,0.6528935185185185,0.7777777777777778,0.19946360069598443,288
cross_project,0.25,business_rule,0.1,INDY,0.2248067613615818,0.5809859154929577,0.676056338028169,0.16894518745898204,71
cross_project,0.25,business_rule,0.1,IS,0.28174865538501903,0.558974358974359,0.676923076923077,0.2331657067025719,65
cross_project,0.25,business_rule,0.1,MESOS,0.34219587348001823,0.7183060109289618,0.48360655737704916,0.27882465851577903,122
cross_project,0.25,business_rule,0.1,MULE,0.37376857864357865,0.37211838006230524,0.9252336448598131,0.3383020948042111,214
cross_project,0.25,business_rule,0.1,NEXUS,0.5178385416666667,0.4842105263157895,0.6105263157894737,0.3814861512756249,95
cross_project,0.25,business_rule,0.1,TIDOC,0.34237556975652217,0.5169851380042463,0.5414012738853503,0.3815702926605887,157
cross_project,0.25,business_rule,0.1,TIMOB,0.27248051742172547,0.529192546583851,0.6608695652173913,0.291715914622626,230
cross_project,0.25,business_rule,0.1,TISTUD,0.34024725274725276,0.5518207282913166,0.6134453781512605,0.28415217379671354,119
cross_project,0.25,business_rule,0.1,XD,0.2321896972759042,0.3426767676767677,1.6515151515151516,0.15219220644536344,66
cross_project,0.25,business_rule,0.2,APIKIT,0.6059523809523809,0.3844444444444444,0.7866666666666666,0.4891372549019608,75
cross_project,0.25,business_rule,0.2,COMPASS,0.3997108235862561,0.7484353741496599,0.7,0.32199721957240757,70
cross_project,0.25,business_rule,0.2,CONFCLOUD,0.5170725108225108,0.7574257425742574,0.33663366336633666,0.5373380195162374,101
cross_project,0.25,business_rule,0.2,CONFSERVER,0.5367396492396492,0.7537485582468282,0.2975778546712803,0.524924441187417,289
cross_project,0.25,business_rule,0.2,DM,0.3216088433661507,0.6627121913580247,1.3298611111111112,0.28383846450126293,288
cross_project,0.25,business_rule,0.2,INDY,0.3420664733991766,0.5841716968477532,1.1126760563380282,0.2503246819801083,71
cross_project,0.25,business_rule,0.2,IS,0.4200623114259478,0.5576923076923077,1.0923076923076922,0.31244240386396027,65
cross_project,0.25,business_rule,0.2,MESOS,0.4030449391152424,0.7052329501099993,0.8278688524590164,0.3319947738137535,122
cross_project,0.25,business_rule,0.2,MULE,0.47762157287157286,0.36006898086337336,1.4439252336448598,0.392545869414189,214
cross_project,0.25,business_rule,0.2,NEXUS,0.5885416666666666,0.45052631578947366,0.8947368421052632,0.42726013752329545,95
cross_project,0.25,business_rule,0.2,TIDOC,0.3993454957740672,0.5195329087048832,0.7770700636942676,0.4288897512295789,157
cross_project,0.25,business_rule,0.2,TIMOB,0.3653149860594414,0.537141662685141,0.9956521739130435,0.3558327680128805,230
cross_project,0.25,business_rule,0.2,TISTUD,0.43337912087912084,0.5287114845938375,1.0,0.34608871947535097,119
cross_project,0.25,business_rule,0.2,XD,0.36871815923540063,0.33395262145262145,2.9696969696969697,0.24087710080661182,66
cross_project,0.25,business_rule,0.3,APIKIT,0.696031746031746,0.3755555555555556,1.04,0.5492614379084967,75
cross_project,0.25,business_rule,0.3,COMPASS,0.5250156634023416,0.7544104308390023,0.9714285714285714,0.4107951134078953,70
cross_project,0.25,business_rule,0.3,CONFCLOUD,0.6186327561327561,0.773927392739274,0.39603960396039606,0.6030817367451031,101
cross_project,0.25,business_rule,0.3,CONFSERVER,0.6041358618979586,0.7468281430219147,0.3806228373702422,0.5817688655058897,289
cross_project,0.25,business_rule,0.3,DM,0.4665836595427141,0.691956163049913,1.7916666666666667,0.38387039999302486,288
cross_project,0.25,business_rule,0.3,INDY,0.48564495523380213,0.5707954799504096,1.704225352112676,0.3618981179275703,71
cross_project,0.25,business_rule,0.3,IS,0.5076301980847435,0.5377350427350427,1.5538461538461539,0.4004955169171492,65
cross_project,0.25,business_rule,0.3,MESOS,0.5129376929027604,0.7063403394526827,1.1721311475409837,0.4196023018097482,122
cross_project,0.25,business_rule,0.3,MULE,0.5906122534872534,0.3453665234039066,2.0373831775700935,0.4776530496600228,214
cross_project,0.25,business_rule,0.3,NEXUS,0.7022135416666666,0.4421637426900584,1.3157894736842106,0.515021592442645,95
cross_project,0.25,business_rule,0.3,TIDOC,0.5067723722485628,0.5490976645435244,0.9936305732484076,0.5043294706417598,157
cross_project,0.25,business_rule,0.3,TIMOB,0.49639384345020915,0.5422845994585125,1.4217391304347826,0.44528623129792894,230
cross_project,0.25,business_rule,0.3,TISTUD,0.5561584249084249,0.5212685074029612,1.4201680672268908,0.4283944128130521,119
cross_project,0.25,business_rule,0.3,XD,0.5001964989033955,0.31857580550762366,4.409090909090909,0.3447434340992991,66
cross_project,0.25,dynamic_catboost,0.1,APIKIT,0.503968253968254,0.38,0.64,0.45234640522875813,75
cross_project,0.25,dynamic_catboost,0.1,COMPASS,0.31581907855696784,0.8,0.34285714285714286,0.24753082756842154,70
cross_project,0.25,dynamic_catboost,0.1,CONFCLOUD,0.5193948412698413,0.8118811881188119,0.19801980198019803,0.5138385267098138,101
cross_project,0.25,dynamic_catboost,0.1,CONFSERVER,0.5210347448250674,0.8079584775086506,0.19377162629757785,0.4977224620823237,289
cross_project,0.25,dynamic_catboost,0.1,DM,0.24728139212367523,0.7417824074074074,0.6180555555555556,0.19946360069598443,288
cross_project,0.25,dynamic_catboost,0.1,INDY,0.2325878551540177,0.6443661971830986,0.4788732394366197,0.16894518745898204,71
cross_project,0.25,dynamic_catboost,0.1,IS,0.28627312081857537,0.5794871794871794,0.5384615384615384,0.2331657067025719,65
cross_project,0.25,dynamic_catboost,0.1,MESOS,0.33652926816616235,0.7504098360655738,0.4016393442622951,0.27882465851577903,122
cross_project,0.25,dynamic_catboost,0.1,MULE,0.38611357623857623,0.39922118380062305,0.8691588785046729,0.3383020948042111,214
cross_project,0.25,dynamic_catboost,0.1,NEXUS,0.5334635416666667,0.49824561403508777,0.5684210526315789,0.3814861512756249,95
cross_project,0.25,dynamic_catboost,0.1,TIDOC,0.44441982180077416,0.6857749469214438,0.34394904458598724,0.3815702926605887,157
cross_project,0.25,dynamic_catboost,0.1,TIMOB,0.36086141988776893,0.683695652173913,0.4,0.291715914622626,230
cross_project,0.25,dynamic_catboost,0.1,TISTUD,0.44313186813186817,0.6680672268907563,0.46218487394957986,0.28415217379671354,119
cross_project,0.25,dynamic_catboost,0.1,XD,0.28368202678547505,0.4159090909090909,1.4545454545454546,0.15219220644536344,66
cross_project,0.25,dynamic_catboost,0.2,APIKIT,0.590079365079365,0.3888888888888889,0.8,0.4891372549019608,75
cross_project,0.25,dynamic_catboost,0.2,COMPASS,0.4196857568613624,0.7916326530612244,0.5714285714285714,0.32199721957240757,70
cross_project,0.25,dynamic_catboost,0.2,CONFCLOUD,0.5467126623376624,0.801980198019802,0.26732673267326734,0.5373380195162374,101
cross_project,0.25,dynamic_catboost,0.2,CONFSERVER,0.5604403660855274,0.8027681660899654,0.22837370242214533,0.524924441187417,289
cross_project,0.25,dynamic_catboost,0.2,DM,0.3634755848471794,0.7230406746031747,1.1111111111111112,0.28383846450126293,288
cross_project,0.25,dynamic_catboost,0.2,INDY,0.36011326767470436,0.6270959087860497,0.8591549295774648,0.2503246819801083,71
cross_project,0.25,dynamic_catboost,0.2,IS,0.39709431982159255,0.5429487179487179,0.8769230769230769,0.31244240386396027,65
cross_project,0.25,dynamic_catboost,0.2,MESOS,0.4180892427085473,0.7597124642206609,0.5983606557377049,0.3319947738137535,122
cross_project,0.25,dynamic_catboost,0.2,MULE,0.4875708273208273,0.3857754784156653,1.3271028037383177,0.392545869414189,214
cross_project,0.25,dynamic_catboost,0.2,NEXUS,0.6182291666666666,0.4842105263157895,0.8210526315789474,0.42726013752329545,95
cross_project,0.25,dynamic_catboost,0.2,TIDOC,0.5275802240087955,0.6644373673036094,0.5159235668789809,0.4288897512295789,157
cross_project,0.25,dynamic_catboost,0.2,TIMOB,0.4968465389209178,0.6755262249827467,0.6043478260869565,0.3558327680128805,230
cross_project,0.25,dynamic_catboost,0.2,TISTUD,0.5594322344322344,0.6515406162464986,0.7563025210084033,0.34608871947535097,119
cross_project,0.25,dynamic_catboost,0.2,XD,0.4116778815054677,0.37628175696357513,2.757575757575758,0.24087710080661182,66
cross_project,0.25,dynamic_catboost,0.3,APIKIT,0.701984126984127,0.3788888888888889,1.0533333333333332,0.5492614379084967,75
cross_project,0.25,dynamic_catboost,0.3,COMPASS,0.5500361782584966,0.7883956916099772,0.8142857142857143,0.4107951134078953,70
cross_project,0.25,dynamic_catboost,0.3,CONFCLOUD,0.6279130591630592,0.783003300330033,0.36633663366336633,0.6030817367451031,101
cross_project,0.25,dynamic_catboost,0.3,CONFSERVER,0.6385604650725618,0.7912341407151096,0.29411764705882354,0.5817688655058897,289
cross_project,0.25,dynamic_catboost,0.3,DM,0.49251568537842133,0.7160015524598857,1.6319444444444444,0.38387039999302486,288
cross_project,0.25,dynamic_catboost,0.3,INDY,0.4664850552374182,0.5809244355019003,1.4788732394366197,0.3618981179275703,71
cross_project,0.25,dynamic_catboost,0.3,IS,0.488327430145612,0.5326495726495726,1.3384615384615384,0.4004955169171492,65
cross_project,0.25,dynamic_catboost,0.3,MESOS,0.5291677121338894,0.7327429347680071,0.9098360655737705,0.4196023018097482,122
cross_project,0.25,dynamic_catboost,0.3,MULE,0.5919846681096681,0.36814985378069487,1.939252336448598,0.4776530496600228,214
cross_project,0.25,dynamic_catboost,0.3,NEXUS,0.7177083333333333,0.4569005847953217,1.2736842105263158,0.515021592442645,95
cross_project,0.25,dynamic_catboost,0.3,TIDOC,0.651717858860716,0.663588110403397,0.7197452229299363,0.5043294706417598,157
cross_project,0.25,dynamic_catboost,0.3,TIMOB,0.6118650858931906,0.6311060437147394,1.0260869565217392,0.44528623129792894,230
cross_project,0.25,dynamic_catboost,0.3,TISTUD,0.6593864468864469,0.6088535414165666,1.1764705882352942,0.4283944128130521,119
cross_project,0.25,dynamic_catboost,0.3,XD,0.5274495140874451,0.34476026919208735,4.242424242424242,0.3447434340992991,66
cross_project,0.25,dynamic_no_cohort,0.1,APIKIT,0.503968253968254,0.38,0.64,0.45234640522875813,75
cross_project,0.25,dynamic_no_cohort,0.1,COMPASS,0.3520532692029232,0.8476190476190476,0.2857142857142857,0.24753082756842154,70
cross_project,0.25,dynamic_no_cohort,0.1,CONFCLOUD,0.5193948412698413,0.8118811881188119,0.19801980198019803,0.5138385267098138,101
cross_project,0.25,dynamic_no_cohort,0.1,CONFSERVER,0.5166664652551749,0.8079584775086506,0.19377162629757785,0.4977224620823237,289
cross_project,0.25,dynamic_no_cohort,0.1,DM,0.250580377713431,0.7537037037037037,0.5833333333333334,0.19946360069598443,288
cross_project,0.25,dynamic_no_cohort,0.1,INDY,0.20923841876110305,0.5880281690140845,0.5492957746478874,0.16894518745898204,71
cross_project,0.25,dynamic_no_cohort,0.1,IS,0.25748524203069656,0.5564102564102563,0.5538461538461539,0.2331657067025719,65
cross_project,0.25,dynamic_no_cohort,0.1,MESOS,0.34855121092867336,0.7635245901639345,0.4016393442622951,0.27882465851577903,122
cross_project,0.25,dynamic_no_cohort,0.1,MULE,0.36926503126503124,0.38263239875389404,0.8878504672897196,0.3383020948042111,214
cross_project,0.25,dynamic_no_cohort,0.1,NEXUS,0.5451822916666667,0.5035087719298246,0.5684210526315789,0.3814861512756249,95
cross_project,0.25,dynamic_no_cohort,0.1,TIDOC,0.4276208800018324,0.6634819532908706,0.36942675159235666,0.3815702926605887,157
cross_project,0.25,dynamic_no_cohort,0.1,TIMOB,0.36388481401941053,0.6800724637681159,0.4043478260869565,0.291715914622626,230
cross_project,0.25,dynamic_no_cohort,0.1,TISTUD,0.4348901098901099,0.6568627450980392,0.47058823529411764,0.28415217379671354,119
cross_project,0.25,dynamic_no_cohort,0.1,XD,0.28987281875212906,0.41085858585858587,1.4848484848484849,0.15219220644536344,66
cross_project,0.25,dynamic_no_cohort,0.2,APIKIT,0.5781746031746031,0.3755555555555556,0.8133333333333334,0.4891372549019608,75
cross_project,0.25,dynamic_no_cohort,0.2,COMPASS,0.4516952914444264,0.832108843537415,0.5285714285714286,0.32199721957240757,70
cross_project,0.25,dynamic_no_cohort,0.2,CONFCLOUD,0.5452922077922078,0.7986798679867987,0.27722772277227725,0.5373380195162374,101
cross_project,0.25,dynamic_no_cohort,0.2,CONFSERVER,0.5572481617844521,0.8044982698961938,0.22491349480968859,0.524924441187417,289
cross_project,0.25,dynamic_no_cohort,0.2,DM,0.3658382106802593,0.7299548059964727,1.0972222222222223,0.28383846450126293,288
cross_project,0.25,dynamic_no_cohort,0.2,INDY,0.3232372612334805,0.562290409121395,0.971830985915493,0.2503246819801083,71
cross_project,0.25,dynamic_no_cohort,0.2,IS,0.36098320871048145,0.5179487179487179,0.9538461538461539,0.31244240386396027,65
cross_project,0.25,dynamic_no_cohort,0.2,MESOS,0.42057639134901526,0.7520746102713316,0.6639344262295082,0.3319947738137535,122
cross_project,0.25,dynamic_no_cohort,0.2,MULE,0.4834565295815295,0.3788699747811897,1.341121495327103,0.392545869414189,214
cross_project,0.25,dynamic_no_cohort,0.2,NEXUS,0.6494791666666666,0.5,0.8,0.42726013752329545,95
cross_project,0.25,dynamic_no_cohort,0.2,TIDOC,0.5105167319453033,0.6437367303609342,0.5477707006369427,0.4288897512295789,157
cross_project,0.25,dynamic_no_cohort,0.2,TIMOB,0.48560586953340407,0.6569047619047619,0.6565217391304348,0.3558327680128805,230
cross_project,0.25,dynamic_no_cohort,0.2,TISTUD,0.5402014652014653,0.6389355742296918,0.7815126050420168,0.34608871947535097,119
cross_project,0.25,dynamic_no_cohort,0.2,XD,0.41847864778899263,0.3723676155494337,2.772727272727273,0.24087710080661182,66
cross_project,0.25,dynamic_no_cohort,0.3,APIKIT,0.7218253968253968,0.37222222222222223,1.04,0.5492614379084967,75
cross_project,0.25,dynamic_no_cohort,0.3,COMPASS,0.5697091115343711,0.817046485260771,0.7571428571428571,0.4107951134078953,70
cross_project,0.25,dynamic_no_cohort,0.3,CONFCLOUD,0.631700937950938,0.7863036303630363,0.3564356435643564,0.6030817367451031,101
cross_project,0.25,dynamic_no_cohort,0.3,CONFSERVER,0.6403749812015941,0.7946943483275662,0.2768166089965398,0.5817688655058897,289
cross_project,0.25,dynamic_no_cohort,0.3,DM,0.48960197797004645,0.7097709678438845,1.6909722222222223,0.38387039999302486,288
cross_project,0.25,dynamic_no_cohort,0.3,INDY,0.45132429007665303,0.5585955124687519,1.5492957746478873,0.3618981179275703,71
cross_project,0.25,dynamic_no_cohort,0.3,IS,0.4794890463072281,0.5262393162393162,1.3692307692307693,0.4004955169171492,65
cross_project,0.25,dynamic_no_cohort,0.3,MESOS,0.5324961118484913,0.7327419045114321,0.9426229508196722,0.4196023018097482,122
cross_project,0.25,dynamic_no_cohort,0.3,MULE,0.6083882275132275,0.3738466232625111,1.925233644859813,0.4776530496600228,214
cross_project,0.25,dynamic_no_cohort,0.3,NEXUS,0.7665364583333333,0.477953216374269,1.231578947368421,0.515021592442645,95
cross_project,0.25,dynamic_no_cohort,0.3,TIDOC,0.6322734144162715,0.6434182590233546,0.7515923566878981,0.5043294706417598,157
cross_project,0.25,dynamic_no_cohort,0.3,TIMOB,0.6133213253050632,0.6293220547568374,1.0347826086956522,0.44528623129792894,230
cross_project,0.25,dynamic_no_cohort,0.3,TISTUD,0.6465659340659341,0.5987695078031213,1.2016806722689075,0.4283944128130521,119
cross_project,0.25,dynamic_no_cohort,0.3,XD,0.5208587389621873,0.34460995654177473,4.212121212121212,0.3447434340992991,66
cross_project,0.25,frequency,0.1,APIKIT,0.34206349206349207,0.26,0.76,0.45234640522875813,75
cross_project,0.25,frequency,0.1,COMPASS,0.2594414836413106,0.6630952380952381,0.6,0.24753082756842154,70
cross_project,0.25,frequency,0.1,CONFCLOUD,0.470247113997114,0.698019801980198,0.31683168316831684,0.5138385267098138,101
cross_project,0.25,frequency,0.1,CONFSERVER,0.4401783700170797,0.6885813148788927,0.3217993079584775,0.4977224620823237,289
cross_project,0.25,frequency,0.1,DM,0.18461737458271557,0.5392939814814814,1.0520833333333333,0.19946360069598443,288
cross_project,0.25,frequency,0.1,INDY,0.1445383180496602,0.42488262910798125,0.9014084507042254,0.16894518745898204,71
cross_project,0.25,frequency,0.1,IS,0.17256067165158073,0.4115384615384615,0.8461538461538461,0.2331657067025719,65
cross_project,0.25,frequency,0.1,MESOS,0.26207468857890787,0.6271857923497268,0.6311475409836066,0.27882465851577903,122
cross_project,0.25,frequency,0.1,MULE,0.259526936026936,0.2720404984423676,1.0373831775700935,0.3383020948042111,214
cross_project,0.25,frequency,0.1,NEXUS,0.300390625,0.30350877192982456,0.8315789473684211,0.3814861512756249,95
cross_project,0.25,frequency,0.1,TIDOC,0.3373491147300671,0.5254777070063694,0.5286624203821656,0.3815702926605887,157
cross_project,0.25,frequency,0.1,TIMOB,0.27023762832530485,0.5023291925465839,0.7913043478260869,0.291715914622626,230
cross_project,0.25,frequency,0.1,TISTUD,0.2440018315018315,0.4061624649859944,0.7815126050420168,0.28415217379671354,119
cross_project,0.25,frequency,0.1,XD,0.1177204978929117,0.21212121212121213,1.9545454545454546,0.15219220644536344,66
cross_project,0.25,frequency,0.2,APIKIT,0.44603174603174606,0.28777777777777774,0.9333333333333333,0.4891372549019608,75
cross_project,0.25,frequency,0.2,COMPASS,0.33082316328423594,0.6455442176870748,1.0285714285714285,0.32199721957240757,70
cross_project,0.25,frequency,0.2,CONFCLOUD,0.5169778138528138,0.7310231023102309,0.36633663366336633,0.5373380195162374,101
cross_project,0.25,frequency,0.2,CONFSERVER,0.46930173321302354,0.6943483275663206,0.39100346020761245,0.524924441187417,289
cross_project,0.25,frequency,0.2,DM,0.2763407629023413,0.5445436507936507,1.8541666666666667,0.28383846450126293,288
cross_project,0.25,frequency,0.2,INDY,0.22585686472737512,0.4412307176391683,1.5211267605633803,0.2503246819801083,71
cross_project,0.25,frequency,0.2,IS,0.2805601469237833,0.4294871794871795,1.2923076923076924,0.31244240386396027,65
cross_project,0.25,frequency,0.2,MESOS,0.32500418760912203,0.6260299127102406,0.9754098360655737,0.3319947738137535,122
cross_project,0.25,frequency,0.2,MULE,0.32070412457912456,0.2685209909508975,1.5794392523364487,0.392545869414189,214
cross_project,0.25,frequency,0.2,NEXUS,0.32890625,0.27964912280701754,1.2,0.42726013752329545,95
cross_project,0.25,frequency,0.2,TIDOC,0.4101760232712614,0.526963906581741,0.7452229299363057,0.4288897512295789,157
cross_project,0.25,frequency,0.2,TIMOB,0.3291226550082642,0.47120184163662426,1.3043478260869565,0.3558327680128805,230
cross_project,0.25,frequency,0.2,TISTUD,0.27912087912087913,0.3903361344537815,1.2521008403361344,0.34608871947535097,119
cross_project,0.25,frequency,0.2,XD,0.23889549148169836,0.2397432113341204,3.3181818181818183,0.24087710080661182,66
cross_project,0.25,frequency,0.3,APIKIT,0.49642857142857144,0.27444444444444444,1.2533333333333334,0.5492614379084967,75
cross_project,0.25,frequency,0.3,COMPASS,0.41081803144951934,0.637482993197279,1.542857142857143,0.4107951134078953,70
cross_project,0.25,frequency,0.3,CONFCLOUD,0.5859623015873016,0.7326732673267327,0.49504950495049505,0.6030817367451031,101
cross_project,0.25,frequency,0.3,CONFSERVER,0.5313888060863867,0.6905997693194925,0.49480968858131485,0.5817688655058897,289
cross_project,0.25,frequency,0.3,DM,0.38406868524314763,0.5558485206922706,2.732638888888889,0.38387039999302486,288
cross_project,0.25,frequency,0.3,INDY,0.3290962975272994,0.4318451110704632,2.1971830985915495,0.3618981179275703,71
cross_project,0.25,frequency,0.3,IS,0.37784599239144695,0.43,1.8153846153846154,0.4004955169171492,65
cross_project,0.25,frequency,0.3,MESOS,0.4110343305196589,0.6129266359377256,1.4918032786885247,0.4196023018097482,122
cross_project,0.25,frequency,0.3,MULE,0.4584261664261664,0.2864092423671863,2.182242990654206,0.4776530496600228,214
cross_project,0.25,frequency,0.3,NEXUS,0.4303385416666667,0.2899415204678363,1.6842105263157894,0.515021592442645,95
cross_project,0.25,frequency,0.3,TIDOC,0.4774634096062667,0.5223991507430997,1.0445859872611465,0.5043294706417598,157
cross_project,0.25,frequency,0.3,TIMOB,0.4195385430445843,0.45953549469853816,1.9260869565217391,0.44528623129792894,230
cross_project,0.25,frequency,0.3,TISTUD,0.36607142857142855,0.3818827531012405,1.7394957983193278,0.4283944128130521,119
cross_project,0.25,frequency,0.3,XD,0.33599475237406273,0.23758171542262452,4.848484848484849,0.3447434340992991,66
cross_project,0.25,static_catboost,0.1,APIKIT,0.4503968253968254,0.34,0.68,0.45234640522875813,75
cross_project,0.25,static_catboost,0.1,COMPASS,0.3201380030964806,0.7952380952380952,0.34285714285714286,0.24753082756842154,70
cross_project,0.25,static_catboost,0.1,CONFCLOUD,0.46731150793650794,0.7326732673267327,0.27722772277227725,0.5138385267098138,101
cross_project,0.25,static_catboost,0.1,CONFSERVER,0.4827954975132394,0.7508650519031141,0.25259515570934254,0.4977224620823237,289
cross_project,0.25,static_catboost,0.1,DM,0.25197956387108644,0.7484375000000001,0.6180555555555556,0.19946360069598443,288
cross_project,0.25,static_catboost,0.1,INDY,0.1705565692096883,0.5598591549295775,0.6056338028169014,0.16894518745898204,71
cross_project,0.25,static_catboost,0.1,IS,0.2494044339498885,0.5333333333333333,0.5846153846153846,0.2331657067025719,65
cross_project,0.25,static_catboost,0.1,MESOS,0.3181975261618539,0.7176229508196721,0.4344262295081967,0.27882465851577903,122
cross_project,0.25,static_catboost,0.1,MULE,0.31593843193843196,0.33699376947040494,0.9579439252336449,0.3383020948042111,214
cross_project,0.25,static_catboost,0.1,NEXUS,0.4524739583333333,0.4105263157894737,0.7157894736842105,0.3814861512756249,95
cross_project,0.25,static_catboost,0.1,TIDOC,0.41193682860349523,0.6157112526539279,0.4140127388535032,0.3815702926605887,157
cross_project,0.25,static_catboost,0.1,TIMOB,0.34157653650366676,0.6269151138716357,0.48695652173913045,0.291715914622626,230
cross_project,0.25,static_catboost,0.1,TISTUD,0.359478021978022,0.5630252100840336,0.5798319327731093,0.28415217379671354,119
cross_project,0.25,static_catboost,0.1,XD,0.21891633270943614,0.32373737373737377,1.6363636363636365,0.15219220644536344,66
cross_project,0.25,static_catboost,0.2,APIKIT,0.5027777777777778,0.3377777777777778,0.88,0.4891372549019608,75
cross_project,0.25,static_catboost,0.2,COMPASS,0.43372143523527606,0.7975850340136055,0.6285714285714286,0.32199721957240757,70
cross_project,0.25,static_catboost,0.2,CONFCLOUD,0.4960497835497835,0.7392739273927393,0.3564356435643564,0.5373380195162374,101
cross_project,0.25,static_catboost,0.2,CONFSERVER,0.520857032752194,0.7531718569780853,0.2975778546712803,0.524924441187417,289
cross_project,0.25,static_catboost,0.2,DM,0.3576739545574456,0.710605434303351,1.1944444444444444,0.28383846450126293,288
cross_project,0.25,static_catboost,0.2,INDY,0.28666385074702655,0.5249329309188464,1.1126760563380282,0.2503246819801083,71
cross_project,0.25,static_catboost,0.2,IS,0.36757772530499805,0.5269230769230769,0.9384615384615385,0.31244240386396027,65
cross_project,0.25,static_catboost,0.2,MESOS,0.38959321523309576,0.7109410853263312,0.7377049180327869,0.3319947738137535,122
cross_project,0.25,static_catboost,0.2,MULE,0.4238542568542568,0.3368862186619196,1.4345794392523366,0.392545869414189,214
cross_project,0.25,static_catboost,0.2,NEXUS,0.58359375,0.44105263157894736,0.9263157894736842,0.42726013752329545,95
cross_project,0.25,static_catboost,0.2,TIDOC,0.4924517281660139,0.6225053078556263,0.5796178343949044,0.4288897512295789,157
cross_project,0.25,static_catboost,0.2,TIMOB,0.44658685668579096,0.6100744545309762,0.782608695652174,0.3558327680128805,230
cross_project,0.25,static_catboost,0.2,TISTUD,0.46879578754578755,0.5648459383753501,0.907563025210084,0.34608871947535097,119
cross_project,0.25,static_catboost,0.2,XD,0.32865927176272003,0.3070537627355809,3.015151515151515,0.24087710080661182,66
cross_project,0.25,static_catboost,0.3,APIKIT,0.6226190476190476,0.34444444444444444,1.1466666666666667,0.5492614379084967,75
cross_project,0.25,static_catboost,0.3,COMPASS,0.5430949025023419,0.78609410430839,0.8714285714285714,0.4107951134078953,70
cross_project,0.25,static_catboost,0.3,CONFCLOUD,0.581416847041847,0.7376237623762376,0.46534653465346537,0.6030817367451031,101
cross_project,0.25,static_catboost,0.3,CONFSERVER,0.5877828153029766,0.7413494809688581,0.3806228373702422,0.5817688655058897,289
cross_project,0.25,static_catboost,0.3,DM,0.46991359701566754,0.6842199948970782,1.9236111111111112,0.38387039999302486,288
cross_project,0.25,static_catboost,0.3,INDY,0.43131623854686235,0.5536039469138061,1.619718309859155,0.3618981179275703,71
cross_project,0.25,static_catboost,0.3,IS,0.4621441689623508,0.5160683760683761,1.4307692307692308,0.4004955169171492,65
cross_project,0.25,static_catboost,0.3,MESOS,0.4897740008666336,0.685044706579181,1.139344262295082,0.4196023018097482,122
cross_project,0.25,static_catboost,0.3,MULE,0.523990860990861,0.3232793167372607,2.02803738317757,0.4776530496600228,214
cross_project,0.25,static_catboost,0.3,NEXUS,0.6631510416666666,0.41883040935672516,1.3894736842105264,0.515021592442645,95
cross_project,0.25,static_catboost,0.3,TIDOC,0.5918539132824847,0.6165605095541401,0.8343949044585988,0.5043294706417598,157
cross_project,0.25,static_catboost,0.3,TIMOB,0.5738783286019166,0.5928086768304159,1.2,0.44528623129792894,230
cross_project,0.25,static_catboost,0.3,TISTUD,0.5743589743589743,0.5517707082833134,1.3361344537815125,0.4283944128130521,119
cross_project,0.25,static_catboost,0.3,XD,0.4454612915819812,0.30504110788201694,4.484848484848484,0.3447434340992991,66
cross_project,0.25,static_lr,0.1,APIKIT,0.5337301587301587,0.3933333333333333,0.6266666666666667,0.45234640522875813,75
cross_project,0.25,static_lr,0.1,COMPASS,0.31068553947014155,0.7833333333333333,0.35714285714285715,0.24753082756842154,70
cross_project,0.25,static_lr,0.1,CONFCLOUD,0.4740349927849927,0.7277227722772277,0.2871287128712871,0.5138385267098138,101
cross_project,0.25,static_lr,0.1,CONFSERVER,0.4808465727820566,0.759515570934256,0.24567474048442905,0.4977224620823237,289
cross_project,0.25,static_lr,0.1,DM,0.24099696409921173,0.7347800925925926,0.6215277777777778,0.19946360069598443,288
cross_project,0.25,static_lr,0.1,INDY,0.16489262767618154,0.5434272300469484,0.6619718309859155,0.16894518745898204,71
cross_project,0.25,static_lr,0.1,IS,0.25773776728322184,0.5448717948717948,0.5846153846153846,0.2331657067025719,65
cross_project,0.25,static_lr,0.1,MESOS,0.32807437497675584,0.7476775956284153,0.4262295081967213,0.27882465851577903,122
cross_project,0.25,static_lr,0.1,MULE,0.3262888407888408,0.3279595015576324,0.9532710280373832,0.3383020948042111,214
cross_project,0.25,static_lr,0.1,NEXUS,0.4720052083333333,0.43157894736842106,0.6947368421052632,0.3814861512756249,95
cross_project,0.25,static_lr,0.1,TIDOC,0.43111672278338947,0.6507430997876859,0.3885350318471338,0.3815702926605887,157
cross_project,0.25,static_lr,0.1,TIMOB,0.33745038894290175,0.6185300207039337,0.5304347826086957,0.291715914622626,230
cross_project,0.25,static_lr,0.1,TISTUD,0.3600503663003663,0.5854341736694678,0.5798319327731093,0.28415217379671354,119
cross_project,0.25,static_lr,0.1,XD,0.21781523074626521,0.31111111111111106,1.6818181818181819,0.15219220644536344,66
cross_project,0.25,static_lr,0.2,APIKIT,0.5623015873015873,0.3711111111111111,0.8533333333333334,0.4891372549019608,75
cross_project,0.25,static_lr,0.2,COMPASS,0.4238232451900272,0.7852040816326531,0.6285714285714286,0.32199721957240757,70
cross_project,0.25,static_lr,0.2,CONFCLOUD,0.4966179653679653,0.7244224422442245,0.38613861386138615,0.5373380195162374,101
cross_project,0.25,static_lr,0.2,CONFSERVER,0.5166615642422094,0.7589388696655133,0.2906574394463668,0.524924441187417,289
cross_project,0.25,static_lr,0.2,DM,0.34197270881705305,0.6859333664021164,1.3090277777777777,0.28383846450126293,288
cross_project,0.25,static_lr,0.2,INDY,0.2709103479661135,0.5296948356807512,1.1690140845070423,0.2503246819801083,71
cross_project,0.25,static_lr,0.2,IS,0.3752328479601207,0.5352564102564102,0.9846153846153847,0.31244240386396027,65
cross_project,0.25,static_lr,0.2,MESOS,0.3962808901130499,0.7332931185390202,0.7213114754098361,0.3319947738137535,122
cross_project,0.25,static_lr,0.2,MULE,0.4221635401635402,0.3292278593680463,1.439252336448598,0.392545869414189,214
cross_project,0.25,static_lr,0.2,NEXUS,0.54453125,0.42666666666666664,0.9789473684210527,0.42726013752329545,95
cross_project,0.25,static_lr,0.2,TIDOC,0.502504638218924,0.6278131634819533,0.5859872611464968,0.4288897512295789,157
cross_project,0.25,static_lr,0.2,TIMOB,0.4597132711812568,0.6199243510113075,0.8173913043478261,0.3558327680128805,230
cross_project,0.25,static_lr,0.2,TISTUD,0.4589514652014652,0.5887955182072829,0.907563025210084,0.34608871947535097,119
cross_project,0.25,static_lr,0.2,XD,0.33168273297583645,0.2999289431107613,3.0454545454545454,0.24087710080661182,66
cross_project,0.25,static_lr,0.3,APIKIT,0.6523809523809524,0.3566666666666667,1.12,0.5492614379084967,75
cross_project,0.25,static_lr,0.3,COMPASS,0.5360687587114923,0.7775226757369614,0.9142857142857143,0.4107951134078953,70
cross_project,0.25,static_lr,0.3,CONFCLOUD,0.5770472582972583,0.7301980198019802,0.48514851485148514,0.6030817367451031,101
cross_project,0.25,static_lr,0.3,CONFSERVER,0.5922134988667246,0.752883506343714,0.36678200692041524,0.5817688655058897,289
cross_project,0.25,static_lr,0.3,DM,0.4506284487359907,0.6580000053958387,2.0972222222222223,0.38387039999302486,288
cross_project,0.25,static_lr,0.3,INDY,0.38537790449416154,0.5127756437615593,1.7746478873239437,0.3618981179275703,71
cross_project,0.25,static_lr,0.3,IS,0.4977790895972714,0.5307692307692308,1.4153846153846155,0.4004955169171492,65
cross_project,0.25,static_lr,0.3,MESOS,0.48379682739822744,0.6909366128085993,1.0901639344262295,0.4196023018097482,122
cross_project,0.25,static_lr,0.3,MULE,0.5201910173160174,0.3135790611257901,2.060747663551402,0.4776530496600228,214
cross_project,0.25,static_lr,0.3,NEXUS,0.6522135416666667,0.4137426900584795,1.4210526315789473,0.515021592442645,95
cross_project,0.25,static_lr,0.3,TIDOC,0.6034500332119379,0.623248407643312,0.8343949044585988,0.5043294706417598,157
cross_project,0.25,static_lr,0.3,TIMOB,0.572130337684781,0.5858105903758077,1.2608695652173914,0.44528623129792894,230
cross_project,0.25,static_lr,0.3,TISTUD,0.583173076923077,0.5671068427370948,1.3277310924369747,0.4283944128130521,119
cross_project,0.25,static_lr,0.3,XD,0.45006626515247206,0.2918201537519719,4.5606060606060606,0.3447434340992991,66
cross_project,0.5,business_rule,0.1,APIKIT,0.5337301587301587,0.4066666666666667,0.6,0.45234640522875813,75
cross_project,0.5,business_rule,0.1,COMPASS,0.35723671513031374,0.8559523809523809,0.2571428571428571,0.24753082756842154,70
cross_project,0.5,business_rule,0.1,CONFCLOUD,0.4786751443001443,0.7623762376237624,0.24752475247524752,0.5138385267098138,101
cross_project,0.5,business_rule,0.1,CONFSERVER,0.5157480064738129,0.7941176470588235,0.20761245674740483,0.4977224620823237,289
cross_project,0.5,business_rule,0.1,DM,0.244501716580594,0.7291666666666666,0.6006944444444444,0.19946360069598443,288
cross_project,0.5,business_rule,0.1,INDY,0.28199334796688297,0.715962441314554,0.4647887323943662,0.16894518745898204,71
cross_project,0.5,business_rule,0.1,IS,0.29679194542830906,0.5987179487179487,0.5846153846153846,0.2331657067025719,65
cross_project,0.5,business_rule,0.1,MESOS,0.35928032864085907,0.7711748633879781,0.38524590163934425,0.27882465851577903,122
cross_project,0.5,business_rule,0.1,MULE,0.4641851250601251,0.4558411214953271,0.7757009345794392,0.3383020948042111,214
cross_project,0.5,business_rule,0.1,NEXUS,0.5678385416666667,0.5350877192982456,0.5473684210526316,0.3814861512756249,95
cross_project,0.5,business_rule,0.1,TIDOC,0.4054708078517602,0.5902335456475584,0.46496815286624205,0.3815702926605887,157
cross_project,0.5,business_rule,0.1,TIMOB,0.3144158253364148,0.5900621118012422,0.5695652173913044,0.291715914622626,230
cross_project,0.5,business_rule,0.1,TISTUD,0.3915293040293041,0.5882352941176471,0.5798319327731093,0.28415217379671354,119
cross_project,0.5,business_rule,0.1,XD,0.3100508208266829,0.45126262626262625,1.4090909090909092,0.15219220644536344,66
cross_project,0.5,business_rule,0.2,APIKIT,0.6416666666666666,0.4111111111111111,0.7466666666666667,0.4891372549019608,75
cross_project,0.5,business_rule,0.2,COMPASS,0.473466561312582,0.8567687074829932,0.42857142857142855,0.32199721957240757,70
cross_project,0.5,business_rule,0.2,CONFCLOUD,0.5075081168831169,0.7623762376237624,0.31683168316831684,0.5373380195162374,101
cross_project,0.5,business_rule,0.2,CONFSERVER,0.5577121914823527,0.78719723183391,0.2422145328719723,0.524924441187417,289
cross_project,0.5,business_rule,0.2,DM,0.37642346850982095,0.7518697641093475,0.9583333333333334,0.28383846450126293,288
cross_project,0.5,business_rule,0.2,INDY,0.39784205152825186,0.7034540576794098,0.8169014084507042,0.2503246819801083,71
cross_project,0.5,business_rule,0.2,IS,0.399315886134068,0.5666666666666667,0.9692307692307692,0.31244240386396027,65
cross_project,0.5,business_rule,0.2,MESOS,0.42157112594946505,0.750068601707946,0.680327868852459,0.3319947738137535,122
cross_project,0.5,business_rule,0.2,MULE,0.5667539682539682,0.43138258418632247,1.2149532710280373,0.392545869414189,214
cross_project,0.5,business_rule,0.2,NEXUS,0.68203125,0.5084210526315789,0.7789473684210526,0.42726013752329545,95
cross_project,0.5,business_rule,0.2,TIDOC,0.46111798254655395,0.5789808917197452,0.6815286624203821,0.4288897512295789,157
cross_project,0.5,business_rule,0.2,TIMOB,0.4430289635439746,0.6105716143759622,0.808695652173913,0.3558327680128805,230
cross_project,0.5,business_rule,0.2,TISTUD,0.5067078754578754,0.5858543417366947,0.907563025210084,0.34608871947535097,119
cross_project,0.5,business_rule,0.2,XD,0.5213868506971955,0.4446488696488696,2.5454545454545454,0.24087710080661182,66
cross_project,0.5,business_rule,0.3,APIKIT,0.7615079365079366,0.4111111111111111,0.9733333333333334,0.5492614379084967,75
cross_project,0.5,business_rule,0.3,COMPASS,0.5793354593311341,0.8263548752834466,0.6857142857142857,0.4107951134078953,70
cross_project,0.5,business_rule,0.3,CONFCLOUD,0.6184433621933622,0.7772277227722773,0.36633663366336633,0.6030817367451031,101
cross_project,0.5,business_rule,0.3,CONFSERVER,0.6381748403925823,0.7857554786620531,0.29411764705882354,0.5817688655058897,289
cross_project,0.5,business_rule,0.3,DM,0.5326999147240282,0.7687519656269656,1.3055555555555556,0.38387039999302486,288
cross_project,0.5,business_rule,0.3,INDY,0.5787597239629375,0.7013561164969616,1.1690140845070423,0.3618981179275703,71
cross_project,0.5,business_rule,0.3,IS,0.4803902662993572,0.5414529914529914,1.4307692307692308,0.4004955169171492,65
cross_project,0.5,business_rule,0.3,MESOS,0.5401597561319745,0.7515184944970384,0.9262295081967213,0.4196023018097482,122
cross_project,0.5,business_rule,0.3,MULE,0.7206955868205868,0.41869890234376217,1.7289719626168225,0.4776530496600228,214
cross_project,0.5,business_rule,0.3,NEXUS,0.770703125,0.48269005847953217,1.1894736842105262,0.515021592442645,95
cross_project,0.5,business_rule,0.3,TIDOC,0.5829628484390389,0.5997346072186837,0.8598726114649682,0.5043294706417598,157
cross_project,0.5,business_rule,0.3,TIMOB,0.6071566011201832,0.6227297340340819,1.0956521739130434,0.44528623129792894,230
cross_project,0.5,business_rule,0.3,TISTUD,0.6221153846153846,0.5704181672669068,1.3025210084033614,0.4283944128130521,119
cross_project,0.5,business_rule,0.3,XD,0.6469271150305633,0.38949987302260025,3.909090909090909,0.3447434340992991,66
cross_project,0.5,dynamic_catboost,0.1,APIKIT,0.5880952380952381,0.46,0.56,0.45234640522875813,75
cross_project,0.5,dynamic_catboost,0.1,COMPASS,0.36253067146233237,0.9047619047619048,0.14285714285714285,0.24753082756842154,70
cross_project,0.5,dynamic_catboost,0.1,CONFCLOUD,0.5056637806637807,0.7871287128712872,0.22772277227722773,0.5138385267098138,101
cross_project,0.5,dynamic_catboost,0.1,CONFSERVER,0.5346100136422717,0.828719723183391,0.17301038062283736,0.4977224620823237,289
cross_project,0.5,dynamic_catboost,0.1,DM,0.27881787640174494,0.8380208333333333,0.3541666666666667,0.19946360069598443,288
cross_project,0.5,dynamic_catboost,0.1,INDY,0.23232242010597395,0.6842723004694836,0.4084507042253521,0.16894518745898204,71
cross_project,0.5,dynamic_catboost,0.1,IS,0.3244765840220386,0.6384615384615384,0.4307692307692308,0.2331657067025719,65
cross_project,0.5,dynamic_catboost,0.1,MESOS,0.3712889348308127,0.8397540983606557,0.2540983606557377,0.27882465851577903,122
cross_project,0.5,dynamic_catboost,0.1,MULE,0.4673728354978355,0.46658878504672896,0.7523364485981309,0.3383020948042111,214
cross_project,0.5,dynamic_catboost,0.1,NEXUS,0.6016927083333333,0.5491228070175438,0.5157894736842106,0.3814861512756249,95
cross_project,0.5,dynamic_catboost,0.1,TIDOC,0.49098066836162074,0.7303609341825903,0.2929936305732484,0.3815702926605887,157
cross_project,0.5,dynamic_catboost,0.1,TIMOB,0.4006327548910627,0.7347826086956522,0.3391304347826087,0.291715914622626,230
cross_project,0.5,dynamic_catboost,0.1,TISTUD,0.4709478021978022,0.6988795518207284,0.42016806722689076,0.28415217379671354,119
cross_project,0.5,dynamic_catboost,0.1,XD,0.3535023405713061,0.4941919191919192,1.2272727272727273,0.15219220644536344,66
cross_project,0.5,dynamic_catboost,0.2,APIKIT,0.7039682539682539,0.46888888888888886,0.6666666666666666,0.4891372549019608,75
cross_project,0.5,dynamic_catboost,0.2,COMPASS,0.48470479203610695,0.8827210884353741,0.34285714285714286,0.32199721957240757,70
cross_project,0.5,dynamic_catboost,0.2,CONFCLOUD,0.544345238095238,0.7887788778877888,0.2871287128712871,0.5373380195162374,101
cross_project,0.5,dynamic_catboost,0.2,CONFSERVER,0.578926349188446,0.8217993079584776,0.1972318339100346,0.524924441187417,289
cross_project,0.5,dynamic_catboost,0.2,DM,0.4188882499611966,0.8245797508818342,0.6631944444444444,0.28383846450126293,288
cross_project,0.5,dynamic_catboost,0.2,INDY,0.37974572861151307,0.6694500335345406,0.6901408450704225,0.2503246819801083,71
cross_project,0.5,dynamic_catboost,0.2,IS,0.45062967335694604,0.6038461538461538,0.7230769230769231,0.31244240386396027,65
cross_project,0.5,dynamic_catboost,0.2,MESOS,0.4518978974318162,0.8203271000402148,0.45081967213114754,0.3319947738137535,122
cross_project,0.5,dynamic_catboost,0.2,MULE,0.548407708032708,0.431771992286011,1.219626168224299,0.392545869414189,214
cross_project,0.5,dynamic_catboost,0.2,NEXUS,0.7216145833333333,0.5350877192982456,0.7368421052631579,0.42726013752329545,95
cross_project,0.5,dynamic_catboost,0.2,TIDOC,0.5684532398818113,0.6984076433121019,0.46496815286624205,0.4288897512295789,157
cross_project,0.5,dynamic_catboost,0.2,TIMOB,0.5287998366964434,0.7112577639751553,0.5217391304347826,0.3558327680128805,230
cross_project,0.5,dynamic_catboost,0.2,TISTUD,0.5768315018315018,0.6715686274509804,0.7310924369747899,0.34608871947535097,119
cross_project,0.5,dynamic_catboost,0.2,XD,0.5358012676978194,0.4625552057370239,2.3484848484848486,0.24087710080661182,66
cross_project,0.5,dynamic_catboost,0.3,APIKIT,0.8,0.4277777777777778,0.9333333333333333,0.5492614379084967,75
cross_project,0.5,dynamic_catboost,0.3,COMPASS,0.605531879212675,0.8541496598639456,0.5428571428571428,0.4107951134078953,70
cross_project,0.5,dynamic_catboost,0.3,CONFCLOUD,0.6368145743145743,0.7912541254125413,0.3465346534653465,0.6030817367451031,101
cross_project,0.5,dynamic_catboost,0.3,CONFSERVER,0.6617507492507493,0.8157439446366782,0.24567474048442905,0.5817688655058897,289
cross_project,0.5,dynamic_catboost,0.3,DM,0.5598407788916641,0.8012587046441213,1.1180555555555556,0.38387039999302486,288
cross_project,0.5,dynamic_catboost,0.3,INDY,0.5239895676332349,0.6476967867812938,1.1408450704225352,0.3618981179275703,71
cross_project,0.5,dynamic_catboost,0.3,IS,0.5452603961694871,0.5832478632478633,1.1846153846153846,0.4004955169171492,65
cross_project,0.5,dynamic_catboost,0.3,MESOS,0.570975105821814,0.7899205704292493,0.7377049180327869,0.4196023018097482,122
cross_project,0.5,dynamic_catboost,0.3,MULE,0.6816100288600289,0.40941772402052773,1.7710280373831775,0.4776530496600228,214
cross_project,0.5,dynamic_catboost,0.3,NEXUS,0.8279947916666667,0.5114619883040936,1.1473684210526316,0.515021592442645,95
cross_project,0.5,dynamic_catboost,0.3,TIDOC,0.6772028676790581,0.6845010615711252,0.6560509554140127,0.5043294706417598,157
cross_project,0.5,dynamic_catboost,0.3,TIMOB,0.6581147337806834,0.6740149464062508,0.8652173913043478,0.44528623129792894,230
cross_project,0.5,dynamic_catboost,0.3,TISTUD,0.7162774725274725,0.6508703481392556,1.0672268907563025,0.4283944128130521,119
cross_project,0.5,dynamic_catboost,0.3,XD,0.6641122766122767,0.4126089398816672,3.712121212121212,0.3447434340992991,66
cross_project,0.5,dynamic_no_cohort,0.1,APIKIT,0.584126984126984,0.4533333333333333,0.56,0.45234640522875813,75
cross_project,0.5,dynamic_no_cohort,0.1,COMPASS,0.3551777302858618,0.8904761904761905,0.15714285714285714,0.24753082756842154,70
cross_project,0.5,dynamic_no_cohort,0.1,CONFCLOUD,0.510872113997114,0.801980198019802,0.2079207920792079,0.5138385267098138,101
cross_project,0.5,dynamic_no_cohort,0.1,CONFSERVER,0.5315858200938846,0.8235294117647058,0.17993079584775087,0.4977224620823237,289
cross_project,0.5,dynamic_no_cohort,0.1,DM,0.27623275550180576,0.8364004629629629,0.3611111111111111,0.19946360069598443,288
cross_project,0.5,dynamic_no_cohort,0.1,INDY,0.23826816518215385,0.7018779342723005,0.38028169014084506,0.16894518745898204,71
cross_project,0.5,dynamic_no_cohort,0.1,IS,0.2828099173553719,0.6153846153846154,0.46153846153846156,0.2331657067025719,65
cross_project,0.5,dynamic_no_cohort,0.1,MESOS,0.3783968847135646,0.8401639344262295,0.2786885245901639,0.27882465851577903,122
cross_project,0.5,dynamic_no_cohort,0.1,MULE,0.46836489898989897,0.46074766355140184,0.7663551401869159,0.3383020948042111,214
cross_project,0.5,dynamic_no_cohort,0.1,NEXUS,0.5912760416666667,0.543859649122807,0.5157894736842106,0.3814861512756249,95
cross_project,0.5,dynamic_no_cohort,0.1,TIDOC,0.4817214091023615,0.7303609341825903,0.2929936305732484,0.3815702926605887,157
cross_project,0.5,dynamic_no_cohort,0.1,TIMOB,0.37680166044141156,0.7,0.3826086956521739,0.291715914622626,230
cross_project,0.5,dynamic_no_cohort,0.1,TISTUD,0.46373626373626375,0.6946778711484595,0.42016806722689076,0.28415217379671354,119
cross_project,0.5,dynamic_no_cohort,0.1,XD,0.36141770107287347,0.49797979797979797,1.2272727272727273,0.15219220644536344,66
cross_project,0.5,dynamic_no_cohort,0.2,APIKIT,0.6761904761904761,0.44888888888888884,0.7066666666666667,0.4891372549019608,75
cross_project,0.5,dynamic_no_cohort,0.2,COMPASS,0.4721513732326881,0.8679591836734695,0.34285714285714286,0.32199721957240757,70
cross_project,0.5,dynamic_no_cohort,0.2,CONFCLOUD,0.5504058441558441,0.8036303630363036,0.26732673267326734,0.5373380195162374,101
cross_project,0.5,dynamic_no_cohort,0.2,CONFSERVER,0.578926349188446,0.8200692041522492,0.1972318339100346,0.524924441187417,289
cross_project,0.5,dynamic_no_cohort,0.2,DM,0.41300125836333224,0.8189098324514991,0.6909722222222222,0.28383846450126293,288
cross_project,0.5,dynamic_no_cohort,0.2,INDY,0.38053539787944324,0.6624077800134138,0.7323943661971831,0.2503246819801083,71
cross_project,0.5,dynamic_no_cohort,0.2,IS,0.41547815820543094,0.5794871794871794,0.7692307692307693,0.31244240386396027,65
cross_project,0.5,dynamic_no_cohort,0.2,MESOS,0.4533084237241885,0.8212141910912403,0.48360655737704916,0.3319947738137535,122
cross_project,0.5,dynamic_no_cohort,0.2,MULE,0.5619784752284752,0.43589786381842455,1.2009345794392523,0.392545869414189,214
cross_project,0.5,dynamic_no_cohort,0.2,NEXUS,0.7294270833333333,0.5421052631578948,0.7157894736842105,0.42726013752329545,95
cross_project,0.5,dynamic_no_cohort,0.2,TIDOC,0.5552257266542981,0.6920382165605096,0.4840764331210191,0.4288897512295789,157
cross_project,0.5,dynamic_no_cohort,0.2,TIMOB,0.5096186668335309,0.6924171842650103,0.5521739130434783,0.3558327680128805,230
cross_project,0.5,dynamic_no_cohort,0.2,TISTUD,0.5688186813186813,0.6673669467787116,0.7310924369747899,0.34608871947535097,119
cross_project,0.5,dynamic_no_cohort,0.2,XD,0.5271731142420798,0.45633882111154833,2.3636363636363638,0.24087710080661182,66
cross_project,0.5,dynamic_no_cohort,0.3,APIKIT,0.792063492063492,0.4255555555555556,0.9466666666666667,0.5492614379084967,75
cross_project,0.5,dynamic_no_cohort,0.3,COMPASS,0.5875580230035248,0.8333163265306123,0.5571428571428572,0.4107951134078953,70
cross_project,0.5,dynamic_no_cohort,0.3,CONFCLOUD,0.6402236652236653,0.7912541254125413,0.3465346534653465,0.6030817367451031,101
cross_project,0.5,dynamic_no_cohort,0.3,CONFSERVER,0.6670886908790135,0.8197808535178777,0.2422145328719723,0.5817688655058897,289
cross_project,0.5,dynamic_no_cohort,0.3,DM,0.5546487257170243,0.7934806512931513,1.1736111111111112,0.38387039999302486,288
cross_project,0.5,dynamic_no_cohort,0.3,INDY,0.5321185159795746,0.6538000731662703,1.1830985915492958,0.3618981179275703,71
cross_project,0.5,dynamic_no_cohort,0.3,IS,0.5205129214220123,0.5645299145299145,1.2,0.4004955169171492,65
cross_project,0.5,dynamic_no_cohort,0.3,MESOS,0.5767259025408564,0.8016464356387211,0.7295081967213115,0.4196023018097482,122
cross_project,0.5,dynamic_no_cohort,0.3,MULE,0.6732628066378067,0.40602987355323805,1.7850467289719627,0.4776530496600228,214
cross_project,0.5,dynamic_no_cohort,0.3,NEXUS,0.8243489583333333,0.5070760233918129,1.1578947368421053,0.515021592442645,95
cross_project,0.5,dynamic_no_cohort,0.3,TIDOC,0.6668854073615978,0.681316348195329,0.6624203821656051,0.5043294706417598,157
cross_project,0.5,dynamic_no_cohort,0.3,TIMOB,0.6535588131250466,0.6700981868373173,0.8739130434782608,0.44528623129792894,230
cross_project,0.5,dynamic_no_cohort,0.3,TISTUD,0.7130723443223442,0.653391356542617,1.0588235294117647,0.4283944128130521,119
cross_project,0.5,dynamic_no_cohort,0.3,XD,0.6646996203030685,0.414436741709469,3.696969696969697,0.3447434340992991,66
cross_project,0.5,frequency,0.1,APIKIT,0.34206349206349207,0.26,0.76,0.45234640522875813,75
cross_project,0.5,frequency,0.1,COMPASS,0.2594414836413106,0.6630952380952381,0.6,0.24753082756842154,70
cross_project,0.5,frequency,0.1,CONFCLOUD,0.470247113997114,0.698019801980198,0.31683168316831684,0.5138385267098138,101
cross_project,0.5,frequency,0.1,CONFSERVER,0.4401783700170797,0.6885813148788927,0.3217993079584775,0.4977224620823237,289
cross_project,0.5,frequency,0.1,DM,0.18461737458271557,0.5392939814814814,1.0520833333333333,0.19946360069598443,288
cross_project,0.5,frequency,0.1,INDY,0.1445383180496602,0.42488262910798125,0.9014084507042254,0.16894518745898204,71
cross_project,0.5,frequency,0.1,IS,0.17256067165158073,0.4115384615384615,0.8461538461538461,0.2331657067025719,65
cross_project,0.5,frequency,0.1,MESOS,0.26207468857890787,0.6271857923497268,0.6311475409836066,0.27882465851577903,122
cross_project,0.5,frequency,0.1,MULE,0.259526936026936,0.2720404984423676,1.0373831775700935,0.3383020948042111,214
cross_project,0.5,frequency,0.1,NEXUS,0.300390625,0.30350877192982456,0.8315789473684211,0.3814861512756249,95
cross_project,0.5,frequency,0.1,TIDOC,0.3373491147300671,0.5254777070063694,0.5286624203821656,0.3815702926605887,157
cross_project,0.5,frequency,0.1,TIMOB,0.27023762832530485,0.5023291925465839,0.7913043478260869,0.291715914622626,230
cross_project,0.5,frequency,0.1,TISTUD,0.2440018315018315,0.4061624649859944,0.7815126050420168,0.28415217379671354,119
cross_project,0.5,frequency,0.1,XD,0.1177204978929117,0.21212121212121213,1.9545454545454546,0.15219220644536344,66
cross_project,0.5,frequency,0.2,APIKIT,0.44603174603174606,0.28777777777777774,0.9333333333333333,0.4891372549019608,75
cross_project,0.5,frequency,0.2,COMPASS,0.33082316328423594,0.6455442176870748,1.0285714285714285,0.32199721957240757,70
cross_project,0.5,frequency,0.2,CONFCLOUD,0.5169778138528138,0.7310231023102309,0.36633663366336633,0.5373380195162374,101
cross_project,0.5,frequency,0.2,CONFSERVER,0.46930173321302354,0.6943483275663206,0.39100346020761245,0.524924441187417,289
cross_project,0.5,frequency,0.2,DM,0.2763407629023413,0.5445436507936507,1.8541666666666667,0.28383846450126293,288
cross_project,0.5,frequency,0.2,INDY,0.22585686472737512,0.4412307176391683,1.5211267605633803,0.2503246819801083,71
cross_project,0.5,frequency,0.2,IS,0.2805601469237833,0.4294871794871795,1.2923076923076924,0.31244240386396027,65
cross_project,0.5,frequency,0.2,MESOS,0.32500418760912203,0.6260299127102406,0.9754098360655737,0.3319947738137535,122
cross_project,0.5,frequency,0.2,MULE,0.32070412457912456,0.2685209909508975,1.5794392523364487,0.392545869414189,214
cross_project,0.5,frequency,0.2,NEXUS,0.32890625,0.27964912280701754,1.2,0.42726013752329545,95
cross_project,0.5,frequency,0.2,TIDOC,0.4101760232712614,0.526963906581741,0.7452229299363057,0.4288897512295789,157
cross_project,0.5,frequency,0.2,TIMOB,0.3291226550082642,0.47120184163662426,1.3043478260869565,0.3558327680128805,230
cross_project,0.5,frequency,0.2,TISTUD,0.27912087912087913,0.3903361344537815,1.2521008403361344,0.34608871947535097,119
cross_project,0.5,frequency,0.2,XD,0.23889549148169836,0.2397432113341204,3.3181818181818183,0.24087710080661182,66
cross_project,0.5,frequency,0.3,APIKIT,0.49642857142857144,0.27444444444444444,1.2533333333333334,0.5492614379084967,75
cross_project,0.5,frequency,0.3,COMPASS,0.41081803144951934,0.637482993197279,1.542857142857143,0.4107951134078953,70
cross_project,0.5,frequency,0.3,CONFCLOUD,0.5859623015873016,0.7326732673267327,0.49504950495049505,0.6030817367451031,101
cross_project,0.5,frequency,0.3,CONFSERVER,0.5313888060863867,0.6905997693194925,0.49480968858131485,0.5817688655058897,289
cross_project,0.5,frequency,0.3,DM,0.38406868524314763,0.5558485206922706,2.732638888888889,0.38387039999302486,288
cross_project,0.5,frequency,0.3,INDY,0.3290962975272994,0.4318451110704632,2.1971830985915495,0.3618981179275703,71
cross_project,0.5,frequency,0.3,IS,0.37784599239144695,0.43,1.8153846153846154,0.4004955169171492,65
cross_project,0.5,frequency,0.3,MESOS,0.4110343305196589,0.6129266359377256,1.4918032786885247,0.4196023018097482,122
cross_project,0.5,frequency,0.3,MULE,0.4584261664261664,0.2864092423671863,2.182242990654206,0.4776530496600228,214
cross_project,0.5,frequency,0.3,NEXUS,0.4303385416666667,0.2899415204678363,1.6842105263157894,0.515021592442645,95
cross_project,0.5,frequency,0.3,TIDOC,0.4774634096062667,0.5223991507430997,1.0445859872611465,0.5043294706417598,157
cross_project,0.5,frequency,0.3,TIMOB,0.4195385430445843,0.45953549469853816,1.9260869565217391,0.44528623129792894,230
cross_project,0.5,frequency,0.3,TISTUD,0.36607142857142855,0.3818827531012405,1.7394957983193278,0.4283944128130521,119
cross_project,0.5,frequency,0.3,XD,0.33599475237406273,0.23758171542262452,4.848484848484849,0.3447434340992991,66
cross_project,0.5,static_catboost,0.1,APIKIT,0.4503968253968254,0.34,0.68,0.45234640522875813,75
cross_project,0.5,static_catboost,0.1,COMPASS,0.3201380030964806,0.7952380952380952,0.34285714285714286,0.24753082756842154,70
cross_project,0.5,static_catboost,0.1,CONFCLOUD,0.46731150793650794,0.7326732673267327,0.27722772277227725,0.5138385267098138,101
cross_project,0.5,static_catboost,0.1,CONFSERVER,0.4827954975132394,0.7508650519031141,0.25259515570934254,0.4977224620823237,289
cross_project,0.5,static_catboost,0.1,DM,0.25197956387108644,0.7484375000000001,0.6180555555555556,0.19946360069598443,288
cross_project,0.5,static_catboost,0.1,INDY,0.1705565692096883,0.5598591549295775,0.6056338028169014,0.16894518745898204,71
cross_project,0.5,static_catboost,0.1,IS,0.2494044339498885,0.5333333333333333,0.5846153846153846,0.2331657067025719,65
cross_project,0.5,static_catboost,0.1,MESOS,0.3181975261618539,0.7176229508196721,0.4344262295081967,0.27882465851577903,122
cross_project,0.5,static_catboost,0.1,MULE,0.31593843193843196,0.33699376947040494,0.9579439252336449,0.3383020948042111,214
cross_project,0.5,static_catboost,0.1,NEXUS,0.4524739583333333,0.4105263157894737,0.7157894736842105,0.3814861512756249,95
cross_project,0.5,static_catboost,0.1,TIDOC,0.41193682860349523,0.6157112526539279,0.4140127388535032,0.3815702926605887,157
cross_project,0.5,static_catboost,0.1,TIMOB,0.34157653650366676,0.6269151138716357,0.48695652173913045,0.291715914622626,230
cross_project,0.5,static_catboost,0.1,TISTUD,0.359478021978022,0.5630252100840336,0.5798319327731093,0.28415217379671354,119
cross_project,0.5,static_catboost,0.1,XD,0.21891633270943614,0.32373737373737377,1.6363636363636365,0.15219220644536344,66
cross_project,0.5,static_catboost,0.2,APIKIT,0.5027777777777778,0.3377777777777778,0.88,0.4891372549019608,75
cross_project,0.5,static_catboost,0.2,COMPASS,0.43372143523527606,0.7975850340136055,0.6285714285714286,0.32199721957240757,70
cross_project,0.5,static_catboost,0.2,CONFCLOUD,0.4960497835497835,0.7392739273927393,0.3564356435643564,0.5373380195162374,101
cross_project,0.5,static_catboost,0.2,CONFSERVER,0.520857032752194,0.7531718569780853,0.2975778546712803,0.524924441187417,289
cross_project,0.5,static_catboost,0.2,DM,0.3576739545574456,0.710605434303351,1.1944444444444444,0.28383846450126293,288
cross_project,0.5,static_catboost,0.2,INDY,0.28666385074702655,0.5249329309188464,1.1126760563380282,0.2503246819801083,71
cross_project,0.5,static_catboost,0.2,IS,0.36757772530499805,0.5269230769230769,0.9384615384615385,0.31244240386396027,65
cross_project,0.5,static_catboost,0.2,MESOS,0.38959321523309576,0.7109410853263312,0.7377049180327869,0.3319947738137535,122
cross_project,0.5,static_catboost,0.2,MULE,0.4238542568542568,0.3368862186619196,1.4345794392523366,0.392545869414189,214
cross_project,0.5,static_catboost,0.2,NEXUS,0.58359375,0.44105263157894736,0.9263157894736842,0.42726013752329545,95
cross_project,0.5,static_catboost,0.2,TIDOC,0.4924517281660139,0.6225053078556263,0.5796178343949044,0.4288897512295789,157
cross_project,0.5,static_catboost,0.2,TIMOB,0.44658685668579096,0.6100744545309762,0.782608695652174,0.3558327680128805,230
cross_project,0.5,static_catboost,0.2,TISTUD,0.46879578754578755,0.5648459383753501,0.907563025210084,0.34608871947535097,119
cross_project,0.5,static_catboost,0.2,XD,0.32865927176272003,0.3070537627355809,3.015151515151515,0.24087710080661182,66
cross_project,0.5,static_catboost,0.3,APIKIT,0.6226190476190476,0.34444444444444444,1.1466666666666667,0.5492614379084967,75
cross_project,0.5,static_catboost,0.3,COMPASS,0.5430949025023419,0.78609410430839,0.8714285714285714,0.4107951134078953,70
cross_project,0.5,static_catboost,0.3,CONFCLOUD,0.581416847041847,0.7376237623762376,0.46534653465346537,0.6030817367451031,101
cross_project,0.5,static_catboost,0.3,CONFSERVER,0.5877828153029766,0.7413494809688581,0.3806228373702422,0.5817688655058897,289
cross_project,0.5,static_catboost,0.3,DM,0.46991359701566754,0.6842199948970782,1.9236111111111112,0.38387039999302486,288
cross_project,0.5,static_catboost,0.3,INDY,0.43131623854686235,0.5536039469138061,1.619718309859155,0.3618981179275703,71
cross_project,0.5,static_catboost,0.3,IS,0.4621441689623508,0.5160683760683761,1.4307692307692308,0.4004955169171492,65
cross_project,0.5,static_catboost,0.3,MESOS,0.4897740008666336,0.685044706579181,1.139344262295082,0.4196023018097482,122
cross_project,0.5,static_catboost,0.3,MULE,0.523990860990861,0.3232793167372607,2.02803738317757,0.4776530496600228,214
cross_project,0.5,static_catboost,0.3,NEXUS,0.6631510416666666,0.41883040935672516,1.3894736842105264,0.515021592442645,95
cross_project,0.5,static_catboost,0.3,TIDOC,0.5918539132824847,0.6165605095541401,0.8343949044585988,0.5043294706417598,157
cross_project,0.5,static_catboost,0.3,TIMOB,0.5738783286019166,0.5928086768304159,1.2,0.44528623129792894,230
cross_project,0.5,static_catboost,0.3,TISTUD,0.5743589743589743,0.5517707082833134,1.3361344537815125,0.4283944128130521,119
cross_project,0.5,static_catboost,0.3,XD,0.4454612915819812,0.30504110788201694,4.484848484848484,0.3447434340992991,66
cross_project,0.5,static_lr,0.1,APIKIT,0.5337301587301587,0.3933333333333333,0.6266666666666667,0.45234640522875813,75
cross_project,0.5,static_lr,0.1,COMPASS,0.31068553947014155,0.7833333333333333,0.35714285714285715,0.24753082756842154,70
cross_project,0.5,static_lr,0.1,CONFCLOUD,0.4740349927849927,0.7277227722772277,0.2871287128712871,0.5138385267098138,101
cross_project,0.5,static_lr,0.1,CONFSERVER,0.4808465727820566,0.759515570934256,0.24567474048442905,0.4977224620823237,289
cross_project,0.5,static_lr,0.1,DM,0.24099696409921173,0.7347800925925926,0.6215277777777778,0.19946360069598443,288
cross_project,0.5,static_lr,0.1,INDY,0.16489262767618154,0.5434272300469484,0.6619718309859155,0.16894518745898204,71
cross_project,0.5,static_lr,0.1,IS,0.25773776728322184,0.5448717948717948,0.5846153846153846,0.2331657067025719,65
cross_project,0.5,static_lr,0.1,MESOS,0.32807437497675584,0.7476775956284153,0.4262295081967213,0.27882465851577903,122
cross_project,0.5,static_lr,0.1,MULE,0.3262888407888408,0.3279595015576324,0.9532710280373832,0.3383020948042111,214
cross_project,0.5,static_lr,0.1,NEXUS,0.4720052083333333,0.43157894736842106,0.6947368421052632,0.3814861512756249,95
cross_project,0.5,static_lr,0.1,TIDOC,0.43111672278338947,0.6507430997876859,0.3885350318471338,0.3815702926605887,157
cross_project,0.5,static_lr,0.1,TIMOB,0.33745038894290175,0.6185300207039337,0.5304347826086957,0.291715914622626,230
cross_project,0.5,static_lr,0.1,TISTUD,0.3600503663003663,0.5854341736694678,0.5798319327731093,0.28415217379671354,119
cross_project,0.5,static_lr,0.1,XD,0.21781523074626521,0.31111111111111106,1.6818181818181819,0.15219220644536344,66
cross_project,0.5,static_lr,0.2,APIKIT,0.5623015873015873,0.3711111111111111,0.8533333333333334,0.4891372549019608,75
cross_project,0.5,static_lr,0.2,COMPASS,0.4238232451900272,0.7852040816326531,0.6285714285714286,0.32199721957240757,70
cross_project,0.5,static_lr,0.2,CONFCLOUD,0.4966179653679653,0.7244224422442245,0.38613861386138615,0.5373380195162374,101
cross_project,0.5,static_lr,0.2,CONFSERVER,0.5166615642422094,0.7589388696655133,0.2906574394463668,0.524924441187417,289
cross_project,0.5,static_lr,0.2,DM,0.34197270881705305,0.6859333664021164,1.3090277777777777,0.28383846450126293,288
cross_project,0.5,static_lr,0.2,INDY,0.2709103479661135,0.5296948356807512,1.1690140845070423,0.2503246819801083,71
cross_project,0.5,static_lr,0.2,IS,0.3752328479601207,0.5352564102564102,0.9846153846153847,0.31244240386396027,65
cross_project,0.5,static_lr,0.2,MESOS,0.3962808901130499,0.7332931185390202,0.7213114754098361,0.3319947738137535,122
cross_project,0.5,static_lr,0.2,MULE,0.4221635401635402,0.3292278593680463,1.439252336448598,0.392545869414189,214
cross_project,0.5,static_lr,0.2,NEXUS,0.54453125,0.42666666666666664,0.9789473684210527,0.42726013752329545,95
cross_project,0.5,static_lr,0.2,TIDOC,0.502504638218924,0.6278131634819533,0.5859872611464968,0.4288897512295789,157
cross_project,0.5,static_lr,0.2,TIMOB,0.4597132711812568,0.6199243510113075,0.8173913043478261,0.3558327680128805,230
cross_project,0.5,static_lr,0.2,TISTUD,0.4589514652014652,0.5887955182072829,0.907563025210084,0.34608871947535097,119
cross_project,0.5,static_lr,0.2,XD,0.33168273297583645,0.2999289431107613,3.0454545454545454,0.24087710080661182,66
cross_project,0.5,static_lr,0.3,APIKIT,0.6523809523809524,0.3566666666666667,1.12,0.5492614379084967,75
cross_project,0.5,static_lr,0.3,COMPASS,0.5360687587114923,0.7775226757369614,0.9142857142857143,0.4107951134078953,70
cross_project,0.5,static_lr,0.3,CONFCLOUD,0.5770472582972583,0.7301980198019802,0.48514851485148514,0.6030817367451031,101
cross_project,0.5,static_lr,0.3,CONFSERVER,0.5922134988667246,0.752883506343714,0.36678200692041524,0.5817688655058897,289
cross_project,0.5,static_lr,0.3,DM,0.4506284487359907,0.6580000053958387,2.0972222222222223,0.38387039999302486,288
cross_project,0.5,static_lr,0.3,INDY,0.38537790449416154,0.5127756437615593,1.7746478873239437,0.3618981179275703,71
cross_project,0.5,static_lr,0.3,IS,0.4977790895972714,0.5307692307692308,1.4153846153846155,0.4004955169171492,65
cross_project,0.5,static_lr,0.3,MESOS,0.48379682739822744,0.6909366128085993,1.0901639344262295,0.4196023018097482,122
cross_project,0.5,static_lr,0.3,MULE,0.5201910173160174,0.3135790611257901,2.060747663551402,0.4776530496600228,214
cross_project,0.5,static_lr,0.3,NEXUS,0.6522135416666667,0.4137426900584795,1.4210526315789473,0.515021592442645,95
cross_project,0.5,static_lr,0.3,TIDOC,0.6034500332119379,0.623248407643312,0.8343949044585988,0.5043294706417598,157
cross_project,0.5,static_lr,0.3,TIMOB,0.572130337684781,0.5858105903758077,1.2608695652173914,0.44528623129792894,230
cross_project,0.5,static_lr,0.3,TISTUD,0.583173076923077,0.5671068427370948,1.3277310924369747,0.4283944128130521,119
cross_project,0.5,static_lr,0.3,XD,0.45006626515247206,0.2918201537519719,4.5606060606060606,0.3447434340992991,66
cross_project,0.75,business_rule,0.1,APIKIT,0.6138888888888888,0.48,0.52,0.45234640522875813,75
cross_project,0.75,business_rule,0.1,COMPASS,0.3583033772263876,0.8988095238095237,0.15714285714285714,0.24753082756842154,70
cross_project,0.75,business_rule,0.1,CONFCLOUD,0.5146599927849927,0.8217821782178217,0.18811881188118812,0.5138385267098138,101
cross_project,0.75,business_rule,0.1,CONFSERVER,0.5284832215275763,0.8114186851211073,0.19377162629757785,0.4977224620823237,289
cross_project,0.75,business_rule,0.1,DM,0.28610598500122697,0.8331018518518518,0.3541666666666667,0.19946360069598443,288
cross_project,0.75,business_rule,0.1,INDY,0.28913547420163677,0.7370892018779343,0.39436619718309857,0.16894518745898204,71
cross_project,0.75,business_rule,0.1,IS,0.29034172897809263,0.5987179487179487,0.5538461538461539,0.2331657067025719,65
cross_project,0.75,business_rule,0.1,MESOS,0.3729243206267234,0.8337431693989071,0.2540983606557377,0.27882465851577903,122
cross_project,0.75,business_rule,0.1,MULE,0.4990185786435786,0.48590342679127724,0.7102803738317757,0.3383020948042111,214
cross_project,0.75,business_rule,0.1,NEXUS,0.685546875,0.6192982456140351,0.42105263157894735,0.3814861512756249,95
cross_project,0.75,business_rule,0.1,TIDOC,0.44237556975652215,0.6698513800424629,0.35668789808917195,0.3815702926605887,157
cross_project,0.75,business_rule,0.1,TIMOB,0.38918169680459785,0.726552795031056,0.34347826086956523,0.291715914622626,230
cross_project,0.75,business_rule,0.1,TISTUD,0.46726190476190477,0.7240896358543418,0.40336134453781514,0.28415217379671354,119
cross_project,0.75,business_rule,0.1,XD,0.41304026433336777,0.5345959595959595,1.1363636363636365,0.15219220644536344,66
cross_project,0.75,business_rule,0.2,APIKIT,0.7337301587301587,0.4633333333333333,0.64,0.4891372549019608,75
cross_project,0.75,business_rule,0.2,COMPASS,0.4885531639640637,0.8897278911564626,0.2714285714285714,0.32199721957240757,70
cross_project,0.75,business_rule,0.2,CONFCLOUD,0.557129329004329,0.8217821782178217,0.22772277227722773,0.5373380195162374,101
cross_project,0.75,business_rule,0.2,CONFSERVER,0.5727995570737506,0.81199538638985,0.21453287197231835,0.524924441187417,289
cross_project,0.75,business_rule,0.2,DM,0.42635225360544177,0.8349661044973545,0.5972222222222222,0.28383846450126293,288
cross_project,0.75,business_rule,0.2,INDY,0.4269323382981228,0.7316398390342052,0.6619718309859155,0.2503246819801083,71
cross_project,0.75,business_rule,0.2,IS,0.45615571297389484,0.6179487179487179,0.7846153846153846,0.31244240386396027,65
cross_project,0.75,business_rule,0.2,MESOS,0.45213518525883245,0.8218460956165875,0.4426229508196721,0.3319947738137535,122
cross_project,0.75,business_rule,0.2,MULE,0.6673584656084656,0.49171858774662514,1.0467289719626167,0.392545869414189,214
cross_project,0.75,business_rule,0.2,NEXUS,0.7901041666666666,0.5803508771929825,0.6526315789473685,0.42726013752329545,95
cross_project,0.75,business_rule,0.2,TIDOC,0.5406153370439085,0.6654989384288748,0.4968152866242038,0.4288897512295789,157
cross_project,0.75,business_rule,0.2,TIMOB,0.5356952278842629,0.722548574613792,0.49130434782608695,0.3558327680128805,230
cross_project,0.75,business_rule,0.2,TISTUD,0.6072802197802198,0.707843137254902,0.6470588235294118,0.34608871947535097,119
cross_project,0.75,business_rule,0.2,XD,0.6158372757510688,0.49718888014342555,2.1515151515151514,0.24087710080661182,66
cross_project,0.75,business_rule,0.3,APIKIT,0.8218253968253968,0.4411111111111111,0.8933333333333333,0.5492614379084967,75
cross_project,0.75,business_rule,0.3,COMPASS,0.6161204472190631,0.8661507936507936,0.4142857142857143,0.4107951134078953,70
cross_project,0.75,business_rule,0.3,CONFCLOUD,0.6623827561327561,0.8184818481848185,0.2871287128712871,0.6030817367451031,101
cross_project,0.75,business_rule,0.3,CONFSERVER,0.6525277589793719,0.8059400230680507,0.2629757785467128,0.5817688655058897,289
cross_project,0.75,business_rule,0.3,DM,0.5874316638924615,0.8349907422824089,0.8645833333333334,0.38387039999302486,288
cross_project,0.75,business_rule,0.3,INDY,0.5928838979406088,0.7151235697010344,0.9859154929577465,0.3618981179275703,71
cross_project,0.75,business_rule,0.3,IS,0.5292712842712842,0.5722649572649573,1.2769230769230768,0.4004955169171492,65
cross_project,0.75,business_rule,0.3,MESOS,0.5851823312231816,0.8134096255721135,0.5655737704918032,0.4196023018097482,122
cross_project,0.75,business_rule,0.3,MULE,0.8108743987493987,0.4626346913730091,1.5560747663551402,0.4776530496600228,214
cross_project,0.75,business_rule,0.3,NEXUS,0.8787760416666667,0.5345614035087719,1.0736842105263158,0.515021592442645,95
cross_project,0.75,business_rule,0.3,TIDOC,0.6512168166930071,0.6603503184713375,0.6815286624203821,0.5043294706417598,157
cross_project,0.75,business_rule,0.3,TIMOB,0.7118058519279941,0.7121652864044169,0.7217391304347827,0.44528623129792894,230
cross_project,0.75,business_rule,0.3,TISTUD,0.7697344322344323,0.6867446978791517,0.9411764705882353,0.4283944128130521,119
cross_project,0.75,business_rule,0.3,XD,0.7487992371613061,0.44916798269070995,3.4545454545454546,0.3447434340992991,66
cross_project,0.75,dynamic_catboost,0.1,APIKIT,0.6476190476190476,0.5133333333333333,0.49333333333333335,0.45234640522875813,75
cross_project,0.75,dynamic_catboost,0.1,COMPASS,0.3736292134432273,0.9357142857142857,0.08571428571428572,0.24753082756842154,70
cross_project,0.75,dynamic_catboost,0.1,CONFCLOUD,0.523088023088023,0.8267326732673267,0.18811881188118812,0.5138385267098138,101
cross_project,0.75,dynamic_catboost,0.1,CONFSERVER,0.5473788308465728,0.8408304498269896,0.16262975778546712,0.4977224620823237,289
cross_project,0.75,dynamic_catboost,0.1,DM,0.3032776134422891,0.8960648148148148,0.2222222222222222,0.19946360069598443,288
cross_project,0.75,dynamic_catboost,0.1,INDY,0.3084093766277131,0.8039906103286385,0.28169014084507044,0.16894518745898204,71
cross_project,0.75,dynamic_catboost,0.1,IS,0.3387190082644628,0.6692307692307692,0.38461538461538464,0.2331657067025719,65
cross_project,0.75,dynamic_catboost,0.1,MESOS,0.39048083722019994,0.8628415300546448,0.21311475409836064,0.27882465851577903,122
cross_project,0.75,dynamic_catboost,0.1,MULE,0.5572828884078884,0.5402647975077881,0.6261682242990654,0.3383020948042111,214
cross_project,0.75,dynamic_catboost,0.1,NEXUS,0.6842447916666666,0.6192982456140351,0.42105263157894735,0.3814861512756249,95
cross_project,0.75,dynamic_catboost,0.1,TIDOC,0.5064568588378112,0.7590233545647559,0.25477707006369427,0.3815702926605887,157
cross_project,0.75,dynamic_catboost,0.1,TIMOB,0.42386372848589315,0.7663043478260869,0.26521739130434785,0.291715914622626,230
cross_project,0.75,dynamic_catboost,0.1,TISTUD,0.5297619047619048,0.788515406162465,0.29411764705882354,0.28415217379671354,119
cross_project,0.75,dynamic_catboost,0.1,XD,0.49191230225712984,0.6179292929292929,0.9393939393939394,0.15219220644536344,66
cross_project,0.75,dynamic_catboost,0.2,APIKIT,0.7932539682539682,0.5033333333333333,0.6,0.4891372549019608,75
cross_project,0.75,dynamic_catboost,0.2,COMPASS,0.5040832485469163,0.922482993197279,0.18571428571428572,0.32199721957240757,70
cross_project,0.75,dynamic_catboost,0.2,CONFCLOUD,0.5702922077922078,0.8283828382838284,0.22772277227722773,0.5373380195162374,101
cross_project,0.75,dynamic_catboost,0.2,CONFSERVER,0.5940473169303815,0.8408304498269896,0.17647058823529413,0.524924441187417,289
cross_project,0.75,dynamic_catboost,0.2,DM,0.4530849122010783,0.885142471340388,0.4236111111111111,0.28383846450126293,288
cross_project,0.75,dynamic_catboost,0.2,INDY,0.4746675137506895,0.7729879275653924,0.49295774647887325,0.2503246819801083,71
cross_project,0.75,dynamic_catboost,0.2,IS,0.4810842188114915,0.65,0.6307692307692307,0.31244240386396027,65
cross_project,0.75,dynamic_catboost,0.2,MESOS,0.47689957510000525,0.8508992146287229,0.32786885245901637,0.3319947738137535,122
cross_project,0.75,dynamic_catboost,0.2,MULE,0.6921663059163059,0.5098835484349503,1.0046728971962617,0.392545869414189,214
cross_project,0.75,dynamic_catboost,0.2,NEXUS,0.7901041666666667,0.5771929824561404,0.6526315789473685,0.42726013752329545,95
cross_project,0.75,dynamic_catboost,0.2,TIDOC,0.5971569435855151,0.7286624203821657,0.4012738853503185,0.4288897512295789,157
cross_project,0.75,dynamic_catboost,0.2,TIMOB,0.5617700308779778,0.7459316770186335,0.41739130434782606,0.3558327680128805,230
cross_project,0.75,dynamic_catboost,0.2,TISTUD,0.658562271062271,0.7389355742296919,0.5630252100840336,0.34608871947535097,119
cross_project,0.75,dynamic_catboost,0.2,XD,0.6517221762911418,0.5351217805763261,2.015151515151515,0.24087710080661182,66
cross_project,0.75,dynamic_catboost,0.3,APIKIT,0.8515873015873016,0.45,0.88,0.5492614379084967,75
cross_project,0.75,dynamic_catboost,0.3,COMPASS,0.624420139645053,0.8821031746031746,0.38571428571428573,0.4107951134078953,70
cross_project,0.75,dynamic_catboost,0.3,CONFCLOUD,0.6642766955266955,0.8193069306930693,0.2871287128712871,0.6030817367451031,101
cross_project,0.75,dynamic_catboost,0.3,CONFSERVER,0.6736459105410718,0.8313148788927336,0.2179930795847751,0.5817688655058897,289
cross_project,0.75,dynamic_catboost,0.3,DM,0.6034492739072885,0.8572217327425661,0.7708333333333334,0.38387039999302486,288
cross_project,0.75,dynamic_catboost,0.3,INDY,0.6380941224986593,0.743790520903197,0.8309859154929577,0.3618981179275703,71
cross_project,0.75,dynamic_catboost,0.3,IS,0.5751521710612619,0.606923076923077,1.0461538461538462,0.4004955169171492,65
cross_project,0.75,dynamic_catboost,0.3,MESOS,0.6006744622462177,0.8282339519743088,0.47540983606557374,0.4196023018097482,122
cross_project,0.75,dynamic_catboost,0.3,MULE,0.8186305315055314,0.47117385470189205,1.5467289719626167,0.4776530496600228,214
cross_project,0.75,dynamic_catboost,0.3,NEXUS,0.8756510416666666,0.5310526315789474,1.0842105263157895,0.515021592442645,95
cross_project,0.75,dynamic_catboost,0.3,TIDOC,0.7059065713827618,0.7107749469214437,0.5859872611464968,0.5043294706417598,157
cross_project,0.75,dynamic_catboost,0.3,TIMOB,0.7157161403602873,0.7128053830227743,0.6869565217391305,0.44528623129792894,230
cross_project,0.75,dynamic_catboost,0.3,TISTUD,0.7873626373626373,0.700750300120048,0.8991596638655462,0.4283944128130521,119
cross_project,0.75,dynamic_catboost,0.3,XD,0.7681885164643786,0.46634571236843964,3.3636363636363638,0.3447434340992991,66
cross_project,0.75,dynamic_no_cohort,0.1,APIKIT,0.6476190476190476,0.5133333333333333,0.49333333333333335,0.45234640522875813,75
cross_project,0.75,dynamic_no_cohort,0.1,COMPASS,0.3736292134432273,0.9357142857142857,0.08571428571428572,0.24753082756842154,70
cross_project,0.75,dynamic_no_cohort,0.1,CONFCLOUD,0.5193948412698413,0.8118811881188119,0.19801980198019803,0.5138385267098138,101
cross_project,0.75,dynamic_no_cohort,0.1,CONFSERVER,0.5473788308465728,0.8408304498269896,0.16262975778546712,0.4977224620823237,289
cross_project,0.75,dynamic_no_cohort,0.1,DM,0.29806045461502195,0.8789351851851852,0.2708333333333333,0.19946360069598443,288
cross_project,0.75,dynamic_no_cohort,0.1,INDY,0.2963320819417228,0.7828638497652582,0.29577464788732394,0.16894518745898204,71
cross_project,0.75,dynamic_no_cohort,0.1,IS,0.34417355371900826,0.6615384615384615,0.4,0.2331657067025719,65
cross_project,0.75,dynamic_no_cohort,0.1,MESOS,0.3915365739070498,0.8662568306010929,0.20491803278688525,0.27882465851577903,122
cross_project,0.75,dynamic_no_cohort,0.1,MULE,0.544838443963444,0.5293613707165109,0.6448598130841121,0.3383020948042111,214
cross_project,0.75,dynamic_no_cohort,0.1,NEXUS,0.6803385416666666,0.6140350877192983,0.43157894736842106,0.3814861512756249,95
cross_project,0.75,dynamic_no_cohort,0.1,TIDOC,0.5128060651870175,0.7622080679405521,0.25477707006369427,0.3815702926605887,157
cross_project,0.75,dynamic_no_cohort,0.1,TIMOB,0.4275149312350341,0.7706521739130435,0.26521739130434785,0.291715914622626,230
cross_project,0.75,dynamic_no_cohort,0.1,TISTUD,0.5297619047619048,0.788515406162465,0.29411764705882354,0.28415217379671354,119
cross_project,0.75,dynamic_no_cohort,0.1,XD,0.4884291953257471,0.6103535353535353,0.9696969696969697,0.15219220644536344,66
cross_project,0.75,dynamic_no_cohort,0.2,APIKIT,0.8051587301587301,0.51,0.5866666666666667,0.4891372549019608,75
cross_project,0.75,dynamic_no_cohort,0.2,COMPASS,0.49979403286064183,0.9141496598639455,0.21428571428571427,0.32199721957240757,70
cross_project,0.75,dynamic_no_cohort,0.2,CONFCLOUD,0.5702922077922078,0.8283828382838284,0.22772277227722773,0.5373380195162374,101
cross_project,0.75,dynamic_no_cohort,0.2,CONFSERVER,0.5940473169303815,0.8408304498269896,0.17647058823529413,0.524924441187417,289
cross_project,0.75,dynamic_no_cohort,0.2,DM,0.45055755318497,0.8754161155202822,0.46875,0.28383846450126293,288
cross_project,0.75,dynamic_no_cohort,0.2,INDY,0.47794563659402983,0.7802481556002683,0.4647887323943662,0.2503246819801083,71
cross_project,0.75,dynamic_no_cohort,0.2,IS,0.47229634002361276,0.6294871794871795,0.6923076923076923,0.31244240386396027,65
cross_project,0.75,dynamic_no_cohort,0.2,MESOS,0.48245891251774975,0.857729815721619,0.319672131147541,0.3319947738137535,122
cross_project,0.75,dynamic_no_cohort,0.2,MULE,0.6833885281385281,0.5055221777184394,1.0093457943925233,0.392545869414189,214
cross_project,0.75,dynamic_no_cohort,0.2,NEXUS,0.7901041666666667,0.5771929824561404,0.6526315789473685,0.42726013752329545,95
cross_project,0.75,dynamic_no_cohort,0.2,TIDOC,0.5958341922627637,0.729723991507431,0.4012738853503185,0.4288897512295789,157
cross_project,0.75,dynamic_no_cohort,0.2,TIMOB,0.5633102861553465,0.7459316770186335,0.4217391304347826,0.3558327680128805,230
cross_project,0.75,dynamic_no_cohort,0.2,TISTUD,0.657760989010989,0.7400560224089635,0.5630252100840336,0.34608871947535097,119
cross_project,0.75,dynamic_no_cohort,0.2,XD,0.6235811602190913,0.5234875814421269,2.0757575757575757,0.24087710080661182,66
cross_project,0.75,dynamic_no_cohort,0.3,APIKIT,0.8634920634920634,0.45666666666666667,0.8666666666666667,0.5492614379084967,75
cross_project,0.75,dynamic_no_cohort,0.3,COMPASS,0.624420139645053,0.8821031746031746,0.38571428571428573,0.4107951134078953,70
cross_project,0.75,dynamic_no_cohort,0.3,CONFCLOUD,0.6642766955266955,0.8193069306930693,0.2871287128712871,0.6030817367451031,101
cross_project,0.75,dynamic_no_cohort,0.3,CONFSERVER,0.6723018245195665,0.8295847750865052,0.22145328719723184,0.5817688655058897,289
cross_project,0.75,dynamic_no_cohort,0.3,DM,0.6003498036438222,0.851309184642518,0.8159722222222222,0.38387039999302486,288
cross_project,0.75,dynamic_no_cohort,0.3,INDY,0.6349089019221344,0.748228258439526,0.8309859154929577,0.3618981179275703,71
cross_project,0.75,dynamic_no_cohort,0.3,IS,0.5708375967466877,0.6052136752136752,1.1076923076923078,0.4004955169171492,65
cross_project,0.75,dynamic_no_cohort,0.3,MESOS,0.6127336911196058,0.8393848604251207,0.45081967213114754,0.4196023018097482,122
cross_project,0.75,dynamic_no_cohort,0.3,MULE,0.8048606902356902,0.4633951329044787,1.5560747663551402,0.4776530496600228,214
cross_project,0.75,dynamic_no_cohort,0.3,NEXUS,0.8678385416666666,0.5257894736842106,1.0947368421052632,0.515021592442645,95
cross_project,0.75,dynamic_no_cohort,0.3,TIDOC,0.7006155660917566,0.707855626326964,0.5987261146496815,0.5043294706417598,157
cross_project,0.75,dynamic_no_cohort,0.3,TIMOB,0.7152816194728945,0.714296066252588,0.691304347826087,0.44528623129792894,230
cross_project,0.75,dynamic_no_cohort,0.3,TISTUD,0.7865613553113554,0.7000500200080032,0.8991596638655462,0.4283944128130521,119
cross_project,0.75,dynamic_no_cohort,0.3,XD,0.7581310452000107,0.4618002578229851,3.393939393939394,0.3447434340992991,66
cross_project,0.75,frequency,0.1,APIKIT,0.34206349206349207,0.26,0.76,0.45234640522875813,75
cross_project,0.75,frequency,0.1,COMPASS,0.2594414836413106,0.6630952380952381,0.6,0.24753082756842154,70
cross_project,0.75,frequency,0.1,CONFCLOUD,0.470247113997114,0.698019801980198,0.31683168316831684,0.5138385267098138,101
cross_project,0.75,frequency,0.1,CONFSERVER,0.4401783700170797,0.6885813148788927,0.3217993079584775,0.4977224620823237,289
cross_project,0.75,frequency,0.1,DM,0.18461737458271557,0.5392939814814814,1.0520833333333333,0.19946360069598443,288
cross_project,0.75,frequency,0.1,INDY,0.1445383180496602,0.42488262910798125,0.9014084507042254,0.16894518745898204,71
cross_project,0.75,frequency,0.1,IS,0.17256067165158073,0.4115384615384615,0.8461538461538461,0.2331657067025719,65
cross_project,0.75,frequency,0.1,MESOS,0.26207468857890787,0.6271857923497268,0.6311475409836066,0.27882465851577903,122
cross_project,0.75,frequency,0.1,MULE,0.259526936026936,0.2720404984423676,1.0373831775700935,0.3383020948042111,214
cross_project,0.75,frequency,0.1,NEXUS,0.300390625,0.30350877192982456,0.8315789473684211,0.3814861512756249,95
cross_project,0.75,frequency,0.1,TIDOC,0.3373491147300671,0.5254777070063694,0.5286624203821656,0.3815702926605887,157
cross_project,0.75,frequency,0.1,TIMOB,0.27023762832530485,0.5023291925465839,0.7913043478260869,0.291715914622626,230
cross_project,0.75,frequency,0.1,TISTUD,0.2440018315018315,0.4061624649859944,0.7815126050420168,0.28415217379671354,119
cross_project,0.75,frequency,0.1,XD,0.1177204978929117,0.21212121212121213,1.9545454545454546,0.15219220644536344,66
cross_project,0.75,frequency,0.2,APIKIT,0.44603174603174606,0.28777777777777774,0.9333333333333333,0.4891372549019608,75
cross_project,0.75,frequency,0.2,COMPASS,0.33082316328423594,0.6455442176870748,1.0285714285714285,0.32199721957240757,70
cross_project,0.75,frequency,0.2,CONFCLOUD,0.5169778138528138,0.7310231023102309,0.36633663366336633,0.5373380195162374,101
cross_project,0.75,frequency,0.2,CONFSERVER,0.46930173321302354,0.6943483275663206,0.39100346020761245,0.524924441187417,289
cross_project,0.75,frequency,0.2,DM,0.2763407629023413,0.5445436507936507,1.8541666666666667,0.28383846450126293,288
cross_project,0.75,frequency,0.2,INDY,0.22585686472737512,0.4412307176391683,1.5211267605633803,0.2503246819801083,71
cross_project,0.75,frequency,0.2,IS,0.2805601469237833,0.4294871794871795,1.2923076923076924,0.31244240386396027,65
cross_project,0.75,frequency,0.2,MESOS,0.32500418760912203,0.6260299127102406,0.9754098360655737,0.3319947738137535,122
cross_project,0.75,frequency,0.2,MULE,0.32070412457912456,0.2685209909508975,1.5794392523364487,0.392545869414189,214
cross_project,0.75,frequency,0.2,NEXUS,0.32890625,0.27964912280701754,1.2,0.42726013752329545,95
cross_project,0.75,frequency,0.2,TIDOC,0.4101760232712614,0.526963906581741,0.7452229299363057,0.4288897512295789,157
cross_project,0.75,frequency,0.2,TIMOB,0.3291226550082642,0.47120184163662426,1.3043478260869565,0.3558327680128805,230
cross_project,0.75,frequency,0.2,TISTUD,0.27912087912087913,0.3903361344537815,1.2521008403361344,0.34608871947535097,119
cross_project,0.75,frequency,0.2,XD,0.23889549148169836,0.2397432113341204,3.3181818181818183,0.24087710080661182,66
cross_project,0.75,frequency,0.3,APIKIT,0.49642857142857144,0.27444444444444444,1.2533333333333334,0.5492614379084967,75
cross_project,0.75,frequency,0.3,COMPASS,0.41081803144951934,0.637482993197279,1.542857142857143,0.4107951134078953,70
cross_project,0.75,frequency,0.3,CONFCLOUD,0.5859623015873016,0.7326732673267327,0.49504950495049505,0.6030817367451031,101
cross_project,0.75,frequency,0.3,CONFSERVER,0.5313888060863867,0.6905997693194925,0.49480968858131485,0.5817688655058897,289
cross_project,0.75,frequency,0.3,DM,0.38406868524314763,0.5558485206922706,2.732638888888889,0.38387039999302486,288
cross_project,0.75,frequency,0.3,INDY,0.3290962975272994,0.4318451110704632,2.1971830985915495,0.3618981179275703,71
cross_project,0.75,frequency,0.3,IS,0.37784599239144695,0.43,1.8153846153846154,0.4004955169171492,65
cross_project,0.75,frequency,0.3,MESOS,0.4110343305196589,0.6129266359377256,1.4918032786885247,0.4196023018097482,122
cross_project,0.75,frequency,0.3,MULE,0.4584261664261664,0.2864092423671863,2.182242990654206,0.4776530496600228,214
cross_project,0.75,frequency,0.3,NEXUS,0.4303385416666667,0.2899415204678363,1.6842105263157894,0.515021592442645,95
cross_project,0.75,frequency,0.3,TIDOC,0.4774634096062667,0.5223991507430997,1.0445859872611465,0.5043294706417598,157
cross_project,0.75,frequency,0.3,TIMOB,0.4195385430445843,0.45953549469853816,1.9260869565217391,0.44528623129792894,230
cross_project,0.75,frequency,0.3,TISTUD,0.36607142857142855,0.3818827531012405,1.7394957983193278,0.4283944128130521,119
cross_project,0.75,frequency,0.3,XD,0.33599475237406273,0.23758171542262452,4.848484848484849,0.3447434340992991,66
cross_project,0.75,static_catboost,0.1,APIKIT,0.4503968253968254,0.34,0.68,0.45234640522875813,75
cross_project,0.75,static_catboost,0.1,COMPASS,0.3201380030964806,0.7952380952380952,0.34285714285714286,0.24753082756842154,70
cross_project,0.75,static_catboost,0.1,CONFCLOUD,0.46731150793650794,0.7326732673267327,0.27722772277227725,0.5138385267098138,101
cross_project,0.75,static_catboost,0.1,CONFSERVER,0.4827954975132394,0.7508650519031141,0.25259515570934254,0.4977224620823237,289
cross_project,0.75,static_catboost,0.1,DM,0.25197956387108644,0.7484375000000001,0.6180555555555556,0.19946360069598443,288
cross_project,0.75,static_catboost,0.1,INDY,0.1705565692096883,0.5598591549295775,0.6056338028169014,0.16894518745898204,71
cross_project,0.75,static_catboost,0.1,IS,0.2494044339498885,0.5333333333333333,0.5846153846153846,0.2331657067025719,65
cross_project,0.75,static_catboost,0.1,MESOS,0.3181975261618539,0.7176229508196721,0.4344262295081967,0.27882465851577903,122
cross_project,0.75,static_catboost,0.1,MULE,0.31593843193843196,0.33699376947040494,0.9579439252336449,0.3383020948042111,214
cross_project,0.75,static_catboost,0.1,NEXUS,0.4524739583333333,0.4105263157894737,0.7157894736842105,0.3814861512756249,95
cross_project,0.75,static_catboost,0.1,TIDOC,0.41193682860349523,0.6157112526539279,0.4140127388535032,0.3815702926605887,157
cross_project,0.75,static_catboost,0.1,TIMOB,0.34157653650366676,0.6269151138716357,0.48695652173913045,0.291715914622626,230
cross_project,0.75,static_catboost,0.1,TISTUD,0.359478021978022,0.5630252100840336,0.5798319327731093,0.28415217379671354,119
cross_project,0.75,static_catboost,0.1,XD,0.21891633270943614,0.32373737373737377,1.6363636363636365,0.15219220644536344,66
cross_project,0.75,static_catboost,0.2,APIKIT,0.5027777777777778,0.3377777777777778,0.88,0.4891372549019608,75
cross_project,0.75,static_catboost,0.2,COMPASS,0.43372143523527606,0.7975850340136055,0.6285714285714286,0.32199721957240757,70
cross_project,0.75,static_catboost,0.2,CONFCLOUD,0.4960497835497835,0.7392739273927393,0.3564356435643564,0.5373380195162374,101
cross_project,0.75,static_catboost,0.2,CONFSERVER,0.520857032752194,0.7531718569780853,0.2975778546712803,0.524924441187417,289
cross_project,0.75,static_catboost,0.2,DM,0.3576739545574456,0.710605434303351,1.1944444444444444,0.28383846450126293,288
cross_project,0.75,static_catboost,0.2,INDY,0.28666385074702655,0.5249329309188464,1.1126760563380282,0.2503246819801083,71
cross_project,0.75,static_catboost,0.2,IS,0.36757772530499805,0.5269230769230769,0.9384615384615385,0.31244240386396027,65
cross_project,0.75,static_catboost,0.2,MESOS,0.38959321523309576,0.7109410853263312,0.7377049180327869,0.3319947738137535,122
cross_project,0.75,static_catboost,0.2,MULE,0.4238542568542568,0.3368862186619196,1.4345794392523366,0.392545869414189,214
cross_project,0.75,static_catboost,0.2,NEXUS,0.58359375,0.44105263157894736,0.9263157894736842,0.42726013752329545,95
cross_project,0.75,static_catboost,0.2,TIDOC,0.4924517281660139,0.6225053078556263,0.5796178343949044,0.4288897512295789,157
cross_project,0.75,static_catboost,0.2,TIMOB,0.44658685668579096,0.6100744545309762,0.782608695652174,0.3558327680128805,230
cross_project,0.75,static_catboost,0.2,TISTUD,0.46879578754578755,0.5648459383753501,0.907563025210084,0.34608871947535097,119
cross_project,0.75,static_catboost,0.2,XD,0.32865927176272003,0.3070537627355809,3.015151515151515,0.24087710080661182,66
cross_project,0.75,static_catboost,0.3,APIKIT,0.6226190476190476,0.34444444444444444,1.1466666666666667,0.5492614379084967,75
cross_project,0.75,static_catboost,0.3,COMPASS,0.5430949025023419,0.78609410430839,0.8714285714285714,0.4107951134078953,70
cross_project,0.75,static_catboost,0.3,CONFCLOUD,0.581416847041847,0.7376237623762376,0.46534653465346537,0.6030817367451031,101
cross_project,0.75,static_catboost,0.3,CONFSERVER,0.5877828153029766,0.7413494809688581,0.3806228373702422,0.5817688655058897,289
cross_project,0.75,static_catboost,0.3,DM,0.46991359701566754,0.6842199948970782,1.9236111111111112,0.38387039999302486,288
cross_project,0.75,static_catboost,0.3,INDY,0.43131623854686235,0.5536039469138061,1.619718309859155,0.3618981179275703,71
cross_project,0.75,static_catboost,0.3,IS,0.4621441689623508,0.5160683760683761,1.4307692307692308,0.4004955169171492,65
cross_project,0.75,static_catboost,0.3,MESOS,0.4897740008666336,0.685044706579181,1.139344262295082,0.4196023018097482,122
cross_project,0.75,static_catboost,0.3,MULE,0.523990860990861,0.3232793167372607,2.02803738317757,0.4776530496600228,214
cross_project,0.75,static_catboost,0.3,NEXUS,0.6631510416666666,0.41883040935672516,1.3894736842105264,0.515021592442645,95
cross_project,0.75,static_catboost,0.3,TIDOC,0.5918539132824847,0.6165605095541401,0.8343949044585988,0.5043294706417598,157
cross_project,0.75,static_catboost,0.3,TIMOB,0.5738783286019166,0.5928086768304159,1.2,0.44528623129792894,230
cross_project,0.75,static_catboost,0.3,TISTUD,0.5743589743589743,0.5517707082833134,1.3361344537815125,0.4283944128130521,119
cross_project,0.75,static_catboost,0.3,XD,0.4454612915819812,0.30504110788201694,4.484848484848484,0.3447434340992991,66
cross_project,0.75,static_lr,0.1,APIKIT,0.5337301587301587,0.3933333333333333,0.6266666666666667,0.45234640522875813,75
cross_project,0.75,static_lr,0.1,COMPASS,0.31068553947014155,0.7833333333333333,0.35714285714285715,0.24753082756842154,70
cross_project,0.75,static_lr,0.1,CONFCLOUD,0.4740349927849927,0.7277227722772277,0.2871287128712871,0.5138385267098138,101
cross_project,0.75,static_lr,0.1,CONFSERVER,0.4808465727820566,0.759515570934256,0.24567474048442905,0.4977224620823237,289
cross_project,0.75,static_lr,0.1,DM,0.24099696409921173,0.7347800925925926,0.6215277777777778,0.19946360069598443,288
cross_project,0.75,static_lr,0.1,INDY,0.16489262767618154,0.5434272300469484,0.6619718309859155,0.16894518745898204,71
cross_project,0.75,static_lr,0.1,IS,0.25773776728322184,0.5448717948717948,0.5846153846153846,0.2331657067025719,65
cross_project,0.75,static_lr,0.1,MESOS,0.32807437497675584,0.7476775956284153,0.4262295081967213,0.27882465851577903,122
cross_project,0.75,static_lr,0.1,MULE,0.3262888407888408,0.3279595015576324,0.9532710280373832,0.3383020948042111,214
cross_project,0.75,static_lr,0.1,NEXUS,0.4720052083333333,0.43157894736842106,0.6947368421052632,0.3814861512756249,95
cross_project,0.75,static_lr,0.1,TIDOC,0.43111672278338947,0.6507430997876859,0.3885350318471338,0.3815702926605887,157
cross_project,0.75,static_lr,0.1,TIMOB,0.33745038894290175,0.6185300207039337,0.5304347826086957,0.291715914622626,230
cross_project,0.75,static_lr,0.1,TISTUD,0.3600503663003663,0.5854341736694678,0.5798319327731093,0.28415217379671354,119
cross_project,0.75,static_lr,0.1,XD,0.21781523074626521,0.31111111111111106,1.6818181818181819,0.15219220644536344,66
cross_project,0.75,static_lr,0.2,APIKIT,0.5623015873015873,0.3711111111111111,0.8533333333333334,0.4891372549019608,75
cross_project,0.75,static_lr,0.2,COMPASS,0.4238232451900272,0.7852040816326531,0.6285714285714286,0.32199721957240757,70
cross_project,0.75,static_lr,0.2,CONFCLOUD,0.4966179653679653,0.7244224422442245,0.38613861386138615,0.5373380195162374,101
cross_project,0.75,static_lr,0.2,CONFSERVER,0.5166615642422094,0.7589388696655133,0.2906574394463668,0.524924441187417,289
cross_project,0.75,static_lr,0.2,DM,0.34197270881705305,0.6859333664021164,1.3090277777777777,0.28383846450126293,288
cross_project,0.75,static_lr,0.2,INDY,0.2709103479661135,0.5296948356807512,1.1690140845070423,0.2503246819801083,71
cross_project,0.75,static_lr,0.2,IS,0.3752328479601207,0.5352564102564102,0.9846153846153847,0.31244240386396027,65
cross_project,0.75,static_lr,0.2,MESOS,0.3962808901130499,0.7332931185390202,0.7213114754098361,0.3319947738137535,122
cross_project,0.75,static_lr,0.2,MULE,0.4221635401635402,0.3292278593680463,1.439252336448598,0.392545869414189,214
cross_project,0.75,static_lr,0.2,NEXUS,0.54453125,0.42666666666666664,0.9789473684210527,0.42726013752329545,95
cross_project,0.75,static_lr,0.2,TIDOC,0.502504638218924,0.6278131634819533,0.5859872611464968,0.4288897512295789,157
cross_project,0.75,static_lr,0.2,TIMOB,0.4597132711812568,0.6199243510113075,0.8173913043478261,0.3558327680128805,230
cross_project,0.75,static_lr,0.2,TISTUD,0.4589514652014652,0.5887955182072829,0.907563025210084,0.34608871947535097,119
cross_project,0.75,static_lr,0.2,XD,0.33168273297583645,0.2999289431107613,3.0454545454545454,0.24087710080661182,66
cross_project,0.75,static_lr,0.3,APIKIT,0.6523809523809524,0.3566666666666667,1.12,0.5492614379084967,75
cross_project,0.75,static_lr,0.3,COMPASS,0.5360687587114923,0.7775226757369614,0.9142857142857143,0.4107951134078953,70
cross_project,0.75,static_lr,0.3,CONFCLOUD,0.5770472582972583,0.7301980198019802,0.48514851485148514,0.6030817367451031,101
cross_project,0.75,static_lr,0.3,CONFSERVER,0.5922134988667246,0.752883506343714,0.36678200692041524,0.5817688655058897,289
cross_project,0.75,static_lr,0.3,DM,0.4506284487359907,0.6580000053958387,2.0972222222222223,0.38387039999302486,288
cross_project,0.75,static_lr,0.3,INDY,0.38537790449416154,0.5127756437615593,1.7746478873239437,0.3618981179275703,71
cross_project,0.75,static_lr,0.3,IS,0.4977790895972714,0.5307692307692308,1.4153846153846155,0.4004955169171492,65
cross_project,0.75,static_lr,0.3,MESOS,0.48379682739822744,0.6909366128085993,1.0901639344262295,0.4196023018097482,122
cross_project,0.75,static_lr,0.3,MULE,0.5201910173160174,0.3135790611257901,2.060747663551402,0.4776530496600228,214
cross_project,0.75,static_lr,0.3,NEXUS,0.6522135416666667,0.4137426900584795,1.4210526315789473,0.515021592442645,95
cross_project,0.75,static_lr,0.3,TIDOC,0.6034500332119379,0.623248407643312,0.8343949044585988,0.5043294706417598,157
cross_project,0.75,static_lr,0.3,TIMOB,0.572130337684781,0.5858105903758077,1.2608695652173914,0.44528623129792894,230
cross_project,0.75,static_lr,0.3,TISTUD,0.583173076923077,0.5671068427370948,1.3277310924369747,0.4283944128130521,119
cross_project,0.75,static_lr,0.3,XD,0.45006626515247206,0.2918201537519719,4.5606060606060606,0.3447434340992991,66
temporal,0.0,business_rule,0.1,APIKIT,0.6111111111111112,0.4666666666666667,0.5333333333333333,0.6216666666666666,15
temporal,0.0,business_rule,0.1,COMPASS,0.44047619047619047,0.75,0.35714285714285715,0.28359358895073183,14
temporal,0.0,business_rule,0.1,CONFCLOUD,0.5263157894736842,0.8095238095238095,0.19047619047619047,0.577437641723356,21
temporal,0.0,business_rule,0.1,CONFSERVER,0.37392496392496394,0.7931034482758621,0.20689655172413793,0.41943200477683235,58
temporal,0.0,business_rule,0.1,DM,0.23008520660503673,0.6580459770114943,0.6724137931034483,0.25357204110417053,58
temporal,0.0,business_rule,0.1,INDY,0.28205128205128205,0.4,0.6,0.2369312169312169,15
temporal,0.0,business_rule,0.1,IS,0.2409090909090909,0.6538461538461539,0.38461538461538464,0.19805194805194806,13
temporal,0.0,business_rule,0.1,MESOS,0.29829984829984835,0.6,0.44,0.2685930735930736,25
temporal,0.0,business_rule,0.1,MULE,0.4805555555555555,0.37984496124031003,0.8372093023255814,0.42637183837594234,43
temporal,0.0,business_rule,0.1,NEXUS,0.6212121212121212,0.42105263157894735,0.5789473684210527,0.7894736842105263,19
temporal,0.0,business_rule,0.1,TIDOC,0.4803571428571428,0.71875,0.28125,0.4148809523809524,32
temporal,0.0,business_rule,0.1,TIMOB,0.19888409424706868,0.696687370600414,0.6956521739130435,0.21976308424725238,46
temporal,0.0,business_rule,0.1,TISTUD,0.3058823529411765,0.375,0.625,0.41011904761904755,24
temporal,0.0,business_rule,0.1,XD,0.3086111111111111,0.24642857142857144,1.7857142857142858,0.18045483965249298,14
temporal,0.0,business_rule,0.2,APIKIT,0.6111111111111112,0.43333333333333335,0.6666666666666666,0.6411111111111112,15
temporal,0.0,business_rule,0.2,COMPASS,0.49633699633699635,0.7261904761904762,0.5714285714285714,0.3273603380746238,14
temporal,0.0,business_rule,0.2,CONFCLOUD,0.5263157894736842,0.7857142857142857,0.23809523809523808,0.5842403628117914,21
temporal,0.0,business_rule,0.2,CONFSERVER,0.399018759018759,0.75,0.3275862068965517,0.4539632781012091,58
temporal,0.0,business_rule,0.2,DM,0.31976962152374233,0.6663587848932677,1.0689655172413792,0.32881262686353757,58
temporal,0.0,business_rule,0.2,INDY,0.42948717948717946,0.4666666666666667,0.6666666666666666,0.28719576719576717,15
temporal,0.0,business_rule,0.2,IS,0.31520979020979023,0.6410256410256411,0.6923076923076923,0.2852647352647353,13
temporal,0.0,business_rule,0.2,MESOS,0.4023236023236023,0.57,0.6,0.3163896103896104,25
temporal,0.0,business_rule,0.2,MULE,0.5277777777777778,0.3786821705426356,1.255813953488372,0.46898751043757886,43
temporal,0.0,business_rule,0.2,NEXUS,0.6666666666666666,0.4473684210526316,0.5789473684210527,0.7982456140350876,19
temporal,0.0,business_rule,0.2,TIDOC,0.4803571428571428,0.6875,0.375,0.42976190476190473,32
temporal,0.0,business_rule,0.2,TIMOB,0.3040313170307651,0.7216097308488613,1.0217391304347827,0.29508805280191874,46
temporal,0.0,business_rule,0.2,TISTUD,0.3764705882352941,0.375,0.7916666666666666,0.4507936507936508,24
temporal,0.0,business_rule,0.2,XD,0.3672222222222222,0.2538548752834467,3.0714285714285716,0.2597101624510717,14
temporal,0.0,business_rule,0.3,APIKIT,0.6111111111111112,0.43333333333333335,0.8,0.6627777777777778,15
temporal,0.0,business_rule,0.3,COMPASS,0.5906593406593407,0.6369047619047619,1.0,0.44969851576994435,14
temporal,0.0,business_rule,0.3,CONFCLOUD,0.5964912280701755,0.8174603174603176,0.2857142857142857,0.6458049886621315,21
temporal,0.0,business_rule,0.3,CONFSERVER,0.47559884559884563,0.7586206896551724,0.41379310344827586,0.5241267353336319,58
temporal,0.0,business_rule,0.3,DM,0.44418055659959016,0.6891681594267801,1.4827586206896552,0.4332968760476026,58
temporal,0.0,business_rule,0.3,INDY,0.5833333333333333,0.5555555555555556,0.8666666666666667,0.39079365079365075,15
temporal,0.0,business_rule,0.3,IS,0.4305361305361305,0.6512820512820513,1.0,0.39299034299034297,13
temporal,0.0,business_rule,0.3,MESOS,0.4732378732378732,0.586,0.8,0.39854329004329003,25
temporal,0.0,business_rule,0.3,MULE,0.625,0.4047065337763012,1.7209302325581395,0.5362155855999905,43
temporal,0.0,business_rule,0.3,NEXUS,0.6969696969696969,0.4473684210526316,0.631578947368421,0.8245614035087719,19
temporal,0.0,business_rule,0.3,TIDOC,0.5380952380952381,0.6875,0.53125,0.5061011904761905,32
temporal,0.0,business_rule,0.3,TIMOB,0.39820888390090403,0.6969108789760964,1.673913043478261,0.38783046324973036,46
temporal,0.0,business_rule,0.3,TISTUD,0.5333333333333333,0.40972222222222227,0.8333333333333334,0.5067460317460317,24
temporal,0.0,business_rule,0.3,XD,0.4549242424242424,0.2381475667189953,4.285714285714286,0.34967977096393615,14
temporal,0.0,dynamic_catboost,0.1,APIKIT,0.8333333333333334,0.6,0.4,0.6216666666666666,15
temporal,0.0,dynamic_catboost,0.1,COMPASS,0.510989010989011,0.8928571428571429,0.14285714285714285,0.28359358895073183,14
temporal,0.0,dynamic_catboost,0.1,CONFCLOUD,0.5482456140350876,0.8571428571428571,0.14285714285714285,0.577437641723356,21
temporal,0.0,dynamic_catboost,0.1,CONFSERVER,0.4315007215007215,0.8620689655172413,0.13793103448275862,0.41943200477683235,58
temporal,0.0,dynamic_catboost,0.1,DM,0.3090533099674425,0.896551724137931,0.13793103448275862,0.25357204110417053,58
temporal,0.0,dynamic_catboost,0.1,INDY,0.19230769230769232,0.4666666666666667,0.5333333333333333,0.2369312169312169,15
temporal,0.0,dynamic_catboost,0.1,IS,0.19603729603729603,0.6538461538461539,0.38461538461538464,0.19805194805194806,13
temporal,0.0,dynamic_catboost,0.1,MESOS,0.24323269323269323,0.52,0.56,0.2685930735930736,25
temporal,0.0,dynamic_catboost,0.1,MULE,0.38333333333333336,0.3643410852713178,0.7906976744186046,0.42637183837594234,43
temporal,0.0,dynamic_catboost,0.1,NEXUS,0.7727272727272727,0.47368421052631576,0.5263157894736842,0.7894736842105263,19
temporal,0.0,dynamic_catboost,0.1,TIDOC,0.4505952380952381,0.71875,0.28125,0.4148809523809524,32
temporal,0.0,dynamic_catboost,0.1,TIMOB,0.23537685107803968,0.7880434782608695,0.41304347826086957,0.21976308424725238,46
temporal,0.0,dynamic_catboost,0.1,TISTUD,0.4235294117647059,0.5,0.5,0.41011904761904755,24
temporal,0.0,dynamic_catboost,0.1,XD,0.3129040404040404,0.47023809523809523,1.2857142857142858,0.18045483965249298,14
temporal,0.0,dynamic_catboost,0.2,APIKIT,0.8333333333333334,0.5666666666666667,0.5333333333333333,0.6411111111111112,15
temporal,0.0,dynamic_catboost,0.2,COMPASS,0.5796703296703296,0.8571428571428571,0.2857142857142857,0.3273603380746238,14
temporal,0.0,dynamic_catboost,0.2,CONFCLOUD,0.5570175438596491,0.8571428571428571,0.14285714285714285,0.5842403628117914,21
temporal,0.0,dynamic_catboost,0.2,CONFSERVER,0.4713131313131313,0.8620689655172413,0.1896551724137931,0.4539632781012091,58
temporal,0.0,dynamic_catboost,0.2,DM,0.42316759672708715,0.8418719211822661,0.41379310344827586,0.32881262686353757,58
temporal,0.0,dynamic_catboost,0.2,INDY,0.23717948717948717,0.43333333333333335,0.7333333333333333,0.28719576719576717,15
temporal,0.0,dynamic_catboost,0.2,IS,0.2863636363636364,0.6153846153846154,0.6923076923076923,0.2852647352647353,13
temporal,0.0,dynamic_catboost,0.2,MESOS,0.298050098050098,0.5466666666666666,0.76,0.3163896103896104,25
temporal,0.0,dynamic_catboost,0.2,MULE,0.4472222222222222,0.3182170542635659,1.1627906976744187,0.46898751043757886,43
temporal,0.0,dynamic_catboost,0.2,NEXUS,0.8181818181818182,0.5,0.5263157894736842,0.7982456140350876,19
temporal,0.0,dynamic_catboost,0.2,TIDOC,0.46249999999999997,0.71875,0.34375,0.42976190476190473,32
temporal,0.0,dynamic_catboost,0.2,TIMOB,0.3534905388437653,0.7816252587991718,0.6739130434782609,0.29508805280191874,46
temporal,0.0,dynamic_catboost,0.2,TISTUD,0.5215686274509804,0.5,0.625,0.4507936507936508,24
temporal,0.0,dynamic_catboost,0.2,XD,0.46489898989898987,0.45,2.2142857142857144,0.2597101624510717,14
temporal,0.0,dynamic_catboost,0.3,APIKIT,0.8333333333333334,0.5666666666666667,0.6666666666666666,0.6627777777777778,15
temporal,0.0,dynamic_catboost,0.3,COMPASS,0.6868131868131868,0.7619047619047619,0.6428571428571429,0.44969851576994435,14
temporal,0.0,dynamic_catboost,0.3,CONFCLOUD,0.6096491228070176,0.8333333333333334,0.23809523809523808,0.6458049886621315,21
temporal,0.0,dynamic_catboost,0.3,CONFSERVER,0.5537229437229437,0.853448275862069,0.22413793103448276,0.5241267353336319,58
temporal,0.0,dynamic_catboost,0.3,DM,0.556679314061612,0.8203127332437677,0.7758620689655172,0.4332968760476026,58
temporal,0.0,dynamic_catboost,0.3,INDY,0.3333333333333333,0.4222222222222222,1.0666666666666667,0.39079365079365075,15
temporal,0.0,dynamic_catboost,0.3,IS,0.35099067599067596,0.6025641025641025,1.0769230769230769,0.39299034299034297,13
temporal,0.0,dynamic_catboost,0.3,MESOS,0.3716098716098716,0.54,1.0,0.39854329004329003,25
temporal,0.0,dynamic_catboost,0.3,MULE,0.4972222222222222,0.28826135105204875,1.6744186046511629,0.5362155855999905,43
temporal,0.0,dynamic_catboost,0.3,NEXUS,0.8484848484848485,0.5,0.5789473684210527,0.8245614035087719,19
temporal,0.0,dynamic_catboost,0.3,TIDOC,0.55,0.7083333333333334,0.4375,0.5061011904761905,32
temporal,0.0,dynamic_catboost,0.3,TIMOB,0.47772567911881664,0.7809602233515277,0.9782608695652174,0.38783046324973036,46
temporal,0.0,dynamic_catboost,0.3,TISTUD,0.6294117647058823,0.47222222222222227,0.75,0.5067460317460317,24
temporal,0.0,dynamic_catboost,0.3,XD,0.5301010101010102,0.3534013605442177,3.5,0.34967977096393615,14
temporal,0.0,dynamic_no_cohort,0.1,APIKIT,0.8333333333333334,0.6,0.4,0.6216666666666666,15
temporal,0.0,dynamic_no_cohort,0.1,COMPASS,0.510989010989011,0.8928571428571429,0.14285714285714285,0.28359358895073183,14
temporal,0.0,dynamic_no_cohort,0.1,CONFCLOUD,0.5482456140350876,0.8571428571428571,0.14285714285714285,0.577437641723356,21
temporal,0.0,dynamic_no_cohort,0.1,CONFSERVER,0.4263059163059163,0.8275862068965517,0.1724137931034483,0.41943200477683235,58
temporal,0.0,dynamic_no_cohort,0.1,DM,0.3238112792708664,0.8994252873563218,0.15517241379310345,0.25357204110417053,58
temporal,0.0,dynamic_no_cohort,0.1,INDY,0.16666666666666666,0.4,0.6,0.2369312169312169,15
temporal,0.0,dynamic_no_cohort,0.1,IS,0.16078088578088576,0.5384615384615384,0.5384615384615384,0.19805194805194806,13
temporal,0.0,dynamic_no_cohort,0.1,MESOS,0.25381470381470383,0.54,0.56,0.2685930735930736,25
temporal,0.0,dynamic_no_cohort,0.1,MULE,0.43333333333333335,0.4108527131782946,0.7441860465116279,0.42637183837594234,43
temporal,0.0,dynamic_no_cohort,0.1,NEXUS,0.6363636363636364,0.42105263157894735,0.5789473684210527,0.7894736842105263,19
temporal,0.0,dynamic_no_cohort,0.1,TIDOC,0.4029761904761905,0.65625,0.34375,0.4148809523809524,32
temporal,0.0,dynamic_no_cohort,0.1,TIMOB,0.22159383802765667,0.7409420289855073,0.5217391304347826,0.21976308424725238,46
temporal,0.0,dynamic_no_cohort,0.1,TISTUD,0.5313725490196078,0.625,0.375,0.41011904761904755,24
temporal,0.0,dynamic_no_cohort,0.1,XD,0.2969949494949495,0.4404761904761904,1.3571428571428572,0.18045483965249298,14
temporal,0.0,dynamic_no_cohort,0.2,APIKIT,0.8333333333333334,0.5666666666666667,0.5333333333333333,0.6411111111111112,15
temporal,0.0,dynamic_no_cohort,0.2,COMPASS,0.6053113553113553,0.9107142857142857,0.14285714285714285,0.3273603380746238,14
temporal,0.0,dynamic_no_cohort,0.2,CONFCLOUD,0.5570175438596491,0.8571428571428571,0.14285714285714285,0.5842403628117914,21
temporal,0.0,dynamic_no_cohort,0.2,CONFSERVER,0.4572005772005772,0.8362068965517241,0.2413793103448276,0.4539632781012091,58
temporal,0.0,dynamic_no_cohort,0.2,DM,0.4217015072609977,0.8430008210180624,0.43103448275862066,0.32881262686353757,58
temporal,0.0,dynamic_no_cohort,0.2,INDY,0.34615384615384615,0.43333333333333335,0.7333333333333333,0.28719576719576717,15
temporal,0.0,dynamic_no_cohort,0.2,IS,0.3248251748251748,0.6538461538461539,0.6153846153846154,0.2852647352647353,13
temporal,0.0,dynamic_no_cohort,0.2,MESOS,0.2917008917008917,0.5366666666666666,0.76,0.3163896103896104,25
temporal,0.0,dynamic_no_cohort,0.2,MULE,0.5222222222222223,0.37170542635658915,1.1162790697674418,0.46898751043757886,43
temporal,0.0,dynamic_no_cohort,0.2,NEXUS,0.6363636363636364,0.39473684210526316,0.631578947368421,0.7982456140350876,19
temporal,0.0,dynamic_no_cohort,0.2,TIDOC,0.4148809523809524,0.671875,0.40625,0.42976190476190473,32
temporal,0.0,dynamic_no_cohort,0.2,TIMOB,0.3432566859099274,0.7620082815734989,0.782608695652174,0.29508805280191874,46
temporal,0.0,dynamic_no_cohort,0.2,TISTUD,0.611764705882353,0.6041666666666666,0.4583333333333333,0.4507936507936508,24
temporal,0.0,dynamic_no_cohort,0.2,XD,0.4058080808080808,0.42602040816326525,2.357142857142857,0.2597101624510717,14
temporal,0.0,dynamic_no_cohort,0.3,APIKIT,0.8333333333333334,0.5666666666666667,0.6666666666666666,0.6627777777777778,15
temporal,0.0,dynamic_no_cohort,0.3,COMPASS,0.7124542124542125,0.7976190476190476,0.5,0.44969851576994435,14
temporal,0.0,dynamic_no_cohort,0.3,CONFCLOUD,0.618421052631579,0.8412698412698413,0.23809523809523808,0.6458049886621315,21
temporal,0.0,dynamic_no_cohort,0.3,CONFSERVER,0.5323376623376623,0.8160919540229885,0.3103448275862069,0.5241267353336319,58
temporal,0.0,dynamic_no_cohort,0.3,DM,0.5475304302656693,0.8123830671244465,0.8275862068965517,0.4332968760476026,58
temporal,0.0,dynamic_no_cohort,0.3,INDY,0.46153846153846156,0.45555555555555555,1.0,0.39079365079365075,15
temporal,0.0,dynamic_no_cohort,0.3,IS,0.38945221445221445,0.6282051282051282,1.0,0.39299034299034297,13
temporal,0.0,dynamic_no_cohort,0.3,MESOS,0.37055167055167054,0.5379999999999999,0.96,0.39854329004329003,25
temporal,0.0,dynamic_no_cohort,0.3,MULE,0.575,0.35083056478405317,1.627906976744186,0.5362155855999905,43
temporal,0.0,dynamic_no_cohort,0.3,NEXUS,0.6666666666666666,0.42105263157894735,0.6842105263157895,0.8245614035087719,19
temporal,0.0,dynamic_no_cohort,0.3,TIDOC,0.5023809523809524,0.671875,0.5,0.5061011904761905,32
temporal,0.0,dynamic_no_cohort,0.3,TIMOB,0.45756500304645786,0.7507042474433779,1.2173913043478262,0.38783046324973036,46
temporal,0.0,dynamic_no_cohort,0.3,TISTUD,0.7196078431372549,0.5555555555555556,0.5833333333333334,0.5067460317460317,24
temporal,0.0,dynamic_no_cohort,0.3,XD,0.5491919191919192,0.36122448979591837,3.4285714285714284,0.34967977096393615,14
temporal,0.0,frequency,0.1,APIKIT,0.6111111111111112,0.4666666666666667,0.5333333333333333,0.6216666666666666,15
temporal,0.0,frequency,0.1,COMPASS,0.29945054945054944,0.6428571428571429,0.42857142857142855,0.28359358895073183,14
temporal,0.0,frequency,0.1,CONFCLOUD,0.543859649122807,0.8571428571428571,0.14285714285714285,0.577437641723356,21
temporal,0.0,frequency,0.1,CONFSERVER,0.36784271284271286,0.7155172413793104,0.29310344827586204,0.41943200477683235,58
temporal,0.0,frequency,0.1,DM,0.24037997244525713,0.6149425287356322,0.7068965517241379,0.25357204110417053,58
temporal,0.0,frequency,0.1,INDY,0.19871794871794873,0.3333333333333333,0.6666666666666666,0.2369312169312169,15
temporal,0.0,frequency,0.1,IS,0.17360139860139862,0.5384615384615384,0.5384615384615384,0.19805194805194806,13
temporal,0.0,frequency,0.1,MESOS,0.24323269323269323,0.52,0.56,0.2685930735930736,25
temporal,0.0,frequency,0.1,MULE,0.2555555555555556,0.22093023255813954,1.0232558139534884,0.42637183837594234,43
temporal,0.0,frequency,0.1,NEXUS,0.7575757575757577,0.5263157894736842,0.47368421052631576,0.7894736842105263,19
temporal,0.0,frequency,0.1,TIDOC,0.3464285714285714,0.59375,0.40625,0.4148809523809524,32
temporal,0.0,frequency,0.1,TIMOB,0.18313380959049044,0.5957556935817806,1.065217391304348,0.21976308424725238,46
temporal,0.0,frequency,0.1,TISTUD,0.1980392156862745,0.25,0.75,0.41011904761904755,24
temporal,0.0,frequency,0.1,XD,0.1754040404040404,0.2738095238095238,1.7857142857142858,0.18045483965249298,14
temporal,0.0,frequency,0.2,APIKIT,0.6666666666666666,0.4666666666666667,0.6,0.6411111111111112,15
temporal,0.0,frequency,0.2,COMPASS,0.3617216117216117,0.630952380952381,0.5714285714285714,0.3273603380746238,14
temporal,0.0,frequency,0.2,CONFCLOUD,0.5526315789473685,0.8571428571428571,0.14285714285714285,0.5842403628117914,21
temporal,0.0,frequency,0.2,CONFSERVER,0.4112914862914863,0.7528735632183907,0.3275862068965517,0.4539632781012091,58
temporal,0.0,frequency,0.2,DM,0.3198808295954247,0.628756157635468,1.1896551724137931,0.32881262686353757,58
temporal,0.0,frequency,0.2,INDY,0.24358974358974358,0.36666666666666664,0.8666666666666667,0.28719576719576717,15
temporal,0.0,frequency,0.2,IS,0.2665501165501165,0.5897435897435896,0.8461538461538461,0.2852647352647353,13
temporal,0.0,frequency,0.2,MESOS,0.32666222666222666,0.54,0.68,0.3163896103896104,25
temporal,0.0,frequency,0.2,MULE,0.3055555555555555,0.23062015503875968,1.4186046511627908,0.46898751043757886,43
temporal,0.0,frequency,0.2,NEXUS,0.7575757575757577,0.5,0.5263157894736842,0.7982456140350876,19
temporal,0.0,frequency,0.2,TIDOC,0.3761904761904762,0.609375,0.4375,0.42976190476190473,32
temporal,0.0,frequency,0.2,TIMOB,0.2829172252375317,0.6535526068134764,1.565217391304348,0.29508805280191874,46
temporal,0.0,frequency,0.2,TISTUD,0.21764705882352942,0.25,0.9583333333333334,0.4507936507936508,24
temporal,0.0,frequency,0.2,XD,0.3267171717171717,0.31819727891156463,2.7857142857142856,0.2597101624510717,14
temporal,0.0,frequency,0.3,APIKIT,0.6666666666666666,0.4666666666666667,0.7333333333333333,0.6627777777777778,15
temporal,0.0,frequency,0.3,COMPASS,0.4752747252747253,0.6011904761904762,1.0714285714285714,0.44969851576994435,14
temporal,0.0,frequency,0.3,CONFCLOUD,0.6403508771929824,0.8809523809523809,0.14285714285714285,0.6458049886621315,21
temporal,0.0,frequency,0.3,CONFSERVER,0.482012987012987,0.7528735632183907,0.43103448275862066,0.5241267353336319,58
temporal,0.0,frequency,0.3,DM,0.45668613984921086,0.6645923520923521,1.706896551724138,0.4332968760476026,58
temporal,0.0,frequency,0.3,INDY,0.26282051282051283,0.3111111111111111,1.3333333333333333,0.39079365079365075,15
temporal,0.0,frequency,0.3,IS,0.4273310023310023,0.6192307692307693,1.0769230769230769,0.39299034299034297,13
temporal,0.0,frequency,0.3,MESOS,0.39757649757649755,0.5579999999999999,0.88,0.39854329004329003,25
temporal,0.0,frequency,0.3,MULE,0.35833333333333334,0.24379844961240313,1.930232558139535,0.5362155855999905,43
temporal,0.0,frequency,0.3,NEXUS,0.7575757575757577,0.47368421052631576,0.631578947368421,0.8245614035087719,19
temporal,0.0,frequency,0.3,TIDOC,0.47559523809523807,0.6614583333333334,0.5,0.5061011904761905,32
temporal,0.0,frequency,0.3,TIMOB,0.3847489322037357,0.6536212278060104,2.3260869565217392,0.38783046324973036,46
temporal,0.0,frequency,0.3,TISTUD,0.34509803921568627,0.2916666666666667,1.0416666666666667,0.5067460317460317,24
temporal,0.0,frequency,0.3,XD,0.43351010101010096,0.29931972789115646,3.857142857142857,0.34967977096393615,14
temporal,0.0,static_catboost,0.1,APIKIT,0.8333333333333334,0.6,0.4,0.6216666666666666,15
temporal,0.0,static_catboost,0.1,COMPASS,0.510989010989011,0.8928571428571429,0.14285714285714285,0.28359358895073183,14
temporal,0.0,static_catboost,0.1,CONFCLOUD,0.5043859649122807,0.7619047619047619,0.23809523809523808,0.577437641723356,21
temporal,0.0,static_catboost,0.1,CONFSERVER,0.42208513708513706,0.8620689655172413,0.13793103448275862,0.41943200477683235,58
temporal,0.0,static_catboost,0.1,DM,0.32640868186826905,0.9080459770114943,0.13793103448275862,0.25357204110417053,58
temporal,0.0,static_catboost,0.1,INDY,0.20512820512820512,0.4666666666666667,0.5333333333333333,0.2369312169312169,15
temporal,0.0,static_catboost,0.1,IS,0.19603729603729603,0.6538461538461539,0.38461538461538464,0.19805194805194806,13
temporal,0.0,static_catboost,0.1,MESOS,0.25910570910570907,0.56,0.52,0.2685930735930736,25
temporal,0.0,static_catboost,0.1,MULE,0.3472222222222222,0.3449612403100775,0.8372093023255814,0.42637183837594234,43
temporal,0.0,static_catboost,0.1,NEXUS,0.7272727272727273,0.47368421052631576,0.5263157894736842,0.7894736842105263,19
temporal,0.0,static_catboost,0.1,TIDOC,0.4505952380952381,0.71875,0.28125,0.4148809523809524,32
temporal,0.0,static_catboost,0.1,TIMOB,0.22999002057474957,0.769927536231884,0.45652173913043476,0.21976308424725238,46
temporal,0.0,static_catboost,0.1,TISTUD,0.4725490196078431,0.5833333333333334,0.4166666666666667,0.41011904761904755,24
temporal,0.0,static_catboost,0.1,XD,0.2769949494949495,0.39285714285714285,1.4285714285714286,0.18045483965249298,14
temporal,0.0,static_catboost,0.2,APIKIT,0.8333333333333334,0.5666666666666667,0.5333333333333333,0.6411111111111112,15
temporal,0.0,static_catboost,0.2,COMPASS,0.5796703296703296,0.8571428571428571,0.2857142857142857,0.3273603380746238,14
temporal,0.0,static_catboost,0.2,CONFCLOUD,0.5043859649122807,0.7380952380952381,0.2857142857142857,0.5842403628117914,21
temporal,0.0,static_catboost,0.2,CONFSERVER,0.46449494949494946,0.8706896551724138,0.1724137931034483,0.4539632781012091,58
temporal,0.0,static_catboost,0.2,DM,0.4148126183721088,0.8279146141215107,0.46551724137931033,0.32881262686353757,58
temporal,0.0,static_catboost,0.2,INDY,0.35256410256410253,0.5333333333333333,0.6,0.28719576719576717,15
temporal,0.0,static_catboost,0.2,IS,0.2863636363636364,0.6153846153846154,0.6923076923076923,0.2852647352647353,13
temporal,0.0,static_catboost,0.2,MESOS,0.3139231139231139,0.5866666666666667,0.72,0.3163896103896104,25
temporal,0.0,static_catboost,0.2,MULE,0.4222222222222222,0.3124031007751938,1.1627906976744187,0.46898751043757886,43
temporal,0.0,static_catboost,0.2,NEXUS,0.7272727272727273,0.4473684210526316,0.5789473684210527,0.7982456140350876,19
temporal,0.0,static_catboost,0.2,TIDOC,0.46249999999999997,0.71875,0.34375,0.42976190476190473,32
temporal,0.0,static_catboost,0.2,TIMOB,0.3404630470119257,0.7622153209109731,0.7391304347826086,0.29508805280191874,46
temporal,0.0,static_catboost,0.2,TISTUD,0.5509803921568628,0.5416666666666666,0.5833333333333334,0.4507936507936508,24
temporal,0.0,static_catboost,0.2,XD,0.4233080808080808,0.4017006802721088,2.4285714285714284,0.2597101624510717,14
temporal,0.0,static_catboost,0.3,APIKIT,0.8333333333333334,0.5666666666666667,0.6666666666666666,0.6627777777777778,15
temporal,0.0,static_catboost,0.3,COMPASS,0.6996336996336996,0.7738095238095238,0.5714285714285714,0.44969851576994435,14
temporal,0.0,static_catboost,0.3,CONFCLOUD,0.5745614035087719,0.7698412698412699,0.3333333333333333,0.6458049886621315,21
temporal,0.0,static_catboost,0.3,CONFSERVER,0.5409956709956709,0.8477011494252873,0.2413793103448276,0.5241267353336319,58
temporal,0.0,static_catboost,0.3,DM,0.5449402426754818,0.8008813504503159,0.8793103448275862,0.4332968760476026,58
temporal,0.0,static_catboost,0.3,INDY,0.42948717948717946,0.45555555555555555,1.0,0.39079365079365075,15
temporal,0.0,static_catboost,0.3,IS,0.38945221445221445,0.6282051282051282,1.0,0.39299034299034297,13
temporal,0.0,static_catboost,0.3,MESOS,0.3716098716098716,0.54,1.0,0.39854329004329003,25
temporal,0.0,static_catboost,0.3,MULE,0.4861111111111111,0.2944629014396456,1.6511627906976745,0.5362155855999905,43
temporal,0.0,static_catboost,0.3,NEXUS,0.8484848484848485,0.5,0.5789473684210527,0.8245614035087719,19
temporal,0.0,static_catboost,0.3,TIDOC,0.5380952380952381,0.6979166666666666,0.46875,0.5061011904761905,32
temporal,0.0,static_catboost,0.3,TIMOB,0.45192021307918895,0.7482162463140725,1.2173913043478262,0.38783046324973036,46
temporal,0.0,static_catboost,0.3,TISTUD,0.6,0.4791666666666667,0.75,0.5067460317460317,24
temporal,0.0,static_catboost,0.3,XD,0.511010101010101,0.33435374149659863,3.642857142857143,0.34967977096393615,14
temporal,0.0,static_lr,0.1,APIKIT,0.7222222222222222,0.5333333333333333,0.4666666666666667,0.6216666666666666,15
temporal,0.0,static_lr,0.1,COMPASS,0.42124542124542125,0.7142857142857143,0.35714285714285715,0.28359358895073183,14
temporal,0.0,static_lr,0.1,CONFCLOUD,0.5307017543859649,0.8095238095238095,0.19047619047619047,0.577437641723356,21
temporal,0.0,static_lr,0.1,CONFSERVER,0.42814574314574316,0.8793103448275862,0.1206896551724138,0.41943200477683235,58
temporal,0.0,static_lr,0.1,DM,0.3062643817239688,0.8951149425287356,0.15517241379310345,0.25357204110417053,58
temporal,0.0,static_lr,0.1,INDY,0.22435897435897434,0.4,0.6,0.2369312169312169,15
temporal,0.0,static_lr,0.1,IS,0.19924242424242422,0.6153846153846154,0.46153846153846156,0.19805194805194806,13
temporal,0.0,static_lr,0.1,MESOS,0.22290302290302288,0.44,0.6,0.2685930735930736,25
temporal,0.0,static_lr,0.1,MULE,0.44166666666666665,0.3875968992248062,0.7906976744186046,0.42637183837594234,43
temporal,0.0,static_lr,0.1,NEXUS,0.8484848484848485,0.5789473684210527,0.42105263157894735,0.7894736842105263,19
temporal,0.0,static_lr,0.1,TIDOC,0.46249999999999997,0.78125,0.21875,0.4148809523809524,32
temporal,0.0,static_lr,0.1,TIMOB,0.23186396185086475,0.7745859213250518,0.45652173913043476,0.21976308424725238,46
temporal,0.0,static_lr,0.1,TISTUD,0.46078431372549017,0.5416666666666666,0.4583333333333333,0.41011904761904755,24
temporal,0.0,static_lr,0.1,XD,0.2488131313131313,0.2761904761904762,1.6428571428571428,0.18045483965249298,14
temporal,0.0,static_lr,0.2,APIKIT,0.7222222222222222,0.5,0.6,0.6411111111111112,15
temporal,0.0,static_lr,0.2,COMPASS,0.5155677655677656,0.75,0.35714285714285715,0.3273603380746238,14
temporal,0.0,static_lr,0.2,CONFCLOUD,0.5307017543859649,0.7857142857142857,0.23809523809523808,0.5842403628117914,21
temporal,0.0,static_lr,0.2,CONFSERVER,0.46856421356421357,0.8706896551724138,0.1724137931034483,0.4539632781012091,58
temporal,0.0,static_lr,0.2,DM,0.4161434706555303,0.839675697865353,0.43103448275862066,0.32881262686353757,58
temporal,0.0,static_lr,0.2,INDY,0.2692307692307692,0.4,0.8,0.28719576719576717,15
temporal,0.0,static_lr,0.2,IS,0.3632867132867133,0.7307692307692307,0.5384615384615384,0.2852647352647353,13
temporal,0.0,static_lr,0.2,MESOS,0.26184741184741184,0.42666666666666664,0.84,0.3163896103896104,25
temporal,0.0,static_lr,0.2,MULE,0.5111111111111111,0.363953488372093,1.186046511627907,0.46898751043757886,43
temporal,0.0,static_lr,0.2,NEXUS,0.8484848484848485,0.5526315789473685,0.47368421052631576,0.7982456140350876,19
temporal,0.0,static_lr,0.2,TIDOC,0.4744047619047619,0.75,0.28125,0.42976190476190473,32
temporal,0.0,static_lr,0.2,TIMOB,0.34386430305105486,0.7685300207039338,0.717391304347826,0.29508805280191874,46
temporal,0.0,static_lr,0.2,TISTUD,0.6,0.5833333333333334,0.5,0.4507936507936508,24
temporal,0.0,static_lr,0.2,XD,0.2924242424242424,0.22001133786848073,3.0,0.2597101624510717,14
temporal,0.0,static_lr,0.3,APIKIT,0.7222222222222222,0.5,0.7333333333333333,0.6627777777777778,15
temporal,0.0,static_lr,0.3,COMPASS,0.6611721611721612,0.7142857142857143,0.6428571428571429,0.44969851576994435,14
temporal,0.0,static_lr,0.3,CONFCLOUD,0.618421052631579,0.8412698412698413,0.23809523809523808,0.6458049886621315,21
temporal,0.0,static_lr,0.3,CONFSERVER,0.5327705627705628,0.8318965517241379,0.29310344827586204,0.5241267353336319,58
temporal,0.0,static_lr,0.3,DM,0.5403966591988839,0.8001704234462855,0.8448275862068966,0.4332968760476026,58
temporal,0.0,static_lr,0.3,INDY,0.38461538461538464,0.4222222222222222,1.0666666666666667,0.39079365079365075,15
temporal,0.0,static_lr,0.3,IS,0.4972610722610723,0.7192307692307692,0.8461538461538461,0.39299034299034297,13
temporal,0.0,static_lr,0.3,MESOS,0.35128020128020127,0.46799999999999997,1.04,0.39854329004329003,25
temporal,0.0,static_lr,0.3,MULE,0.5888888888888889,0.3488925802879291,1.627906976744186,0.5362155855999905,43
temporal,0.0,static_lr,0.3,NEXUS,0.8787878787878788,0.5263157894736842,0.5263157894736842,0.8245614035087719,19
temporal,0.0,static_lr,0.3,TIDOC,0.5976190476190476,0.7708333333333334,0.34375,0.5061011904761905,32
temporal,0.0,static_lr,0.3,TIMOB,0.46047915249729005,0.7665788317962231,1.0869565217391304,0.38783046324973036,46
temporal,0.0,static_lr,0.3,TISTUD,0.6196078431372549,0.5,0.7083333333333334,0.5067460317460317,24
temporal,0.0,static_lr,0.3,XD,0.3749242424242424,0.1891679748822606,4.428571428571429,0.34967977096393615,14
temporal,0.25,business_rule,0.1,APIKIT,0.7222222222222222,0.5333333333333333,0.4666666666666667,0.6216666666666666,15
temporal,0.25,business_rule,0.1,COMPASS,0.44047619047619047,0.75,0.35714285714285715,0.28359358895073183,14
temporal,0.25,business_rule,0.1,CONFCLOUD,0.543859649122807,0.8571428571428571,0.14285714285714285,0.577437641723356,21
temporal,0.25,business_rule,0.1,CONFSERVER,0.42796536796536794,0.8275862068965517,0.1724137931034483,0.41943200477683235,58
temporal,0.25,business_rule,0.1,DM,0.25638677079218447,0.7327586206896551,0.46551724137931033,0.25357204110417053,58
temporal,0.25,business_rule,0.1,INDY,0.38461538461538464,0.6,0.4,0.2369312169312169,15
temporal,0.25,business_rule,0.1,IS,0.3242424242424242,0.8461538461538461,0.15384615384615385,0.19805194805194806,13
temporal,0.25,business_rule,0.1,MESOS,0.3935379435379436,0.68,0.36,0.2685930735930736,25
temporal,0.25,business_rule,0.1,MULE,0.5333333333333333,0.4263565891472868,0.7674418604651163,0.42637183837594234,43
temporal,0.25,business_rule,0.1,NEXUS,0.6666666666666666,0.47368421052631576,0.5263157894736842,0.7894736842105263,19
temporal,0.25,business_rule,0.1,TIDOC,0.43571428571428567,0.65625,0.34375,0.4148809523809524,32
temporal,0.25,business_rule,0.1,TIMOB,0.2284043808291719,0.7916666666666666,0.391304347826087,0.21976308424725238,46
temporal,0.25,business_rule,0.1,TISTUD,0.5019607843137255,0.5833333333333334,0.4166666666666667,0.41011904761904755,24
temporal,0.25,business_rule,0.1,XD,0.44861111111111107,0.4428571428571429,1.2857142857142858,0.18045483965249298,14
temporal,0.25,business_rule,0.2,APIKIT,0.7777777777777778,0.5333333333333333,0.5333333333333333,0.6411111111111112,15
temporal,0.25,business_rule,0.2,COMPASS,0.5091575091575091,0.7619047619047619,0.5,0.3273603380746238,14
temporal,0.25,business_rule,0.2,CONFCLOUD,0.5526315789473685,0.8571428571428571,0.14285714285714285,0.5842403628117914,21
temporal,0.25,business_rule,0.2,CONFSERVER,0.46929292929292926,0.8189655172413793,0.22413793103448276,0.4539632781012091,58
temporal,0.25,business_rule,0.2,DM,0.36343219843553914,0.7539203612479475,0.6724137931034483,0.32881262686353757,58
temporal,0.25,business_rule,0.2,INDY,0.42948717948717946,0.5333333333333333,0.6,0.28719576719576717,15
temporal,0.25,business_rule,0.2,IS,0.4722610722610723,0.8589743589743589,0.3076923076923077,0.2852647352647353,13
temporal,0.25,business_rule,0.2,MESOS,0.4806304806304806,0.6733333333333333,0.44,0.3163896103896104,25
temporal,0.25,business_rule,0.2,MULE,0.6,0.42790697674418604,1.1162790697674418,0.46898751043757886,43
temporal,0.25,business_rule,0.2,NEXUS,0.712121212121212,0.47368421052631576,0.5263157894736842,0.7982456140350876,19
temporal,0.25,business_rule,0.2,TIDOC,0.43571428571428567,0.625,0.4375,0.42976190476190473,32
temporal,0.25,business_rule,0.2,TIMOB,0.34792435608085887,0.8115683229813664,0.6086956521739131,0.29508805280191874,46
temporal,0.25,business_rule,0.2,TISTUD,0.592156862745098,0.5416666666666666,0.5416666666666666,0.4507936507936508,24
temporal,0.25,business_rule,0.2,XD,0.5608333333333333,0.44263038548752837,2.2857142857142856,0.2597101624510717,14
temporal,0.25,business_rule,0.3,APIKIT,0.7777777777777778,0.5333333333333333,0.6666666666666666,0.6627777777777778,15
temporal,0.25,business_rule,0.3,COMPASS,0.6034798534798534,0.6607142857142857,0.9285714285714286,0.44969851576994435,14
temporal,0.25,business_rule,0.3,CONFCLOUD,0.6403508771929824,0.8809523809523809,0.14285714285714285,0.6458049886621315,21
temporal,0.25,business_rule,0.3,CONFSERVER,0.5541269841269841,0.8505747126436782,0.25862068965517243,0.5241267353336319,58
temporal,0.25,business_rule,0.3,DM,0.5269026011725996,0.7751977907150321,0.9482758620689655,0.4332968760476026,58
temporal,0.25,business_rule,0.3,INDY,0.5833333333333333,0.5555555555555556,0.8,0.39079365079365075,15
temporal,0.25,business_rule,0.3,IS,0.5753496503496504,0.7948717948717949,0.6153846153846154,0.39299034299034297,13
temporal,0.25,business_rule,0.3,MESOS,0.6086876086876087,0.6920000000000001,0.56,0.39854329004329003,25
temporal,0.25,business_rule,0.3,MULE,0.6416666666666667,0.4062569213732004,1.6046511627906976,0.5362155855999905,43
temporal,0.25,business_rule,0.3,NEXUS,0.7424242424242423,0.47368421052631576,0.5789473684210527,0.8245614035087719,19
temporal,0.25,business_rule,0.3,TIDOC,0.5113095238095238,0.65625,0.5625,0.5061011904761905,32
temporal,0.25,business_rule,0.3,TIMOB,0.46554888915006487,0.7861801242236024,1.0434782608695652,0.38783046324973036,46
temporal,0.25,business_rule,0.3,TISTUD,0.6313725490196078,0.4930555555555556,0.7083333333333334,0.5067460317460317,24
temporal,0.25,business_rule,0.3,XD,0.6912373737373738,0.40413396127681844,3.2142857142857144,0.34967977096393615,14
temporal,0.25,dynamic_catboost,0.1,APIKIT,0.8333333333333334,0.6,0.4,0.6216666666666666,15
temporal,0.25,dynamic_catboost,0.1,COMPASS,0.510989010989011,0.8928571428571429,0.14285714285714285,0.28359358895073183,14
temporal,0.25,dynamic_catboost,0.1,CONFCLOUD,0.5482456140350876,0.8571428571428571,0.14285714285714285,0.577437641723356,21
temporal,0.25,dynamic_catboost,0.1,CONFSERVER,0.43723665223665226,0.8620689655172413,0.13793103448275862,0.41943200477683235,58
temporal,0.25,dynamic_catboost,0.1,DM,0.3362466721608047,0.9080459770114943,0.13793103448275862,0.25357204110417053,58
temporal,0.25,dynamic_catboost,0.1,INDY,0.36538461538461536,0.6,0.4,0.2369312169312169,15
temporal,0.25,dynamic_catboost,0.1,IS,0.14475524475524476,0.5,0.5384615384615384,0.19805194805194806,13
temporal,0.25,dynamic_catboost,0.1,MESOS,0.3257723757723758,0.64,0.4,0.2685930735930736,25
temporal,0.25,dynamic_catboost,0.1,MULE,0.5722222222222223,0.49612403100775193,0.6511627906976745,0.42637183837594234,43
temporal,0.25,dynamic_catboost,0.1,NEXUS,0.7575757575757577,0.5263157894736842,0.47368421052631576,0.7894736842105263,19
temporal,0.25,dynamic_catboost,0.1,TIDOC,0.4178571428571428,0.65625,0.34375,0.4148809523809524,32
temporal,0.25,dynamic_catboost,0.1,TIMOB,0.2480481037029368,0.8206521739130435,0.34782608695652173,0.21976308424725238,46
temporal,0.25,dynamic_catboost,0.1,TISTUD,0.6176470588235294,0.625,0.375,0.41011904761904755,24
temporal,0.25,dynamic_catboost,0.1,XD,0.4429040404040404,0.4666666666666667,1.2142857142857142,0.18045483965249298,14
temporal,0.25,dynamic_catboost,0.2,APIKIT,0.8888888888888888,0.6,0.4666666666666667,0.6411111111111112,15
temporal,0.25,dynamic_catboost,0.2,COMPASS,0.6053113553113553,0.9107142857142857,0.14285714285714285,0.3273603380746238,14
temporal,0.25,dynamic_catboost,0.2,CONFCLOUD,0.5570175438596491,0.8571428571428571,0.14285714285714285,0.5842403628117914,21
temporal,0.25,dynamic_catboost,0.2,CONFSERVER,0.48707070707070704,0.8793103448275862,0.15517241379310345,0.4539632781012091,58
temporal,0.25,dynamic_catboost,0.2,DM,0.44364314270065686,0.8727627257799672,0.3448275862068966,0.32881262686353757,58
temporal,0.25,dynamic_catboost,0.2,INDY,0.41025641025641024,0.5,0.6,0.28719576719576717,15
temporal,0.25,dynamic_catboost,0.2,IS,0.24731934731934732,0.5384615384615384,0.8461538461538461,0.2852647352647353,13
temporal,0.25,dynamic_catboost,0.2,MESOS,0.39963739963739964,0.6666666666666667,0.52,0.3163896103896104,25
temporal,0.25,dynamic_catboost,0.2,MULE,0.6666666666666666,0.4589147286821706,0.9534883720930233,0.46898751043757886,43
temporal,0.25,dynamic_catboost,0.2,NEXUS,0.8030303030303031,0.5263157894736842,0.47368421052631576,0.7982456140350876,19
temporal,0.25,dynamic_catboost,0.2,TIDOC,0.42976190476190473,0.65625,0.40625,0.42976190476190473,32
temporal,0.25,dynamic_catboost,0.2,TIMOB,0.3717478290727492,0.8267080745341614,0.5,0.29508805280191874,46
temporal,0.25,dynamic_catboost,0.2,TISTUD,0.6980392156862746,0.625,0.4583333333333333,0.4507936507936508,24
temporal,0.25,dynamic_catboost,0.2,XD,0.5823989898989899,0.476984126984127,2.0,0.2597101624510717,14
temporal,0.25,dynamic_catboost,0.3,APIKIT,0.8888888888888888,0.6,0.6,0.6627777777777778,15
temporal,0.25,dynamic_catboost,0.3,COMPASS,0.7124542124542125,0.7976190476190476,0.5,0.44969851576994435,14
temporal,0.25,dynamic_catboost,0.3,CONFCLOUD,0.6447368421052632,0.8809523809523809,0.14285714285714285,0.6458049886621315,21
temporal,0.25,dynamic_catboost,0.3,CONFSERVER,0.577056277056277,0.8879310344827587,0.1724137931034483,0.5241267353336319,58
temporal,0.25,dynamic_catboost,0.3,DM,0.6013121203874885,0.8599958949096881,0.5517241379310345,0.4332968760476026,58
temporal,0.25,dynamic_catboost,0.3,INDY,0.5256410256410257,0.5111111111111112,0.8666666666666667,0.39079365079365075,15
temporal,0.25,dynamic_catboost,0.3,IS,0.3722610722610723,0.5846153846153845,1.2307692307692308,0.39299034299034297,13
temporal,0.25,dynamic_catboost,0.3,MESOS,0.4642024642024642,0.61,0.72,0.39854329004329003,25
temporal,0.25,dynamic_catboost,0.3,MULE,0.7027777777777777,0.41362126245847175,1.4651162790697674,0.5362155855999905,43
temporal,0.25,dynamic_catboost,0.3,NEXUS,0.8333333333333333,0.5263157894736842,0.5263157894736842,0.8245614035087719,19
temporal,0.25,dynamic_catboost,0.3,TIDOC,0.5172619047619047,0.671875,0.5,0.5061011904761905,32
temporal,0.25,dynamic_catboost,0.3,TIMOB,0.4967990954615457,0.8104711713407365,0.7608695652173914,0.38783046324973036,46
temporal,0.25,dynamic_catboost,0.3,TISTUD,0.7666666666666666,0.576388888888889,0.5833333333333334,0.5067460317460317,24
temporal,0.25,dynamic_catboost,0.3,XD,0.7003030303030303,0.41875981161695447,3.0,0.34967977096393615,14
temporal,0.25,dynamic_no_cohort,0.1,APIKIT,0.8333333333333334,0.6,0.4,0.6216666666666666,15
temporal,0.25,dynamic_no_cohort,0.1,COMPASS,0.510989010989011,0.8928571428571429,0.14285714285714285,0.28359358895073183,14
temporal,0.25,dynamic_no_cohort,0.1,CONFCLOUD,0.5482456140350876,0.8571428571428571,0.14285714285714285,0.577437641723356,21
temporal,0.25,dynamic_no_cohort,0.1,CONFSERVER,0.4375613275613276,0.8793103448275862,0.1206896551724138,0.41943200477683235,58
temporal,0.25,dynamic_no_cohort,0.1,DM,0.3397315206456532,0.9209770114942528,0.10344827586206896,0.25357204110417053,58
temporal,0.25,dynamic_no_cohort,0.1,INDY,0.34615384615384615,0.6,0.4,0.2369312169312169,15
temporal,0.25,dynamic_no_cohort,0.1,IS,0.17039627039627037,0.5769230769230769,0.46153846153846156,0.19805194805194806,13
temporal,0.25,dynamic_no_cohort,0.1,MESOS,0.27815332815332816,0.6,0.44,0.2685930735930736,25
temporal,0.25,dynamic_no_cohort,0.1,MULE,0.5194444444444445,0.43798449612403095,0.7209302325581395,0.42637183837594234,43
temporal,0.25,dynamic_no_cohort,0.1,NEXUS,0.6666666666666666,0.47368421052631576,0.5263157894736842,0.7894736842105263,19
temporal,0.25,dynamic_no_cohort,0.1,TIDOC,0.4238095238095238,0.6875,0.3125,0.4148809523809524,32
temporal,0.25,dynamic_no_cohort,0.1,TIMOB,0.24879215132198443,0.8242753623188406,0.34782608695652173,0.21976308424725238,46
temporal,0.25,dynamic_no_cohort,0.1,TISTUD,0.6490196078431373,0.7083333333333334,0.2916666666666667,0.41011904761904755,24
temporal,0.25,dynamic_no_cohort,0.1,XD,0.4844949494949494,0.5440476190476191,1.0,0.18045483965249298,14
temporal,0.25,dynamic_no_cohort,0.2,APIKIT,0.8888888888888888,0.6,0.4666666666666667,0.6411111111111112,15
temporal,0.25,dynamic_no_cohort,0.2,COMPASS,0.5924908424908425,0.8928571428571429,0.21428571428571427,0.3273603380746238,14
temporal,0.25,dynamic_no_cohort,0.2,CONFCLOUD,0.5570175438596491,0.8571428571428571,0.14285714285714285,0.5842403628117914,21
temporal,0.25,dynamic_no_cohort,0.2,CONFSERVER,0.4745165945165945,0.8620689655172413,0.1724137931034483,0.4539632781012091,58
temporal,0.25,dynamic_no_cohort,0.2,DM,0.4365724356299498,0.868452380952381,0.3448275862068966,0.32881262686353757,58
temporal,0.25,dynamic_no_cohort,0.2,INDY,0.3974358974358974,0.5,0.6,0.28719576719576717,15
temporal,0.25,dynamic_no_cohort,0.2,IS,0.27296037296037295,0.5769230769230769,0.7692307692307693,0.2852647352647353,13
temporal,0.25,dynamic_no_cohort,0.2,MESOS,0.33614533614533615,0.5866666666666667,0.6,0.3163896103896104,25
temporal,0.25,dynamic_no_cohort,0.2,MULE,0.6194444444444444,0.42790697674418604,1.0,0.46898751043757886,43
temporal,0.25,dynamic_no_cohort,0.2,NEXUS,0.712121212121212,0.47368421052631576,0.5263157894736842,0.7982456140350876,19
temporal,0.25,dynamic_no_cohort,0.2,TIDOC,0.43571428571428567,0.671875,0.375,0.42976190476190473,32
temporal,0.25,dynamic_no_cohort,0.2,TIMOB,0.3557902476713273,0.8058747412008281,0.6086956521739131,0.29508805280191874,46
temporal,0.25,dynamic_no_cohort,0.2,TISTUD,0.7176470588235294,0.6458333333333334,0.4166666666666667,0.4507936507936508,24
temporal,0.25,dynamic_no_cohort,0.2,XD,0.5948989898989898,0.4876984126984127,1.9285714285714286,0.2597101624510717,14
temporal,0.25,dynamic_no_cohort,0.3,APIKIT,0.8888888888888888,0.6,0.6,0.6627777777777778,15
temporal,0.25,dynamic_no_cohort,0.3,COMPASS,0.7124542124542125,0.7976190476190476,0.5,0.44969851576994435,14
temporal,0.25,dynamic_no_cohort,0.3,CONFCLOUD,0.6447368421052632,0.8809523809523809,0.14285714285714285,0.6458049886621315,21
temporal,0.25,dynamic_no_cohort,0.3,CONFSERVER,0.5603896103896103,0.8620689655172413,0.20689655172413793,0.5241267353336319,58
temporal,0.25,dynamic_no_cohort,0.3,DM,0.5808028988650387,0.8407293377120963,0.6551724137931034,0.4332968760476026,58
temporal,0.25,dynamic_no_cohort,0.3,INDY,0.49358974358974356,0.4888888888888889,0.9333333333333333,0.39079365079365075,15
temporal,0.25,dynamic_no_cohort,0.3,IS,0.3914918414918415,0.6038461538461538,1.1538461538461537,0.39299034299034297,13
temporal,0.25,dynamic_no_cohort,0.3,MESOS,0.4642024642024642,0.61,0.72,0.39854329004329003,25
temporal,0.25,dynamic_no_cohort,0.3,MULE,0.6861111111111111,0.4014396456256922,1.441860465116279,0.5362155855999905,43
temporal,0.25,dynamic_no_cohort,0.3,NEXUS,0.7424242424242423,0.47368421052631576,0.5789473684210527,0.8245614035087719,19
temporal,0.25,dynamic_no_cohort,0.3,TIDOC,0.5113095238095238,0.6510416666666666,0.5,0.5061011904761905,32
temporal,0.25,dynamic_no_cohort,0.3,TIMOB,0.4851686248183939,0.7914831545266329,0.9130434782608695,0.38783046324973036,46
temporal,0.25,dynamic_no_cohort,0.3,TISTUD,0.8156862745098039,0.6180555555555556,0.5,0.5067460317460317,24
temporal,0.25,dynamic_no_cohort,0.3,XD,0.7237121212121213,0.43610675039246466,2.9285714285714284,0.34967977096393615,14
temporal,0.25,frequency,0.1,APIKIT,0.6111111111111112,0.4666666666666667,0.5333333333333333,0.6216666666666666,15
temporal,0.25,frequency,0.1,COMPASS,0.29945054945054944,0.6428571428571429,0.42857142857142855,0.28359358895073183,14
temporal,0.25,frequency,0.1,CONFCLOUD,0.543859649122807,0.8571428571428571,0.14285714285714285,0.577437641723356,21
temporal,0.25,frequency,0.1,CONFSERVER,0.36784271284271286,0.7155172413793104,0.29310344827586204,0.41943200477683235,58
temporal,0.25,frequency,0.1,DM,0.24037997244525713,0.6149425287356322,0.7068965517241379,0.25357204110417053,58
temporal,0.25,frequency,0.1,INDY,0.19871794871794873,0.3333333333333333,0.6666666666666666,0.2369312169312169,15
temporal,0.25,frequency,0.1,IS,0.17360139860139862,0.5384615384615384,0.5384615384615384,0.19805194805194806,13
temporal,0.25,frequency,0.1,MESOS,0.24323269323269323,0.52,0.56,0.2685930735930736,25
temporal,0.25,frequency,0.1,MULE,0.2555555555555556,0.22093023255813954,1.0232558139534884,0.42637183837594234,43
temporal,0.25,frequency,0.1,NEXUS,0.7575757575757577,0.5263157894736842,0.47368421052631576,0.7894736842105263,19
temporal,0.25,frequency,0.1,TIDOC,0.3464285714285714,0.59375,0.40625,0.4148809523809524,32
temporal,0.25,frequency,0.1,TIMOB,0.18313380959049044,0.5957556935817806,1.065217391304348,0.21976308424725238,46
temporal,0.25,frequency,0.1,TISTUD,0.1980392156862745,0.25,0.75,0.41011904761904755,24
temporal,0.25,frequency,0.1,XD,0.1754040404040404,0.2738095238095238,1.7857142857142858,0.18045483965249298,14
temporal,0.25,frequency,0.2,APIKIT,0.6666666666666666,0.4666666666666667,0.6,0.6411111111111112,15
temporal,0.25,frequency,0.2,COMPASS,0.3617216117216117,0.630952380952381,0.5714285714285714,0.3273603380746238,14
temporal,0.25,frequency,0.2,CONFCLOUD,0.5526315789473685,0.8571428571428571,0.14285714285714285,0.5842403628117914,21
temporal,0.25,frequency,0.2,CONFSERVER,0.4112914862914863,0.7528735632183907,0.3275862068965517,0.4539632781012091,58
temporal,0.25,frequency,0.2,DM,0.3198808295954247,0.628756157635468,1.1896551724137931,0.32881262686353757,58
temporal,0.25,frequency,0.2,INDY,0.24358974358974358,0.36666666666666664,0.8666666666666667,0.28719576719576717,15
temporal,0.25,frequency,0.2,IS,0.2665501165501165,0.5897435897435896,0.8461538461538461,0.2852647352647353,13
temporal,0.25,frequency,0.2,MESOS,0.32666222666222666,0.54,0.68,0.3163896103896104,25
temporal,0.25,frequency,0.2,MULE,0.3055555555555555,0.23062015503875968,1.4186046511627908,0.46898751043757886,43
temporal,0.25,frequency,0.2,NEXUS,0.7575757575757577,0.5,0.5263157894736842,0.7982456140350876,19
temporal,0.25,frequency,0.2,TIDOC,0.3761904761904762,0.609375,0.4375,0.42976190476190473,32
temporal,0.25,frequency,0.2,TIMOB,0.2829172252375317,0.6535526068134764,1.565217391304348,0.29508805280191874,46
temporal,0.25,frequency,0.2,TISTUD,0.21764705882352942,0.25,0.9583333333333334,0.4507936507936508,24
temporal,0.25,frequency,0.2,XD,0.3267171717171717,0.31819727891156463,2.7857142857142856,0.2597101624510717,14
temporal,0.25,frequency,0.3,APIKIT,0.6666666666666666,0.4666666666666667,0.7333333333333333,0.6627777777777778,15
temporal,0.25,frequency,0.3,COMPASS,0.4752747252747253,0.6011904761904762,1.0714285714285714,0.44969851576994435,14
temporal,0.25,frequency,0.3,CONFCLOUD,0.6403508771929824,0.8809523809523809,0.14285714285714285,0.6458049886621315,21
temporal,0.25,frequency,0.3,CONFSERVER,0.482012987012987,0.7528735632183907,0.43103448275862066,0.5241267353336319,58
temporal,0.25,frequency,0.3,DM,0.45668613984921086,0.6645923520923521,1.706896551724138,0.4332968760476026,58
temporal,0.25,frequency,0.3,INDY,0.26282051282051283,0.3111111111111111,1.3333333333333333,0.39079365079365075,15
temporal,0.25,frequency,0.3,IS,0.4273310023310023,0.6192307692307693,1.0769230769230769,0.39299034299034297,13
temporal,0.25,frequency,0.3,MESOS,0.39757649757649755,0.5579999999999999,0.88,0.39854329004329003,25
temporal,0.25,frequency,0.3,MULE,0.35833333333333334,0.24379844961240313,1.930232558139535,0.5362155855999905,43
temporal,0.25,frequency,0.3,NEXUS,0.7575757575757577,0.47368421052631576,0.631578947368421,0.8245614035087719,19
temporal,0.25,frequency,0.3,TIDOC,0.47559523809523807,0.6614583333333334,0.5,0.5061011904761905,32
temporal,0.25,frequency,0.3,TIMOB,0.3847489322037357,0.6536212278060104,2.3260869565217392,0.38783046324973036,46
temporal,0.25,frequency,0.3,TISTUD,0.34509803921568627,0.2916666666666667,1.0416666666666667,0.5067460317460317,24
temporal,0.25,frequency,0.3,XD,0.43351010101010096,0.29931972789115646,3.857142857142857,0.34967977096393615,14
temporal,0.25,static_catboost,0.1,APIKIT,0.8333333333333334,0.6,0.4,0.6216666666666666,15
temporal,0.25,static_catboost,0.1,COMPASS,0.510989010989011,0.8928571428571429,0.14285714285714285,0.28359358895073183,14
temporal,0.25,static_catboost,0.1,CONFCLOUD,0.5043859649122807,0.7619047619047619,0.23809523809523808,0.577437641723356,21
temporal,0.25,static_catboost,0.1,CONFSERVER,0.42208513708513706,0.8620689655172413,0.13793103448275862,0.41943200477683235,58
temporal,0.25,static_catboost,0.1,DM,0.32640868186826905,0.9080459770114943,0.13793103448275862,0.25357204110417053,58
temporal,0.25,static_catboost,0.1,INDY,0.20512820512820512,0.4666666666666667,0.5333333333333333,0.2369312169312169,15
temporal,0.25,static_catboost,0.1,IS,0.19603729603729603,0.6538461538461539,0.38461538461538464,0.19805194805194806,13
temporal,0.25,static_catboost,0.1,MESOS,0.25910570910570907,0.56,0.52,0.2685930735930736,25
temporal,0.25,static_catboost,0.1,MULE,0.3472222222222222,0.3449612403100775,0.8372093023255814,0.42637183837594234,43
temporal,0.25,static_catboost,0.1,NEXUS,0.7272727272727273,0.47368421052631576,0.5263157894736842,0.7894736842105263,19
temporal,0.25,static_catboost,0.1,TIDOC,0.4505952380952381,0.71875,0.28125,0.4148809523809524,32
temporal,0.25,static_catboost,0.1,TIMOB,0.22999002057474957,0.769927536231884,0.45652173913043476,0.21976308424725238,46
temporal,0.25,static_catboost,0.1,TISTUD,0.4725490196078431,0.5833333333333334,0.4166666666666667,0.41011904761904755,24
temporal,0.25,static_catboost,0.1,XD,0.2769949494949495,0.39285714285714285,1.4285714285714286,0.18045483965249298,14
temporal,0.25,static_catboost,0.2,APIKIT,0.8333333333333334,0.5666666666666667,0.5333333333333333,0.6411111111111112,15
temporal,0.25,static_catboost,0.2,COMPASS,0.5796703296703296,0.8571428571428571,0.2857142857142857,0.3273603380746238,14
temporal,0.25,static_catboost,0.2,CONFCLOUD,0.5043859649122807,0.7380952380952381,0.2857142857142857,0.5842403628117914,21
temporal,0.25,static_catboost,0.2,CONFSERVER,0.46449494949494946,0.8706896551724138,0.1724137931034483,0.4539632781012091,58
temporal,0.25,static_catboost,0.2,DM,0.4148126183721088,0.8279146141215107,0.46551724137931033,0.32881262686353757,58
temporal,0.25,static_catboost,0.2,INDY,0.35256410256410253,0.5333333333333333,0.6,0.28719576719576717,15
temporal,0.25,static_catboost,0.2,IS,0.2863636363636364,0.6153846153846154,0.6923076923076923,0.2852647352647353,13
temporal,0.25,static_catboost,0.2,MESOS,0.3139231139231139,0.5866666666666667,0.72,0.3163896103896104,25
temporal,0.25,static_catboost,0.2,MULE,0.4222222222222222,0.3124031007751938,1.1627906976744187,0.46898751043757886,43
temporal,0.25,static_catboost,0.2,NEXUS,0.7272727272727273,0.4473684210526316,0.5789473684210527,0.7982456140350876,19
temporal,0.25,static_catboost,0.2,TIDOC,0.46249999999999997,0.71875,0.34375,0.42976190476190473,32
temporal,0.25,static_catboost,0.2,TIMOB,0.3404630470119257,0.7622153209109731,0.7391304347826086,0.29508805280191874,46
temporal,0.25,static_catboost,0.2,TISTUD,0.5509803921568628,0.5416666666666666,0.5833333333333334,0.4507936507936508,24
temporal,0.25,static_catboost,0.2,XD,0.4233080808080808,0.4017006802721088,2.4285714285714284,0.2597101624510717,14
temporal,0.25,static_catboost,0.3,APIKIT,0.8333333333333334,0.5666666666666667,0.6666666666666666,0.6627777777777778,15
temporal,0.25,static_catboost,0.3,COMPASS,0.6996336996336996,0.7738095238095238,0.5714285714285714,0.44969851576994435,14
temporal,0.25,static_catboost,0.3,CONFCLOUD,0.5745614035087719,0.7698412698412699,0.3333333333333333,0.6458049886621315,21
temporal,0.25,static_catboost,0.3,CONFSERVER,0.5409956709956709,0.8477011494252873,0.2413793103448276,0.5241267353336319,58
temporal,0.25,static_catboost,0.3,DM,0.5449402426754818,0.8008813504503159,0.8793103448275862,0.4332968760476026,58
temporal,0.25,static_catboost,0.3,INDY,0.42948717948717946,0.45555555555555555,1.0,0.39079365079365075,15
temporal,0.25,static_catboost,0.3,IS,0.38945221445221445,0.6282051282051282,1.0,0.39299034299034297,13
temporal,0.25,static_catboost,0.3,MESOS,0.3716098716098716,0.54,1.0,0.39854329004329003,25
temporal,0.25,static_catboost,0.3,MULE,0.4861111111111111,0.2944629014396456,1.6511627906976745,0.5362155855999905,43
temporal,0.25,static_catboost,0.3,NEXUS,0.8484848484848485,0.5,0.5789473684210527,0.8245614035087719,19
temporal,0.25,static_catboost,0.3,TIDOC,0.5380952380952381,0.6979166666666666,0.46875,0.5061011904761905,32
temporal,0.25,static_catboost,0.3,TIMOB,0.45192021307918895,0.7482162463140725,1.2173913043478262,0.38783046324973036,46
temporal,0.25,static_catboost,0.3,TISTUD,0.6,0.4791666666666667,0.75,0.5067460317460317,24
temporal,0.25,static_catboost,0.3,XD,0.511010101010101,0.33435374149659863,3.642857142857143,0.34967977096393615,14
temporal,0.25,static_lr,0.1,APIKIT,0.7222222222222222,0.5333333333333333,0.4666666666666667,0.6216666666666666,15
temporal,0.25,static_lr,0.1,COMPASS,0.42124542124542125,0.7142857142857143,0.35714285714285715,0.28359358895073183,14
temporal,0.25,static_lr,0.1,CONFCLOUD,0.5307017543859649,0.8095238095238095,0.19047619047619047,0.577437641723356,21
temporal,0.25,static_lr,0.1,CONFSERVER,0.42814574314574316,0.8793103448275862,0.1206896551724138,0.41943200477683235,58
temporal,0.25,static_lr,0.1,DM,0.3062643817239688,0.8951149425287356,0.15517241379310345,0.25357204110417053,58
temporal,0.25,static_lr,0.1,INDY,0.22435897435897434,0.4,0.6,0.2369312169312169,15
temporal,0.25,static_lr,0.1,IS,0.19924242424242422,0.6153846153846154,0.46153846153846156,0.19805194805194806,13
temporal,0.25,static_lr,0.1,MESOS,0.22290302290302288,0.44,0.6,0.2685930735930736,25
temporal,0.25,static_lr,0.1,MULE,0.44166666666666665,0.3875968992248062,0.7906976744186046,0.42637183837594234,43
temporal,0.25,static_lr,0.1,NEXUS,0.8484848484848485,0.5789473684210527,0.42105263157894735,0.7894736842105263,19
temporal,0.25,static_lr,0.1,TIDOC,0.46249999999999997,0.78125,0.21875,0.4148809523809524,32
temporal,0.25,static_lr,0.1,TIMOB,0.23186396185086475,0.7745859213250518,0.45652173913043476,0.21976308424725238,46
temporal,0.25,static_lr,0.1,TISTUD,0.46078431372549017,0.5416666666666666,0.4583333333333333,0.41011904761904755,24
temporal,0.25,static_lr,0.1,XD,0.2488131313131313,0.2761904761904762,1.6428571428571428,0.18045483965249298,14
temporal,0.25,static_lr,0.2,APIKIT,0.7222222222222222,0.5,0.6,0.6411111111111112,15
temporal,0.25,static_lr,0.2,COMPASS,0.5155677655677656,0.75,0.35714285714285715,0.3273603380746238,14
temporal,0.25,static_lr,0.2,CONFCLOUD,0.5307017543859649,0.7857142857142857,0.23809523809523808,0.5842403628117914,21
temporal,0.25,static_lr,0.2,CONFSERVER,0.46856421356421357,0.8706896551724138,0.1724137931034483,0.4539632781012091,58
temporal,0.25,static_lr,0.2,DM,0.4161434706555303,0.839675697865353,0.43103448275862066,0.32881262686353757,58
temporal,0.25,static_lr,0.2,INDY,0.2692307692307692,0.4,0.8,0.28719576719576717,15
temporal,0.25,static_lr,0.2,IS,0.3632867132867133,0.7307692307692307,0.5384615384615384,0.2852647352647353,13
temporal,0.25,static_lr,0.2,MESOS,0.26184741184741184,0.42666666666666664,0.84,0.3163896103896104,25
temporal,0.25,static_lr,0.2,MULE,0.5111111111111111,0.363953488372093,1.186046511627907,0.46898751043757886,43
temporal,0.25,static_lr,0.2,NEXUS,0.8484848484848485,0.5526315789473685,0.47368421052631576,0.7982456140350876,19
temporal,0.25,static_lr,0.2,TIDOC,0.4744047619047619,0.75,0.28125,0.42976190476190473,32
temporal,0.25,static_lr,0.2,TIMOB,0.34386430305105486,0.7685300207039338,0.717391304347826,0.29508805280191874,46
temporal,0.25,static_lr,0.2,TISTUD,0.6,0.5833333333333334,0.5,0.4507936507936508,24
temporal,0.25,static_lr,0.2,XD,0.2924242424242424,0.22001133786848073,3.0,0.2597101624510717,14
temporal,0.25,static_lr,0.3,APIKIT,0.7222222222222222,0.5,0.7333333333333333,0.6627777777777778,15
temporal,0.25,static_lr,0.3,COMPASS,0.6611721611721612,0.7142857142857143,0.6428571428571429,0.44969851576994435,14
temporal,0.25,static_lr,0.3,CONFCLOUD,0.618421052631579,0.8412698412698413,0.23809523809523808,0.6458049886621315,21
temporal,0.25,static_lr,0.3,CONFSERVER,0.5327705627705628,0.8318965517241379,0.29310344827586204,0.5241267353336319,58
temporal,0.25,static_lr,0.3,DM,0.5403966591988839,0.8001704234462855,0.8448275862068966,0.4332968760476026,58
temporal,0.25,static_lr,0.3,INDY,0.38461538461538464,0.4222222222222222,1.0666666666666667,0.39079365079365075,15
temporal,0.25,static_lr,0.3,IS,0.4972610722610723,0.7192307692307692,0.8461538461538461,0.39299034299034297,13
temporal,0.25,static_lr,0.3,MESOS,0.35128020128020127,0.46799999999999997,1.04,0.39854329004329003,25
temporal,0.25,static_lr,0.3,MULE,0.5888888888888889,0.3488925802879291,1.627906976744186,0.5362155855999905,43
temporal,0.25,static_lr,0.3,NEXUS,0.8787878787878788,0.5263157894736842,0.5263157894736842,0.8245614035087719,19
temporal,0.25,static_lr,0.3,TIDOC,0.5976190476190476,0.7708333333333334,0.34375,0.5061011904761905,32
temporal,0.25,static_lr,0.3,TIMOB,0.46047915249729005,0.7665788317962231,1.0869565217391304,0.38783046324973036,46
temporal,0.25,static_lr,0.3,TISTUD,0.6196078431372549,0.5,0.7083333333333334,0.5067460317460317,24
temporal,0.25,static_lr,0.3,XD,0.3749242424242424,0.1891679748822606,4.428571428571429,0.34967977096393615,14
temporal,0.5,business_rule,0.1,APIKIT,0.7222222222222222,0.5333333333333333,0.4666666666666667,0.6216666666666666,15
temporal,0.5,business_rule,0.1,COMPASS,0.5238095238095238,0.9285714285714286,0.07142857142857142,0.28359358895073183,14
temporal,0.5,business_rule,0.1,CONFCLOUD,0.543859649122807,0.8571428571428571,0.14285714285714285,0.577437641723356,21
temporal,0.5,business_rule,0.1,CONFSERVER,0.45690476190476187,0.8793103448275862,0.1206896551724138,0.41943200477683235,58
temporal,0.5,business_rule,0.1,DM,0.2684103758264847,0.7686781609195402,0.3793103448275862,0.25357204110417053,58
temporal,0.5,business_rule,0.1,INDY,0.5769230769230769,0.8666666666666667,0.13333333333333333,0.2369312169312169,15
temporal,0.5,business_rule,0.1,IS,0.2857808857808858,0.8461538461538461,0.15384615384615385,0.19805194805194806,13
temporal,0.5,business_rule,0.1,MESOS,0.39720094720094723,0.7,0.32,0.2685930735930736,25
temporal,0.5,business_rule,0.1,MULE,0.611111111111111,0.5077519379844961,0.627906976744186,0.42637183837594234,43
temporal,0.5,business_rule,0.1,NEXUS,0.6666666666666666,0.47368421052631576,0.5263157894736842,0.7894736842105263,19
temporal,0.5,business_rule,0.1,TIDOC,0.4119047619047619,0.65625,0.34375,0.4148809523809524,32
temporal,0.5,business_rule,0.1,TIMOB,0.23854547430359874,0.8188405797101449,0.30434782608695654,0.21976308424725238,46
temporal,0.5,business_rule,0.1,TISTUD,0.6196078431372549,0.6666666666666666,0.3333333333333333,0.41011904761904755,24
temporal,0.5,business_rule,0.1,XD,0.47679292929292927,0.5142857142857143,1.0714285714285714,0.18045483965249298,14
temporal,0.5,business_rule,0.2,APIKIT,0.7777777777777778,0.5333333333333333,0.5333333333333333,0.6411111111111112,15
temporal,0.5,business_rule,0.2,COMPASS,0.618131868131868,0.9285714285714286,0.07142857142857142,0.3273603380746238,14
temporal,0.5,business_rule,0.2,CONFCLOUD,0.5526315789473685,0.8571428571428571,0.14285714285714285,0.5842403628117914,21
temporal,0.5,business_rule,0.2,CONFSERVER,0.509011544011544,0.896551724137931,0.1206896551724138,0.4539632781012091,58
temporal,0.5,business_rule,0.2,DM,0.39456507803365937,0.7928776683087028,0.5344827586206896,0.32881262686353757,58
temporal,0.5,business_rule,0.2,INDY,0.6217948717948718,0.7666666666666667,0.3333333333333333,0.28719576719576717,15
temporal,0.5,business_rule,0.2,IS,0.40495337995338,0.8076923076923077,0.3076923076923077,0.2852647352647353,13
temporal,0.5,business_rule,0.2,MESOS,0.4763569763569763,0.7133333333333333,0.4,0.3163896103896104,25
temporal,0.5,business_rule,0.2,MULE,0.6944444444444444,0.48604651162790696,0.9534883720930233,0.46898751043757886,43
temporal,0.5,business_rule,0.2,NEXUS,0.712121212121212,0.47368421052631576,0.5263157894736842,0.7982456140350876,19
temporal,0.5,business_rule,0.2,TIDOC,0.4416666666666667,0.640625,0.375,0.42976190476190473,32
temporal,0.5,business_rule,0.2,TIMOB,0.3628078852501023,0.836413043478261,0.5,0.29508805280191874,46
temporal,0.5,business_rule,0.2,TISTUD,0.6509803921568628,0.5833333333333334,0.5,0.4507936507936508,24
temporal,0.5,business_rule,0.2,XD,0.6196969696969697,0.5191609977324263,1.8571428571428572,0.2597101624510717,14
temporal,0.5,business_rule,0.3,APIKIT,0.7777777777777778,0.5333333333333333,0.6666666666666666,0.6627777777777778,15
temporal,0.5,business_rule,0.3,COMPASS,0.738095238095238,0.8214285714285714,0.35714285714285715,0.44969851576994435,14
temporal,0.5,business_rule,0.3,CONFCLOUD,0.6271929824561403,0.8571428571428571,0.19047619047619047,0.6458049886621315,21
temporal,0.5,business_rule,0.3,CONFSERVER,0.6009451659451659,0.9137931034482759,0.13793103448275862,0.5241267353336319,58
temporal,0.5,business_rule,0.3,DM,0.5455807618960741,0.8013951087226949,0.7758620689655172,0.4332968760476026,58
temporal,0.5,business_rule,0.3,INDY,0.8012820512820512,0.7444444444444444,0.4666666666666667,0.39079365079365075,15
temporal,0.5,business_rule,0.3,IS,0.5016317016317017,0.7692307692307693,0.6153846153846154,0.39299034299034297,13
temporal,0.5,business_rule,0.3,MESOS,0.5567950567950568,0.69,0.56,0.39854329004329003,25
temporal,0.5,business_rule,0.3,MULE,0.788888888888889,0.46245847176079735,1.372093023255814,0.5362155855999905,43
temporal,0.5,business_rule,0.3,NEXUS,0.7424242424242423,0.47368421052631576,0.5789473684210527,0.8245614035087719,19
temporal,0.5,business_rule,0.3,TIDOC,0.5291666666666667,0.671875,0.46875,0.5061011904761905,32
temporal,0.5,business_rule,0.3,TIMOB,0.4919065702696508,0.8193064182194617,0.7608695652173914,0.38783046324973036,46
temporal,0.5,business_rule,0.3,TISTUD,0.6901960784313725,0.5347222222222222,0.6666666666666666,0.5067460317460317,24
temporal,0.5,business_rule,0.3,XD,0.7716919191919193,0.4755625327053899,2.642857142857143,0.34967977096393615,14
temporal,0.5,dynamic_catboost,0.1,APIKIT,0.8333333333333334,0.6,0.4,0.6216666666666666,15
temporal,0.5,dynamic_catboost,0.1,COMPASS,0.5238095238095238,0.9285714285714286,0.07142857142857142,0.28359358895073183,14
temporal,0.5,dynamic_catboost,0.1,CONFCLOUD,0.5219298245614035,0.8095238095238095,0.19047619047619047,0.577437641723356,21
temporal,0.5,dynamic_catboost,0.1,CONFSERVER,0.4682972582972583,0.9224137931034483,0.08620689655172414,0.41943200477683235,58
temporal,0.5,dynamic_catboost,0.1,DM,0.3512466721608047,0.9482758620689655,0.05172413793103448,0.25357204110417053,58
temporal,0.5,dynamic_catboost,0.1,INDY,0.38461538461538464,0.6666666666666666,0.3333333333333333,0.2369312169312169,15
temporal,0.5,dynamic_catboost,0.1,IS,0.265967365967366,0.8076923076923077,0.23076923076923078,0.19805194805194806,13
temporal,0.5,dynamic_catboost,0.1,MESOS,0.28873533873533874,0.62,0.44,0.2685930735930736,25
temporal,0.5,dynamic_catboost,0.1,MULE,0.6805555555555556,0.5968992248062016,0.5116279069767442,0.42637183837594234,43
temporal,0.5,dynamic_catboost,0.1,NEXUS,0.7575757575757577,0.5263157894736842,0.47368421052631576,0.7894736842105263,19
temporal,0.5,dynamic_catboost,0.1,TIDOC,0.5160714285714285,0.84375,0.15625,0.4148809523809524,32
temporal,0.5,dynamic_catboost,0.1,TIMOB,0.26011354597671243,0.8605072463768116,0.21739130434782608,0.21976308424725238,46
temporal,0.5,dynamic_catboost,0.1,TISTUD,0.6294117647058823,0.6666666666666666,0.3333333333333333,0.41011904761904755,24
temporal,0.5,dynamic_catboost,0.1,XD,0.4394949494949495,0.46071428571428574,1.2142857142857142,0.18045483965249298,14
temporal,0.5,dynamic_catboost,0.2,APIKIT,0.8888888888888888,0.6,0.4666666666666667,0.6411111111111112,15
temporal,0.5,dynamic_catboost,0.2,COMPASS,0.618131868131868,0.9285714285714286,0.07142857142857142,0.3273603380746238,14
temporal,0.5,dynamic_catboost,0.2,CONFCLOUD,0.5307017543859649,0.8095238095238095,0.19047619047619047,0.5842403628117914,21
temporal,0.5,dynamic_catboost,0.2,CONFSERVER,0.506010101010101,0.9080459770114943,0.13793103448275862,0.4539632781012091,58
temporal,0.5,dynamic_catboost,0.2,DM,0.44649162754914173,0.8802545155993432,0.29310344827586204,0.32881262686353757,58
temporal,0.5,dynamic_catboost,0.2,INDY,0.532051282051282,0.6666666666666666,0.4,0.28719576719576717,15
temporal,0.5,dynamic_catboost,0.2,IS,0.39475524475524476,0.717948717948718,0.46153846153846156,0.2852647352647353,13
temporal,0.5,dynamic_catboost,0.2,MESOS,0.3678913678913679,0.6466666666666667,0.52,0.3163896103896104,25
temporal,0.5,dynamic_catboost,0.2,MULE,0.7722222222222223,0.5430232558139535,0.8372093023255814,0.46898751043757886,43
temporal,0.5,dynamic_catboost,0.2,NEXUS,0.8030303030303031,0.5263157894736842,0.47368421052631576,0.7982456140350876,19
temporal,0.5,dynamic_catboost,0.2,TIDOC,0.5458333333333333,0.828125,0.1875,0.42976190476190473,32
temporal,0.5,dynamic_catboost,0.2,TIMOB,0.3796047360805666,0.8492236024844722,0.3695652173913043,0.29508805280191874,46
temporal,0.5,dynamic_catboost,0.2,TISTUD,0.6980392156862746,0.625,0.4583333333333333,0.4507936507936508,24
temporal,0.5,dynamic_catboost,0.2,XD,0.591489898989899,0.4907596371882086,1.9285714285714286,0.2597101624510717,14
temporal,0.5,dynamic_catboost,0.3,APIKIT,0.8888888888888888,0.6,0.6,0.6627777777777778,15
temporal,0.5,dynamic_catboost,0.3,COMPASS,0.738095238095238,0.8214285714285714,0.35714285714285715,0.44969851576994435,14
temporal,0.5,dynamic_catboost,0.3,CONFCLOUD,0.618421052631579,0.8333333333333334,0.19047619047619047,0.6458049886621315,21
temporal,0.5,dynamic_catboost,0.3,CONFSERVER,0.5969047619047618,0.9094827586206896,0.15517241379310345,0.5241267353336319,58
temporal,0.5,dynamic_catboost,0.3,DM,0.578669328835606,0.8313834154351396,0.6379310344827587,0.4332968760476026,58
temporal,0.5,dynamic_catboost,0.3,INDY,0.6474358974358974,0.6444444444444444,0.6666666666666666,0.39079365079365075,15
temporal,0.5,dynamic_catboost,0.3,IS,0.45938228438228434,0.676923076923077,0.8461538461538461,0.39299034299034297,13
temporal,0.5,dynamic_catboost,0.3,MESOS,0.5038850038850039,0.65,0.64,0.39854329004329003,25
temporal,0.5,dynamic_catboost,0.3,MULE,0.8305555555555556,0.5066998892580288,1.302325581395349,0.5362155855999905,43
temporal,0.5,dynamic_catboost,0.3,NEXUS,0.8333333333333333,0.5263157894736842,0.5263157894736842,0.8245614035087719,19
temporal,0.5,dynamic_catboost,0.3,TIDOC,0.6244047619047619,0.78125,0.3125,0.5061011904761905,32
temporal,0.5,dynamic_catboost,0.3,TIMOB,0.5241661429376449,0.8439605684170901,0.5434782608695652,0.38783046324973036,46
temporal,0.5,dynamic_catboost,0.3,TISTUD,0.7666666666666666,0.576388888888889,0.5833333333333334,0.5067460317460317,24
temporal,0.5,dynamic_catboost,0.3,XD,0.7343939393939394,0.4497121925693354,2.7857142857142856,0.34967977096393615,14
temporal,0.5,dynamic_no_cohort,0.1,APIKIT,0.8333333333333334,0.6,0.4,0.6216666666666666,15
temporal,0.5,dynamic_no_cohort,0.1,COMPASS,0.5238095238095238,0.9285714285714286,0.07142857142857142,0.28359358895073183,14
temporal,0.5,dynamic_no_cohort,0.1,CONFCLOUD,0.5482456140350876,0.8571428571428571,0.14285714285714285,0.577437641723356,21
temporal,0.5,dynamic_no_cohort,0.1,CONFSERVER,0.4682972582972583,0.9224137931034483,0.08620689655172414,0.41943200477683235,58
temporal,0.5,dynamic_no_cohort,0.1,DM,0.33790546791050957,0.9209770114942528,0.10344827586206896,0.25357204110417053,58
temporal,0.5,dynamic_no_cohort,0.1,INDY,0.46153846153846156,0.7333333333333333,0.26666666666666666,0.2369312169312169,15
temporal,0.5,dynamic_no_cohort,0.1,IS,0.22808857808857808,0.6923076923076923,0.3076923076923077,0.19805194805194806,13
temporal,0.5,dynamic_no_cohort,0.1,MESOS,0.2966718466718467,0.58,0.48,0.2685930735930736,25
temporal,0.5,dynamic_no_cohort,0.1,MULE,0.7083333333333334,0.6162790697674418,0.46511627906976744,0.42637183837594234,43
temporal,0.5,dynamic_no_cohort,0.1,NEXUS,0.7575757575757577,0.5263157894736842,0.47368421052631576,0.7894736842105263,19
temporal,0.5,dynamic_no_cohort,0.1,TIDOC,0.5041666666666667,0.8125,0.1875,0.4148809523809524,32
temporal,0.5,dynamic_no_cohort,0.1,TIMOB,0.25227785131237324,0.8442028985507247,0.2826086956521739,0.21976308424725238,46
temporal,0.5,dynamic_no_cohort,0.1,TISTUD,0.6196078431372549,0.6666666666666666,0.3333333333333333,0.41011904761904755,24
temporal,0.5,dynamic_no_cohort,0.1,XD,0.47199494949494947,0.5202380952380953,1.0714285714285714,0.18045483965249298,14
temporal,0.5,dynamic_no_cohort,0.2,APIKIT,0.8888888888888888,0.6,0.4666666666666667,0.6411111111111112,15
temporal,0.5,dynamic_no_cohort,0.2,COMPASS,0.618131868131868,0.9285714285714286,0.07142857142857142,0.3273603380746238,14
temporal,0.5,dynamic_no_cohort,0.2,CONFCLOUD,0.5570175438596491,0.8571428571428571,0.14285714285714285,0.5842403628117914,21
temporal,0.5,dynamic_no_cohort,0.2,CONFSERVER,0.5082828282828283,0.9166666666666666,0.1206896551724138,0.4539632781012091,58
temporal,0.5,dynamic_no_cohort,0.2,DM,0.43851327257078676,0.8599958949096881,0.3103448275862069,0.32881262686353757,58
temporal,0.5,dynamic_no_cohort,0.2,INDY,0.532051282051282,0.6666666666666666,0.4,0.28719576719576717,15
temporal,0.5,dynamic_no_cohort,0.2,IS,0.37552447552447554,0.6923076923076923,0.5384615384615384,0.2852647352647353,13
temporal,0.5,dynamic_no_cohort,0.2,MESOS,0.44725644725644725,0.64,0.48,0.3163896103896104,25
temporal,0.5,dynamic_no_cohort,0.2,MULE,0.8222222222222223,0.5748062015503875,0.7441860465116279,0.46898751043757886,43
temporal,0.5,dynamic_no_cohort,0.2,NEXUS,0.8030303030303031,0.5263157894736842,0.47368421052631576,0.7982456140350876,19
temporal,0.5,dynamic_no_cohort,0.2,TIDOC,0.5339285714285714,0.796875,0.21875,0.42976190476190473,32
temporal,0.5,dynamic_no_cohort,0.2,TIMOB,0.3767319704748817,0.8364906832298137,0.45652173913043476,0.29508805280191874,46
temporal,0.5,dynamic_no_cohort,0.2,TISTUD,0.6882352941176471,0.6041666666666666,0.4583333333333333,0.4507936507936508,24
temporal,0.5,dynamic_no_cohort,0.2,XD,0.6364898989898989,0.543140589569161,1.7142857142857142,0.2597101624510717,14
temporal,0.5,dynamic_no_cohort,0.3,APIKIT,0.8888888888888888,0.6,0.6,0.6627777777777778,15
temporal,0.5,dynamic_no_cohort,0.3,COMPASS,0.738095238095238,0.8214285714285714,0.35714285714285715,0.44969851576994435,14
temporal,0.5,dynamic_no_cohort,0.3,CONFCLOUD,0.6447368421052632,0.8809523809523809,0.14285714285714285,0.6458049886621315,21
temporal,0.5,dynamic_no_cohort,0.3,CONFSERVER,0.5969047619047618,0.9094827586206896,0.15517241379310345,0.5241267353336319,58
temporal,0.5,dynamic_no_cohort,0.3,DM,0.5749697277830637,0.8341611932129174,0.603448275862069,0.4332968760476026,58
temporal,0.5,dynamic_no_cohort,0.3,INDY,0.7243589743589743,0.6777777777777777,0.6,0.39079365079365075,15
temporal,0.5,dynamic_no_cohort,0.3,IS,0.42674825174825176,0.6358974358974359,1.0,0.39299034299034297,13
temporal,0.5,dynamic_no_cohort,0.3,MESOS,0.5832500832500832,0.68,0.6,0.39854329004329003,25
temporal,0.5,dynamic_no_cohort,0.3,MULE,0.8666666666666667,0.5260797342192691,1.2325581395348837,0.5362155855999905,43
temporal,0.5,dynamic_no_cohort,0.3,NEXUS,0.9242424242424242,0.5526315789473685,0.47368421052631576,0.8245614035087719,19
temporal,0.5,dynamic_no_cohort,0.3,TIDOC,0.6124999999999999,0.765625,0.34375,0.5061011904761905,32
temporal,0.5,dynamic_no_cohort,0.3,TIMOB,0.519423453860654,0.8349355354790137,0.6521739130434783,0.38783046324973036,46
temporal,0.5,dynamic_no_cohort,0.3,TISTUD,0.7862745098039216,0.5972222222222222,0.5416666666666666,0.5067460317460317,24
temporal,0.5,dynamic_no_cohort,0.3,XD,0.7668939393939394,0.47420198848770273,2.642857142857143,0.34967977096393615,14
temporal,0.5,frequency,0.1,APIKIT,0.6111111111111112,0.4666666666666667,0.5333333333333333,0.6216666666666666,15
temporal,0.5,frequency,0.1,COMPASS,0.29945054945054944,0.6428571428571429,0.42857142857142855,0.28359358895073183,14
temporal,0.5,frequency,0.1,CONFCLOUD,0.543859649122807,0.8571428571428571,0.14285714285714285,0.577437641723356,21
temporal,0.5,frequency,0.1,CONFSERVER,0.36784271284271286,0.7155172413793104,0.29310344827586204,0.41943200477683235,58
temporal,0.5,frequency,0.1,DM,0.24037997244525713,0.6149425287356322,0.7068965517241379,0.25357204110417053,58
temporal,0.5,frequency,0.1,INDY,0.19871794871794873,0.3333333333333333,0.6666666666666666,0.2369312169312169,15
temporal,0.5,frequency,0.1,IS,0.17360139860139862,0.5384615384615384,0.5384615384615384,0.19805194805194806,13
temporal,0.5,frequency,0.1,MESOS,0.24323269323269323,0.52,0.56,0.2685930735930736,25
temporal,0.5,frequency,0.1,MULE,0.2555555555555556,0.22093023255813954,1.0232558139534884,0.42637183837594234,43
temporal,0.5,frequency,0.1,NEXUS,0.7575757575757577,0.5263157894736842,0.47368421052631576,0.7894736842105263,19
temporal,0.5,frequency,0.1,TIDOC,0.3464285714285714,0.59375,0.40625,0.4148809523809524,32
temporal,0.5,frequency,0.1,TIMOB,0.18313380959049044,0.5957556935817806,1.065217391304348,0.21976308424725238,46
temporal,0.5,frequency,0.1,TISTUD,0.1980392156862745,0.25,0.75,0.41011904761904755,24
temporal,0.5,frequency,0.1,XD,0.1754040404040404,0.2738095238095238,1.7857142857142858,0.18045483965249298,14
temporal,0.5,frequency,0.2,APIKIT,0.6666666666666666,0.4666666666666667,0.6,0.6411111111111112,15
temporal,0.5,frequency,0.2,COMPASS,0.3617216117216117,0.630952380952381,0.5714285714285714,0.3273603380746238,14
temporal,0.5,frequency,0.2,CONFCLOUD,0.5526315789473685,0.8571428571428571,0.14285714285714285,0.5842403628117914,21
temporal,0.5,frequency,0.2,CONFSERVER,0.4112914862914863,0.7528735632183907,0.3275862068965517,0.4539632781012091,58
temporal,0.5,frequency,0.2,DM,0.3198808295954247,0.628756157635468,1.1896551724137931,0.32881262686353757,58
temporal,0.5,frequency,0.2,INDY,0.24358974358974358,0.36666666666666664,0.8666666666666667,0.28719576719576717,15
temporal,0.5,frequency,0.2,IS,0.2665501165501165,0.5897435897435896,0.8461538461538461,0.2852647352647353,13
temporal,0.5,frequency,0.2,MESOS,0.32666222666222666,0.54,0.68,0.3163896103896104,25
temporal,0.5,frequency,0.2,MULE,0.3055555555555555,0.23062015503875968,1.4186046511627908,0.46898751043757886,43
temporal,0.5,frequency,0.2,NEXUS,0.7575757575757577,0.5,0.5263157894736842,0.7982456140350876,19
temporal,0.5,frequency,0.2,TIDOC,0.3761904761904762,0.609375,0.4375,0.42976190476190473,32
temporal,0.5,frequency,0.2,TIMOB,0.2829172252375317,0.6535526068134764,1.565217391304348,0.29508805280191874,46
temporal,0.5,frequency,0.2,TISTUD,0.21764705882352942,0.25,0.9583333333333334,0.4507936507936508,24
temporal,0.5,frequency,0.2,XD,0.3267171717171717,0.31819727891156463,2.7857142857142856,0.2597101624510717,14
temporal,0.5,frequency,0.3,APIKIT,0.6666666666666666,0.4666666666666667,0.7333333333333333,0.6627777777777778,15
temporal,0.5,frequency,0.3,COMPASS,0.4752747252747253,0.6011904761904762,1.0714285714285714,0.44969851576994435,14
temporal,0.5,frequency,0.3,CONFCLOUD,0.6403508771929824,0.8809523809523809,0.14285714285714285,0.6458049886621315,21
temporal,0.5,frequency,0.3,CONFSERVER,0.482012987012987,0.7528735632183907,0.43103448275862066,0.5241267353336319,58
temporal,0.5,frequency,0.3,DM,0.45668613984921086,0.6645923520923521,1.706896551724138,0.4332968760476026,58
temporal,0.5,frequency,0.3,INDY,0.26282051282051283,0.3111111111111111,1.3333333333333333,0.39079365079365075,15
temporal,0.5,frequency,0.3,IS,0.4273310023310023,0.6192307692307693,1.0769230769230769,0.39299034299034297,13
temporal,0.5,frequency,0.3,MESOS,0.39757649757649755,0.5579999999999999,0.88,0.39854329004329003,25
temporal,0.5,frequency,0.3,MULE,0.35833333333333334,0.24379844961240313,1.930232558139535,0.5362155855999905,43
temporal,0.5,frequency,0.3,NEXUS,0.7575757575757577,0.47368421052631576,0.631578947368421,0.8245614035087719,19
temporal,0.5,frequency,0.3,TIDOC,0.47559523809523807,0.6614583333333334,0.5,0.5061011904761905,32
temporal,0.5,frequency,0.3,TIMOB,0.3847489322037357,0.6536212278060104,2.3260869565217392,0.38783046324973036,46
temporal,0.5,frequency,0.3,TISTUD,0.34509803921568627,0.2916666666666667,1.0416666666666667,0.5067460317460317,24
temporal,0.5,frequency,0.3,XD,0.43351010101010096,0.29931972789115646,3.857142857142857,0.34967977096393615,14
temporal,0.5,static_catboost,0.1,APIKIT,0.8333333333333334,0.6,0.4,0.6216666666666666,15
temporal,0.5,static_catboost,0.1,COMPASS,0.510989010989011,0.8928571428571429,0.14285714285714285,0.28359358895073183,14
temporal,0.5,static_catboost,0.1,CONFCLOUD,0.5043859649122807,0.7619047619047619,0.23809523809523808,0.577437641723356,21
temporal,0.5,static_catboost,0.1,CONFSERVER,0.42208513708513706,0.8620689655172413,0.13793103448275862,0.41943200477683235,58
temporal,0.5,static_catboost,0.1,DM,0.32640868186826905,0.9080459770114943,0.13793103448275862,0.25357204110417053,58
temporal,0.5,static_catboost,0.1,INDY,0.20512820512820512,0.4666666666666667,0.5333333333333333,0.2369312169312169,15
temporal,0.5,static_catboost,0.1,IS,0.19603729603729603,0.6538461538461539,0.38461538461538464,0.19805194805194806,13
temporal,0.5,static_catboost,0.1,MESOS,0.25910570910570907,0.56,0.52,0.2685930735930736,25
temporal,0.5,static_catboost,0.1,MULE,0.3472222222222222,0.3449612403100775,0.8372093023255814,0.42637183837594234,43
temporal,0.5,static_catboost,0.1,NEXUS,0.7272727272727273,0.47368421052631576,0.5263157894736842,0.7894736842105263,19
temporal,0.5,static_catboost,0.1,TIDOC,0.4505952380952381,0.71875,0.28125,0.4148809523809524,32
temporal,0.5,static_catboost,0.1,TIMOB,0.22999002057474957,0.769927536231884,0.45652173913043476,0.21976308424725238,46
temporal,0.5,static_catboost,0.1,TISTUD,0.4725490196078431,0.5833333333333334,0.4166666666666667,0.41011904761904755,24
temporal,0.5,static_catboost,0.1,XD,0.2769949494949495,0.39285714285714285,1.4285714285714286,0.18045483965249298,14
temporal,0.5,static_catboost,0.2,APIKIT,0.8333333333333334,0.5666666666666667,0.5333333333333333,0.6411111111111112,15
temporal,0.5,static_catboost,0.2,COMPASS,0.5796703296703296,0.8571428571428571,0.2857142857142857,0.3273603380746238,14
temporal,0.5,static_catboost,0.2,CONFCLOUD,0.5043859649122807,0.7380952380952381,0.2857142857142857,0.5842403628117914,21
temporal,0.5,static_catboost,0.2,CONFSERVER,0.46449494949494946,0.8706896551724138,0.1724137931034483,0.4539632781012091,58
temporal,0.5,static_catboost,0.2,DM,0.4148126183721088,0.8279146141215107,0.46551724137931033,0.32881262686353757,58
temporal,0.5,static_catboost,0.2,INDY,0.35256410256410253,0.5333333333333333,0.6,0.28719576719576717,15
temporal,0.5,static_catboost,0.2,IS,0.2863636363636364,0.6153846153846154,0.6923076923076923,0.2852647352647353,13
temporal,0.5,static_catboost,0.2,MESOS,0.3139231139231139,0.5866666666666667,0.72,0.3163896103896104,25
temporal,0.5,static_catboost,0.2,MULE,0.4222222222222222,0.3124031007751938,1.1627906976744187,0.46898751043757886,43
temporal,0.5,static_catboost,0.2,NEXUS,0.7272727272727273,0.4473684210526316,0.5789473684210527,0.7982456140350876,19
temporal,0.5,static_catboost,0.2,TIDOC,0.46249999999999997,0.71875,0.34375,0.42976190476190473,32
temporal,0.5,static_catboost,0.2,TIMOB,0.3404630470119257,0.7622153209109731,0.7391304347826086,0.29508805280191874,46
temporal,0.5,static_catboost,0.2,TISTUD,0.5509803921568628,0.5416666666666666,0.5833333333333334,0.4507936507936508,24
temporal,0.5,static_catboost,0.2,XD,0.4233080808080808,0.4017006802721088,2.4285714285714284,0.2597101624510717,14
temporal,0.5,static_catboost,0.3,APIKIT,0.8333333333333334,0.5666666666666667,0.6666666666666666,0.6627777777777778,15
temporal,0.5,static_catboost,0.3,COMPASS,0.6996336996336996,0.7738095238095238,0.5714285714285714,0.44969851576994435,14
temporal,0.5,static_catboost,0.3,CONFCLOUD,0.5745614035087719,0.7698412698412699,0.3333333333333333,0.6458049886621315,21
temporal,0.5,static_catboost,0.3,CONFSERVER,0.5409956709956709,0.8477011494252873,0.2413793103448276,0.5241267353336319,58
temporal,0.5,static_catboost,0.3,DM,0.5449402426754818,0.8008813504503159,0.8793103448275862,0.4332968760476026,58
temporal,0.5,static_catboost,0.3,INDY,0.42948717948717946,0.45555555555555555,1.0,0.39079365079365075,15
temporal,0.5,static_catboost,0.3,IS,0.38945221445221445,0.6282051282051282,1.0,0.39299034299034297,13
temporal,0.5,static_catboost,0.3,MESOS,0.3716098716098716,0.54,1.0,0.39854329004329003,25
temporal,0.5,static_catboost,0.3,MULE,0.4861111111111111,0.2944629014396456,1.6511627906976745,0.5362155855999905,43
temporal,0.5,static_catboost,0.3,NEXUS,0.8484848484848485,0.5,0.5789473684210527,0.8245614035087719,19
temporal,0.5,static_catboost,0.3,TIDOC,0.5380952380952381,0.6979166666666666,0.46875,0.5061011904761905,32
temporal,0.5,static_catboost,0.3,TIMOB,0.45192021307918895,0.7482162463140725,1.2173913043478262,0.38783046324973036,46
temporal,0.5,static_catboost,0.3,TISTUD,0.6,0.4791666666666667,0.75,0.5067460317460317,24
temporal,0.5,static_catboost,0.3,XD,0.511010101010101,0.33435374149659863,3.642857142857143,0.34967977096393615,14
temporal,0.5,static_lr,0.1,APIKIT,0.7222222222222222,0.5333333333333333,0.4666666666666667,0.6216666666666666,15
temporal,0.5,static_lr,0.1,COMPASS,0.42124542124542125,0.7142857142857143,0.35714285714285715,0.28359358895073183,14
temporal,0.5,static_lr,0.1,CONFCLOUD,0.5307017543859649,0.8095238095238095,0.19047619047619047,0.577437641723356,21
temporal,0.5,static_lr,0.1,CONFSERVER,0.42814574314574316,0.8793103448275862,0.1206896551724138,0.41943200477683235,58
temporal,0.5,static_lr,0.1,DM,0.3062643817239688,0.8951149425287356,0.15517241379310345,0.25357204110417053,58
temporal,0.5,static_lr,0.1,INDY,0.22435897435897434,0.4,0.6,0.2369312169312169,15
temporal,0.5,static_lr,0.1,IS,0.19924242424242422,0.6153846153846154,0.46153846153846156,0.19805194805194806,13
temporal,0.5,static_lr,0.1,MESOS,0.22290302290302288,0.44,0.6,0.2685930735930736,25
temporal,0.5,static_lr,0.1,MULE,0.44166666666666665,0.3875968992248062,0.7906976744186046,0.42637183837594234,43
temporal,0.5,static_lr,0.1,NEXUS,0.8484848484848485,0.5789473684210527,0.42105263157894735,0.7894736842105263,19
temporal,0.5,static_lr,0.1,TIDOC,0.46249999999999997,0.78125,0.21875,0.4148809523809524,32
temporal,0.5,static_lr,0.1,TIMOB,0.23186396185086475,0.7745859213250518,0.45652173913043476,0.21976308424725238,46
temporal,0.5,static_lr,0.1,TISTUD,0.46078431372549017,0.5416666666666666,0.4583333333333333,0.41011904761904755,24
temporal,0.5,static_lr,0.1,XD,0.2488131313131313,0.2761904761904762,1.6428571428571428,0.18045483965249298,14
temporal,0.5,static_lr,0.2,APIKIT,0.7222222222222222,0.5,0.6,0.6411111111111112,15
temporal,0.5,static_lr,0.2,COMPASS,0.5155677655677656,0.75,0.35714285714285715,0.3273603380746238,14
temporal,0.5,static_lr,0.2,CONFCLOUD,0.5307017543859649,0.7857142857142857,0.23809523809523808,0.5842403628117914,21
temporal,0.5,static_lr,0.2,CONFSERVER,0.46856421356421357,0.8706896551724138,0.1724137931034483,0.4539632781012091,58
temporal,0.5,static_lr,0.2,DM,0.4161434706555303,0.839675697865353,0.43103448275862066,0.32881262686353757,58
temporal,0.5,static_lr,0.2,INDY,0.2692307692307692,0.4,0.8,0.28719576719576717,15
temporal,0.5,static_lr,0.2,IS,0.3632867132867133,0.7307692307692307,0.5384615384615384,0.2852647352647353,13
temporal,0.5,static_lr,0.2,MESOS,0.26184741184741184,0.42666666666666664,0.84,0.3163896103896104,25
temporal,0.5,static_lr,0.2,MULE,0.5111111111111111,0.363953488372093,1.186046511627907,0.46898751043757886,43
temporal,0.5,static_lr,0.2,NEXUS,0.8484848484848485,0.5526315789473685,0.47368421052631576,0.7982456140350876,19
temporal,0.5,static_lr,0.2,TIDOC,0.4744047619047619,0.75,0.28125,0.42976190476190473,32
temporal,0.5,static_lr,0.2,TIMOB,0.34386430305105486,0.7685300207039338,0.717391304347826,0.29508805280191874,46
temporal,0.5,static_lr,0.2,TISTUD,0.6,0.5833333333333334,0.5,0.4507936507936508,24
temporal,0.5,static_lr,0.2,XD,0.2924242424242424,0.22001133786848073,3.0,0.2597101624510717,14
temporal,0.5,static_lr,0.3,APIKIT,0.7222222222222222,0.5,0.7333333333333333,0.6627777777777778,15
temporal,0.5,static_lr,0.3,COMPASS,0.6611721611721612,0.7142857142857143,0.6428571428571429,0.44969851576994435,14
temporal,0.5,static_lr,0.3,CONFCLOUD,0.618421052631579,0.8412698412698413,0.23809523809523808,0.6458049886621315,21
temporal,0.5,static_lr,0.3,CONFSERVER,0.5327705627705628,0.8318965517241379,0.29310344827586204,0.5241267353336319,58
temporal,0.5,static_lr,0.3,DM,0.5403966591988839,0.8001704234462855,0.8448275862068966,0.4332968760476026,58
temporal,0.5,static_lr,0.3,INDY,0.38461538461538464,0.4222222222222222,1.0666666666666667,0.39079365079365075,15
temporal,0.5,static_lr,0.3,IS,0.4972610722610723,0.7192307692307692,0.8461538461538461,0.39299034299034297,13
temporal,0.5,static_lr,0.3,MESOS,0.35128020128020127,0.46799999999999997,1.04,0.39854329004329003,25
temporal,0.5,static_lr,0.3,MULE,0.5888888888888889,0.3488925802879291,1.627906976744186,0.5362155855999905,43
temporal,0.5,static_lr,0.3,NEXUS,0.8787878787878788,0.5263157894736842,0.5263157894736842,0.8245614035087719,19
temporal,0.5,static_lr,0.3,TIDOC,0.5976190476190476,0.7708333333333334,0.34375,0.5061011904761905,32
temporal,0.5,static_lr,0.3,TIMOB,0.46047915249729005,0.7665788317962231,1.0869565217391304,0.38783046324973036,46
temporal,0.5,static_lr,0.3,TISTUD,0.6196078431372549,0.5,0.7083333333333334,0.5067460317460317,24
temporal,0.5,static_lr,0.3,XD,0.3749242424242424,0.1891679748822606,4.428571428571429,0.34967977096393615,14
temporal,0.75,business_rule,0.1,APIKIT,0.8333333333333334,0.6,0.4,0.6216666666666666,15
temporal,0.75,business_rule,0.1,COMPASS,0.48534798534798534,0.8571428571428571,0.14285714285714285,0.28359358895073183,14
temporal,0.75,business_rule,0.1,CONFCLOUD,0.5614035087719298,0.9047619047619048,0.09523809523809523,0.577437641723356,21
temporal,0.75,business_rule,0.1,CONFSERVER,0.4400865800865801,0.8706896551724138,0.13793103448275862,0.41943200477683235,58
temporal,0.75,business_rule,0.1,DM,0.3298181007322333,0.8922413793103449,0.15517241379310345,0.25357204110417053,58
temporal,0.75,business_rule,0.1,INDY,0.46153846153846156,0.7333333333333333,0.26666666666666666,0.2369312169312169,15
temporal,0.75,business_rule,0.1,IS,0.2601398601398601,0.7692307692307693,0.23076923076923078,0.19805194805194806,13
temporal,0.75,business_rule,0.1,MESOS,0.3813279313279313,0.74,0.28,0.2685930735930736,25
temporal,0.75,business_rule,0.1,MULE,0.6861111111111111,0.5891472868217054,0.5116279069767442,0.42637183837594234,43
temporal,0.75,business_rule,0.1,NEXUS,0.8484848484848485,0.5789473684210527,0.42105263157894735,0.7894736842105263,19
temporal,0.75,business_rule,0.1,TIDOC,0.45654761904761904,0.75,0.25,0.4148809523809524,32
temporal,0.75,business_rule,0.1,TIMOB,0.2718556165423124,0.9021739130434783,0.13043478260869565,0.21976308424725238,46
temporal,0.75,business_rule,0.1,TISTUD,0.6196078431372549,0.6666666666666666,0.3333333333333333,0.41011904761904755,24
temporal,0.75,business_rule,0.1,XD,0.49699494949494943,0.5797619047619048,0.9285714285714286,0.18045483965249298,14
temporal,0.75,business_rule,0.2,APIKIT,0.8888888888888888,0.6,0.4666666666666667,0.6411111111111112,15
temporal,0.75,business_rule,0.2,COMPASS,0.5796703296703296,0.8571428571428571,0.14285714285714285,0.3273603380746238,14
temporal,0.75,business_rule,0.2,CONFCLOUD,0.5701754385964911,0.9047619047619048,0.09523809523809523,0.5842403628117914,21
temporal,0.75,business_rule,0.2,CONFSERVER,0.4921933621933622,0.882183908045977,0.13793103448275862,0.4539632781012091,58
temporal,0.75,business_rule,0.2,DM,0.4468891088557139,0.8712233169129721,0.29310344827586204,0.32881262686353757,58
temporal,0.75,business_rule,0.2,INDY,0.5833333333333333,0.7,0.4,0.28719576719576717,15
temporal,0.75,business_rule,0.2,IS,0.4177738927738928,0.8076923076923077,0.3076923076923077,0.2852647352647353,13
temporal,0.75,business_rule,0.2,MESOS,0.46048396048396045,0.7333333333333333,0.36,0.3163896103896104,25
temporal,0.75,business_rule,0.2,MULE,0.7916666666666666,0.5468992248062016,0.7906976744186046,0.46898751043757886,43
temporal,0.75,business_rule,0.2,NEXUS,0.893939393939394,0.5789473684210527,0.42105263157894735,0.7982456140350876,19
temporal,0.75,business_rule,0.2,TIDOC,0.49821428571428567,0.75,0.25,0.42976190476190473,32
temporal,0.75,business_rule,0.2,TIMOB,0.40561047507650166,0.8974378881987578,0.1956521739130435,0.29508805280191874,46
temporal,0.75,business_rule,0.2,TISTUD,0.6803921568627451,0.6041666666666666,0.4583333333333333,0.4507936507936508,24
temporal,0.75,business_rule,0.2,XD,0.641489898989899,0.5514739229024943,1.6428571428571428,0.2597101624510717,14
temporal,0.75,business_rule,0.3,APIKIT,0.8888888888888888,0.6,0.6,0.6627777777777778,15
temporal,0.75,business_rule,0.3,COMPASS,0.738095238095238,0.7857142857142857,0.35714285714285715,0.44969851576994435,14
temporal,0.75,business_rule,0.3,CONFCLOUD,0.6447368421052632,0.8809523809523809,0.14285714285714285,0.6458049886621315,21
temporal,0.75,business_rule,0.3,CONFSERVER,0.5844516594516594,0.8994252873563218,0.15517241379310345,0.5241267353336319,58
temporal,0.75,business_rule,0.3,DM,0.5821045828270097,0.8538929939792009,0.46551724137931033,0.4332968760476026,58
temporal,0.75,business_rule,0.3,INDY,0.7243589743589743,0.6777777777777777,0.6,0.39079365079365075,15
temporal,0.75,business_rule,0.3,IS,0.468997668997669,0.7153846153846154,0.7692307692307693,0.39299034299034297,13
temporal,0.75,business_rule,0.3,MESOS,0.5409220409220409,0.69,0.52,0.39854329004329003,25
temporal,0.75,business_rule,0.3,MULE,0.8638888888888889,0.506312292358804,1.2093023255813953,0.5362155855999905,43
temporal,0.75,business_rule,0.3,NEXUS,0.9242424242424242,0.5526315789473685,0.47368421052631576,0.8245614035087719,19
temporal,0.75,business_rule,0.3,TIDOC,0.5976190476190476,0.765625,0.3125,0.5061011904761905,32
temporal,0.75,business_rule,0.3,TIMOB,0.5587099388587337,0.8902864044168391,0.2826086956521739,0.38783046324973036,46
temporal,0.75,business_rule,0.3,TISTUD,0.7784313725490195,0.5972222222222222,0.5416666666666666,0.5067460317460317,24
temporal,0.75,business_rule,0.3,XD,0.7843939393939394,0.49222919937205656,2.5,0.34967977096393615,14
temporal,0.75,dynamic_catboost,0.1,APIKIT,0.8333333333333334,0.6,0.4,0.6216666666666666,15
temporal,0.75,dynamic_catboost,0.1,COMPASS,0.5238095238095238,0.9285714285714286,0.07142857142857142,0.28359358895073183,14
temporal,0.75,dynamic_catboost,0.1,CONFCLOUD,0.5482456140350876,0.8571428571428571,0.14285714285714285,0.577437641723356,21
temporal,0.75,dynamic_catboost,0.1,CONFSERVER,0.44816738816738816,0.9051724137931034,0.10344827586206896,0.41943200477683235,58
temporal,0.75,dynamic_catboost,0.1,DM,0.3512466721608047,0.9482758620689655,0.05172413793103448,0.25357204110417053,58
temporal,0.75,dynamic_catboost,0.1,INDY,0.3076923076923077,0.6,0.4,0.2369312169312169,15
temporal,0.75,dynamic_catboost,0.1,IS,0.24032634032634032,0.7307692307692307,0.3076923076923077,0.19805194805194806,13
temporal,0.75,dynamic_catboost,0.1,MESOS,0.3284178784178784,0.66,0.4,0.2685930735930736,25
temporal,0.75,dynamic_catboost,0.1,MULE,0.6666666666666666,0.5930232558139535,0.4883720930232558,0.42637183837594234,43
temporal,0.75,dynamic_catboost,0.1,NEXUS,0.7575757575757577,0.5263157894736842,0.47368421052631576,0.7894736842105263,19
temporal,0.75,dynamic_catboost,0.1,TIDOC,0.5041666666666667,0.8125,0.1875,0.4148809523809524,32
temporal,0.75,dynamic_catboost,0.1,TIMOB,0.27004805591122233,0.894927536231884,0.13043478260869565,0.21976308424725238,46
temporal,0.75,dynamic_catboost,0.1,TISTUD,0.6490196078431373,0.7083333333333334,0.2916666666666667,0.41011904761904755,24
temporal,0.75,dynamic_catboost,0.1,XD,0.4860858585858586,0.5619047619047619,0.9285714285714286,0.18045483965249298,14
temporal,0.75,dynamic_catboost,0.2,APIKIT,0.8888888888888888,0.6,0.4666666666666667,0.6411111111111112,15
temporal,0.75,dynamic_catboost,0.2,COMPASS,0.618131868131868,0.9285714285714286,0.07142857142857142,0.3273603380746238,14
temporal,0.75,dynamic_catboost,0.2,CONFCLOUD,0.5570175438596491,0.8571428571428571,0.14285714285714285,0.5842403628117914,21
temporal,0.75,dynamic_catboost,0.2,CONFSERVER,0.49436507936507934,0.8936781609195402,0.13793103448275862,0.4539632781012091,58
temporal,0.75,dynamic_catboost,0.2,DM,0.4699764760339902,0.9200738916256157,0.1724137931034483,0.32881262686353757,58
temporal,0.75,dynamic_catboost,0.2,INDY,0.45512820512820507,0.6,0.4666666666666667,0.28719576719576717,15
temporal,0.75,dynamic_catboost,0.2,IS,0.37872960372960374,0.7179487179487178,0.46153846153846156,0.2852647352647353,13
temporal,0.75,dynamic_catboost,0.2,MESOS,0.40757390757390755,0.6666666666666667,0.48,0.3163896103896104,25
temporal,0.75,dynamic_catboost,0.2,MULE,0.8166666666666667,0.5806201550387597,0.6744186046511628,0.46898751043757886,43
temporal,0.75,dynamic_catboost,0.2,NEXUS,0.8030303030303031,0.5263157894736842,0.47368421052631576,0.7982456140350876,19
temporal,0.75,dynamic_catboost,0.2,TIDOC,0.5458333333333333,0.8125,0.1875,0.42976190476190473,32
temporal,0.75,dynamic_catboost,0.2,TIMOB,0.4001968423869586,0.8874741200828157,0.1956521739130435,0.29508805280191874,46
temporal,0.75,dynamic_catboost,0.2,TISTUD,0.7294117647058824,0.6666666666666666,0.375,0.4507936507936508,24
temporal,0.75,dynamic_catboost,0.2,XD,0.641489898989899,0.5514739229024943,1.6428571428571428,0.2597101624510717,14
temporal,0.75,dynamic_catboost,0.3,APIKIT,0.8888888888888888,0.6,0.6,0.6627777777777778,15
temporal,0.75,dynamic_catboost,0.3,COMPASS,0.7765567765567766,0.8571428571428571,0.2857142857142857,0.44969851576994435,14
temporal,0.75,dynamic_catboost,0.3,CONFCLOUD,0.6447368421052632,0.8809523809523809,0.14285714285714285,0.6458049886621315,21
temporal,0.75,dynamic_catboost,0.3,CONFSERVER,0.5782900432900433,0.8908045977011494,0.1724137931034483,0.5241267353336319,58
temporal,0.75,dynamic_catboost,0.3,DM,0.6072921730145999,0.883223864258347,0.3448275862068966,0.4332968760476026,58
temporal,0.75,dynamic_catboost,0.3,INDY,0.6730769230769231,0.6333333333333333,0.6,0.39079365079365075,15
temporal,0.75,dynamic_catboost,0.3,IS,0.4818181818181818,0.7282051282051282,0.7692307692307693,0.39299034299034297,13
temporal,0.75,dynamic_catboost,0.3,MESOS,0.4721389721389721,0.63,0.68,0.39854329004329003,25
temporal,0.75,dynamic_catboost,0.3,MULE,0.8555555555555556,0.5160022148394241,1.1627906976744187,0.5362155855999905,43
temporal,0.75,dynamic_catboost,0.3,NEXUS,0.8333333333333333,0.5,0.5263157894736842,0.8245614035087719,19
temporal,0.75,dynamic_catboost,0.3,TIDOC,0.6452380952380953,0.8125,0.25,0.5061011904761905,32
temporal,0.75,dynamic_catboost,0.3,TIMOB,0.5525470554199399,0.8809265010351967,0.30434782608695654,0.38783046324973036,46
temporal,0.75,dynamic_catboost,0.3,TISTUD,0.7980392156862745,0.6180555555555556,0.5,0.5067460317460317,24
temporal,0.75,dynamic_catboost,0.3,XD,0.8059848484848485,0.5095761381475666,2.357142857142857,0.34967977096393615,14
temporal,0.75,dynamic_no_cohort,0.1,APIKIT,0.8333333333333334,0.6,0.4,0.6216666666666666,15
temporal,0.75,dynamic_no_cohort,0.1,COMPASS,0.5238095238095238,0.9285714285714286,0.07142857142857142,0.28359358895073183,14
temporal,0.75,dynamic_no_cohort,0.1,CONFCLOUD,0.5482456140350876,0.8571428571428571,0.14285714285714285,0.577437641723356,21
temporal,0.75,dynamic_no_cohort,0.1,CONFSERVER,0.46634920634920635,0.9224137931034483,0.08620689655172414,0.41943200477683235,58
temporal,0.75,dynamic_no_cohort,0.1,DM,0.34959377959882126,0.9425287356321839,0.06896551724137931,0.25357204110417053,58
temporal,0.75,dynamic_no_cohort,0.1,INDY,0.38461538461538464,0.6666666666666666,0.3333333333333333,0.2369312169312169,15
temporal,0.75,dynamic_no_cohort,0.1,IS,0.22109557109557107,0.6538461538461539,0.38461538461538464,0.19805194805194806,13
temporal,0.75,dynamic_no_cohort,0.1,MESOS,0.40778295778295776,0.7,0.36,0.2685930735930736,25
temporal,0.75,dynamic_no_cohort,0.1,MULE,0.6583333333333333,0.5930232558139535,0.4883720930232558,0.42637183837594234,43
temporal,0.75,dynamic_no_cohort,0.1,NEXUS,0.7575757575757577,0.5263157894736842,0.47368421052631576,0.7894736842105263,19
temporal,0.75,dynamic_no_cohort,0.1,TIDOC,0.5041666666666667,0.8125,0.1875,0.4148809523809524,32
temporal,0.75,dynamic_no_cohort,0.1,TIMOB,0.26437040023356667,0.8822463768115942,0.17391304347826086,0.21976308424725238,46
temporal,0.75,dynamic_no_cohort,0.1,TISTUD,0.6490196078431373,0.7083333333333334,0.2916666666666667,0.41011904761904755,24
temporal,0.75,dynamic_no_cohort,0.1,XD,0.4860858585858586,0.5619047619047619,0.9285714285714286,0.18045483965249298,14
temporal,0.75,dynamic_no_cohort,0.2,APIKIT,0.8888888888888888,0.6,0.4666666666666667,0.6411111111111112,15
temporal,0.75,dynamic_no_cohort,0.2,COMPASS,0.618131868131868,0.9285714285714286,0.07142857142857142,0.3273603380746238,14
temporal,0.75,dynamic_no_cohort,0.2,CONFCLOUD,0.5570175438596491,0.8571428571428571,0.14285714285714285,0.5842403628117914,21
temporal,0.75,dynamic_no_cohort,0.2,CONFSERVER,0.5148196248196247,0.9166666666666666,0.10344827586206896,0.4539632781012091,58
temporal,0.75,dynamic_no_cohort,0.2,DM,0.47073405179156597,0.9215106732348112,0.1724137931034483,0.32881262686353757,58
temporal,0.75,dynamic_no_cohort,0.2,INDY,0.45512820512820507,0.6,0.4666666666666667,0.28719576719576717,15
temporal,0.75,dynamic_no_cohort,0.2,IS,0.33385780885780886,0.641025641025641,0.6153846153846154,0.2852647352647353,13
temporal,0.75,dynamic_no_cohort,0.2,MESOS,0.45916120916120917,0.6466666666666667,0.52,0.3163896103896104,25
temporal,0.75,dynamic_no_cohort,0.2,MULE,0.8083333333333333,0.5748062015503876,0.6976744186046512,0.46898751043757886,43
temporal,0.75,dynamic_no_cohort,0.2,NEXUS,0.8030303030303031,0.5263157894736842,0.47368421052631576,0.7982456140350876,19
temporal,0.75,dynamic_no_cohort,0.2,TIDOC,0.5458333333333333,0.8125,0.1875,0.42976190476190473,32
temporal,0.75,dynamic_no_cohort,0.2,TIMOB,0.3921047360805666,0.8711697722567288,0.2826086956521739,0.29508805280191874,46
temporal,0.75,dynamic_no_cohort,0.2,TISTUD,0.7294117647058824,0.6666666666666666,0.375,0.4507936507936508,24
temporal,0.75,dynamic_no_cohort,0.2,XD,0.628989898989899,0.5371882086167801,1.7142857142857142,0.2597101624510717,14
temporal,0.75,dynamic_no_cohort,0.3,APIKIT,0.8888888888888888,0.6,0.6,0.6627777777777778,15
temporal,0.75,dynamic_no_cohort,0.3,COMPASS,0.7765567765567766,0.8571428571428571,0.2857142857142857,0.44969851576994435,14
temporal,0.75,dynamic_no_cohort,0.3,CONFCLOUD,0.6447368421052632,0.8809523809523809,0.14285714285714285,0.6458049886621315,21
temporal,0.75,dynamic_no_cohort,0.3,CONFSERVER,0.6027849927849929,0.9152298850574713,0.13793103448275862,0.5241267353336319,58
temporal,0.75,dynamic_no_cohort,0.3,DM,0.6032517689741959,0.8762794198139026,0.39655172413793105,0.4332968760476026,58
temporal,0.75,dynamic_no_cohort,0.3,INDY,0.6346153846153846,0.6,0.6666666666666666,0.39079365079365075,15
temporal,0.75,dynamic_no_cohort,0.3,IS,0.4625874125874126,0.6897435897435897,0.8461538461538461,0.39299034299034297,13
temporal,0.75,dynamic_no_cohort,0.3,MESOS,0.5634088134088134,0.67,0.64,0.39854329004329003,25
temporal,0.75,dynamic_no_cohort,0.3,MULE,0.8583333333333333,0.5198781838316722,1.1627906976744187,0.5362155855999905,43
temporal,0.75,dynamic_no_cohort,0.3,NEXUS,0.8333333333333333,0.5,0.5263157894736842,0.8245614035087719,19
temporal,0.75,dynamic_no_cohort,0.3,TIDOC,0.6452380952380953,0.8125,0.25,0.5061011904761905,32
temporal,0.75,dynamic_no_cohort,0.3,TIMOB,0.5425572008922701,0.862870945479641,0.41304347826086957,0.38783046324973036,46
temporal,0.75,dynamic_no_cohort,0.3,TISTUD,0.8274509803921568,0.638888888888889,0.4583333333333333,0.5067460317460317,24
temporal,0.75,dynamic_no_cohort,0.3,XD,0.7809848484848485,0.48916797488226055,2.5,0.34967977096393615,14
temporal,0.75,frequency,0.1,APIKIT,0.6111111111111112,0.4666666666666667,0.5333333333333333,0.6216666666666666,15
temporal,0.75,frequency,0.1,COMPASS,0.29945054945054944,0.6428571428571429,0.42857142857142855,0.28359358895073183,14
temporal,0.75,frequency,0.1,CONFCLOUD,0.543859649122807,0.8571428571428571,0.14285714285714285,0.577437641723356,21
temporal,0.75,frequency,0.1,CONFSERVER,0.36784271284271286,0.7155172413793104,0.29310344827586204,0.41943200477683235,58
temporal,0.75,frequency,0.1,DM,0.24037997244525713,0.6149425287356322,0.7068965517241379,0.25357204110417053,58
temporal,0.75,frequency,0.1,INDY,0.19871794871794873,0.3333333333333333,0.6666666666666666,0.2369312169312169,15
temporal,0.75,frequency,0.1,IS,0.17360139860139862,0.5384615384615384,0.5384615384615384,0.19805194805194806,13
temporal,0.75,frequency,0.1,MESOS,0.24323269323269323,0.52,0.56,0.2685930735930736,25
temporal,0.75,frequency,0.1,MULE,0.2555555555555556,0.22093023255813954,1.0232558139534884,0.42637183837594234,43
temporal,0.75,frequency,0.1,NEXUS,0.7575757575757577,0.5263157894736842,0.47368421052631576,0.7894736842105263,19
temporal,0.75,frequency,0.1,TIDOC,0.3464285714285714,0.59375,0.40625,0.4148809523809524,32
temporal,0.75,frequency,0.1,TIMOB,0.18313380959049044,0.5957556935817806,1.065217391304348,0.21976308424725238,46
temporal,0.75,frequency,0.1,TISTUD,0.1980392156862745,0.25,0.75,0.41011904761904755,24
temporal,0.75,frequency,0.1,XD,0.1754040404040404,0.2738095238095238,1.7857142857142858,0.18045483965249298,14
temporal,0.75,frequency,0.2,APIKIT,0.6666666666666666,0.4666666666666667,0.6,0.6411111111111112,15
temporal,0.75,frequency,0.2,COMPASS,0.3617216117216117,0.630952380952381,0.5714285714285714,0.3273603380746238,14
temporal,0.75,frequency,0.2,CONFCLOUD,0.5526315789473685,0.8571428571428571,0.14285714285714285,0.5842403628117914,21
temporal,0.75,frequency,0.2,CONFSERVER,0.4112914862914863,0.7528735632183907,0.3275862068965517,0.4539632781012091,58
temporal,0.75,frequency,0.2,DM,0.3198808295954247,0.628756157635468,1.1896551724137931,0.32881262686353757,58
temporal,0.75,frequency,0.2,INDY,0.24358974358974358,0.36666666666666664,0.8666666666666667,0.28719576719576717,15
temporal,0.75,frequency,0.2,IS,0.2665501165501165,0.5897435897435896,0.8461538461538461,0.2852647352647353,13
temporal,0.75,frequency,0.2,MESOS,0.32666222666222666,0.54,0.68,0.3163896103896104,25
temporal,0.75,frequency,0.2,MULE,0.3055555555555555,0.23062015503875968,1.4186046511627908,0.46898751043757886,43
temporal,0.75,frequency,0.2,NEXUS,0.7575757575757577,0.5,0.5263157894736842,0.7982456140350876,19
temporal,0.75,frequency,0.2,TIDOC,0.3761904761904762,0.609375,0.4375,0.42976190476190473,32
temporal,0.75,frequency,0.2,TIMOB,0.2829172252375317,0.6535526068134764,1.565217391304348,0.29508805280191874,46
temporal,0.75,frequency,0.2,TISTUD,0.21764705882352942,0.25,0.9583333333333334,0.4507936507936508,24
temporal,0.75,frequency,0.2,XD,0.3267171717171717,0.31819727891156463,2.7857142857142856,0.2597101624510717,14
temporal,0.75,frequency,0.3,APIKIT,0.6666666666666666,0.4666666666666667,0.7333333333333333,0.6627777777777778,15
temporal,0.75,frequency,0.3,COMPASS,0.4752747252747253,0.6011904761904762,1.0714285714285714,0.44969851576994435,14
temporal,0.75,frequency,0.3,CONFCLOUD,0.6403508771929824,0.8809523809523809,0.14285714285714285,0.6458049886621315,21
temporal,0.75,frequency,0.3,CONFSERVER,0.482012987012987,0.7528735632183907,0.43103448275862066,0.5241267353336319,58
temporal,0.75,frequency,0.3,DM,0.45668613984921086,0.6645923520923521,1.706896551724138,0.4332968760476026,58
temporal,0.75,frequency,0.3,INDY,0.26282051282051283,0.3111111111111111,1.3333333333333333,0.39079365079365075,15
temporal,0.75,frequency,0.3,IS,0.4273310023310023,0.6192307692307693,1.0769230769230769,0.39299034299034297,13
temporal,0.75,frequency,0.3,MESOS,0.39757649757649755,0.5579999999999999,0.88,0.39854329004329003,25
temporal,0.75,frequency,0.3,MULE,0.35833333333333334,0.24379844961240313,1.930232558139535,0.5362155855999905,43
temporal,0.75,frequency,0.3,NEXUS,0.7575757575757577,0.47368421052631576,0.631578947368421,0.8245614035087719,19
temporal,0.75,frequency,0.3,TIDOC,0.47559523809523807,0.6614583333333334,0.5,0.5061011904761905,32
temporal,0.75,frequency,0.3,TIMOB,0.3847489322037357,0.6536212278060104,2.3260869565217392,0.38783046324973036,46
temporal,0.75,frequency,0.3,TISTUD,0.34509803921568627,0.2916666666666667,1.0416666666666667,0.5067460317460317,24
temporal,0.75,frequency,0.3,XD,0.43351010101010096,0.29931972789115646,3.857142857142857,0.34967977096393615,14
temporal,0.75,static_catboost,0.1,APIKIT,0.8333333333333334,0.6,0.4,0.6216666666666666,15
temporal,0.75,static_catboost,0.1,COMPASS,0.510989010989011,0.8928571428571429,0.14285714285714285,0.28359358895073183,14
temporal,0.75,static_catboost,0.1,CONFCLOUD,0.5043859649122807,0.7619047619047619,0.23809523809523808,0.577437641723356,21
temporal,0.75,static_catboost,0.1,CONFSERVER,0.42208513708513706,0.8620689655172413,0.13793103448275862,0.41943200477683235,58
temporal,0.75,static_catboost,0.1,DM,0.32640868186826905,0.9080459770114943,0.13793103448275862,0.25357204110417053,58
temporal,0.75,static_catboost,0.1,INDY,0.20512820512820512,0.4666666666666667,0.5333333333333333,0.2369312169312169,15
temporal,0.75,static_catboost,0.1,IS,0.19603729603729603,0.6538461538461539,0.38461538461538464,0.19805194805194806,13
temporal,0.75,static_catboost,0.1,MESOS,0.25910570910570907,0.56,0.52,0.2685930735930736,25
temporal,0.75,static_catboost,0.1,MULE,0.3472222222222222,0.3449612403100775,0.8372093023255814,0.42637183837594234,43
temporal,0.75,static_catboost,0.1,NEXUS,0.7272727272727273,0.47368421052631576,0.5263157894736842,0.7894736842105263,19
temporal,0.75,static_catboost,0.1,TIDOC,0.4505952380952381,0.71875,0.28125,0.4148809523809524,32
temporal,0.75,static_catboost,0.1,TIMOB,0.22999002057474957,0.769927536231884,0.45652173913043476,0.21976308424725238,46
temporal,0.75,static_catboost,0.1,TISTUD,0.4725490196078431,0.5833333333333334,0.4166666666666667,0.41011904761904755,24
temporal,0.75,static_catboost,0.1,XD,0.2769949494949495,0.39285714285714285,1.4285714285714286,0.18045483965249298,14
temporal,0.75,static_catboost,0.2,APIKIT,0.8333333333333334,0.5666666666666667,0.5333333333333333,0.6411111111111112,15
temporal,0.75,static_catboost,0.2,COMPASS,0.5796703296703296,0.8571428571428571,0.2857142857142857,0.3273603380746238,14
temporal,0.75,static_catboost,0.2,CONFCLOUD,0.5043859649122807,0.7380952380952381,0.2857142857142857,0.5842403628117914,21
temporal,0.75,static_catboost,0.2,CONFSERVER,0.46449494949494946,0.8706896551724138,0.1724137931034483,0.4539632781012091,58
temporal,0.75,static_catboost,0.2,DM,0.4148126183721088,0.8279146141215107,0.46551724137931033,0.32881262686353757,58
temporal,0.75,static_catboost,0.2,INDY,0.35256410256410253,0.5333333333333333,0.6,0.28719576719576717,15
temporal,0.75,static_catboost,0.2,IS,0.2863636363636364,0.6153846153846154,0.6923076923076923,0.2852647352647353,13
temporal,0.75,static_catboost,0.2,MESOS,0.3139231139231139,0.5866666666666667,0.72,0.3163896103896104,25
temporal,0.75,static_catboost,0.2,MULE,0.4222222222222222,0.3124031007751938,1.1627906976744187,0.46898751043757886,43
temporal,0.75,static_catboost,0.2,NEXUS,0.7272727272727273,0.4473684210526316,0.5789473684210527,0.7982456140350876,19
temporal,0.75,static_catboost,0.2,TIDOC,0.46249999999999997,0.71875,0.34375,0.42976190476190473,32
temporal,0.75,static_catboost,0.2,TIMOB,0.3404630470119257,0.7622153209109731,0.7391304347826086,0.29508805280191874,46
temporal,0.75,static_catboost,0.2,TISTUD,0.5509803921568628,0.5416666666666666,0.5833333333333334,0.4507936507936508,24
temporal,0.75,static_catboost,0.2,XD,0.4233080808080808,0.4017006802721088,2.4285714285714284,0.2597101624510717,14
temporal,0.75,static_catboost,0.3,APIKIT,0.8333333333333334,0.5666666666666667,0.6666666666666666,0.6627777777777778,15
temporal,0.75,static_catboost,0.3,COMPASS,0.6996336996336996,0.7738095238095238,0.5714285714285714,0.44969851576994435,14
temporal,0.75,static_catboost,0.3,CONFCLOUD,0.5745614035087719,0.7698412698412699,0.3333333333333333,0.6458049886621315,21
temporal,0.75,static_catboost,0.3,CONFSERVER,0.5409956709956709,0.8477011494252873,0.2413793103448276,0.5241267353336319,58
temporal,0.75,static_catboost,0.3,DM,0.5449402426754818,0.8008813504503159,0.8793103448275862,0.4332968760476026,58
temporal,0.75,static_catboost,0.3,INDY,0.42948717948717946,0.45555555555555555,1.0,0.39079365079365075,15
temporal,0.75,static_catboost,0.3,IS,0.38945221445221445,0.6282051282051282,1.0,0.39299034299034297,13
temporal,0.75,static_catboost,0.3,MESOS,0.3716098716098716,0.54,1.0,0.39854329004329003,25
temporal,0.75,static_catboost,0.3,MULE,0.4861111111111111,0.2944629014396456,1.6511627906976745,0.5362155855999905,43
temporal,0.75,static_catboost,0.3,NEXUS,0.8484848484848485,0.5,0.5789473684210527,0.8245614035087719,19
temporal,0.75,static_catboost,0.3,TIDOC,0.5380952380952381,0.6979166666666666,0.46875,0.5061011904761905,32
temporal,0.75,static_catboost,0.3,TIMOB,0.45192021307918895,0.7482162463140725,1.2173913043478262,0.38783046324973036,46
temporal,0.75,static_catboost,0.3,TISTUD,0.6,0.4791666666666667,0.75,0.5067460317460317,24
temporal,0.75,static_catboost,0.3,XD,0.511010101010101,0.33435374149659863,3.642857142857143,0.34967977096393615,14
temporal,0.75,static_lr,0.1,APIKIT,0.7222222222222222,0.5333333333333333,0.4666666666666667,0.6216666666666666,15
temporal,0.75,static_lr,0.1,COMPASS,0.42124542124542125,0.7142857142857143,0.35714285714285715,0.28359358895073183,14
temporal,0.75,static_lr,0.1,CONFCLOUD,0.5307017543859649,0.8095238095238095,0.19047619047619047,0.577437641723356,21
temporal,0.75,static_lr,0.1,CONFSERVER,0.42814574314574316,0.8793103448275862,0.1206896551724138,0.41943200477683235,58
temporal,0.75,static_lr,0.1,DM,0.3062643817239688,0.8951149425287356,0.15517241379310345,0.25357204110417053,58
temporal,0.75,static_lr,0.1,INDY,0.22435897435897434,0.4,0.6,0.2369312169312169,15
temporal,0.75,static_lr,0.1,IS,0.19924242424242422,0.6153846153846154,0.46153846153846156,0.19805194805194806,13
temporal,0.75,static_lr,0.1,MESOS,0.22290302290302288,0.44,0.6,0.2685930735930736,25
temporal,0.75,static_lr,0.1,MULE,0.44166666666666665,0.3875968992248062,0.7906976744186046,0.42637183837594234,43
temporal,0.75,static_lr,0.1,NEXUS,0.8484848484848485,0.5789473684210527,0.42105263157894735,0.7894736842105263,19
temporal,0.75,static_lr,0.1,TIDOC,0.46249999999999997,0.78125,0.21875,0.4148809523809524,32
temporal,0.75,static_lr,0.1,TIMOB,0.23186396185086475,0.7745859213250518,0.45652173913043476,0.21976308424725238,46
temporal,0.75,static_lr,0.1,TISTUD,0.46078431372549017,0.5416666666666666,0.4583333333333333,0.41011904761904755,24
temporal,0.75,static_lr,0.1,XD,0.2488131313131313,0.2761904761904762,1.6428571428571428,0.18045483965249298,14
temporal,0.75,static_lr,0.2,APIKIT,0.7222222222222222,0.5,0.6,0.6411111111111112,15
temporal,0.75,static_lr,0.2,COMPASS,0.5155677655677656,0.75,0.35714285714285715,0.3273603380746238,14
temporal,0.75,static_lr,0.2,CONFCLOUD,0.5307017543859649,0.7857142857142857,0.23809523809523808,0.5842403628117914,21
temporal,0.75,static_lr,0.2,CONFSERVER,0.46856421356421357,0.8706896551724138,0.1724137931034483,0.4539632781012091,58
temporal,0.75,static_lr,0.2,DM,0.4161434706555303,0.839675697865353,0.43103448275862066,0.32881262686353757,58
temporal,0.75,static_lr,0.2,INDY,0.2692307692307692,0.4,0.8,0.28719576719576717,15
temporal,0.75,static_lr,0.2,IS,0.3632867132867133,0.7307692307692307,0.5384615384615384,0.2852647352647353,13
temporal,0.75,static_lr,0.2,MESOS,0.26184741184741184,0.42666666666666664,0.84,0.3163896103896104,25
temporal,0.75,static_lr,0.2,MULE,0.5111111111111111,0.363953488372093,1.186046511627907,0.46898751043757886,43
temporal,0.75,static_lr,0.2,NEXUS,0.8484848484848485,0.5526315789473685,0.47368421052631576,0.7982456140350876,19
temporal,0.75,static_lr,0.2,TIDOC,0.4744047619047619,0.75,0.28125,0.42976190476190473,32
temporal,0.75,static_lr,0.2,TIMOB,0.34386430305105486,0.7685300207039338,0.717391304347826,0.29508805280191874,46
temporal,0.75,static_lr,0.2,TISTUD,0.6,0.5833333333333334,0.5,0.4507936507936508,24
temporal,0.75,static_lr,0.2,XD,0.2924242424242424,0.22001133786848073,3.0,0.2597101624510717,14
temporal,0.75,static_lr,0.3,APIKIT,0.7222222222222222,0.5,0.7333333333333333,0.6627777777777778,15
temporal,0.75,static_lr,0.3,COMPASS,0.6611721611721612,0.7142857142857143,0.6428571428571429,0.44969851576994435,14
temporal,0.75,static_lr,0.3,CONFCLOUD,0.618421052631579,0.8412698412698413,0.23809523809523808,0.6458049886621315,21
temporal,0.75,static_lr,0.3,CONFSERVER,0.5327705627705628,0.8318965517241379,0.29310344827586204,0.5241267353336319,58
temporal,0.75,static_lr,0.3,DM,0.5403966591988839,0.8001704234462855,0.8448275862068966,0.4332968760476026,58
temporal,0.75,static_lr,0.3,INDY,0.38461538461538464,0.4222222222222222,1.0666666666666667,0.39079365079365075,15
temporal,0.75,static_lr,0.3,IS,0.4972610722610723,0.7192307692307692,0.8461538461538461,0.39299034299034297,13
temporal,0.75,static_lr,0.3,MESOS,0.35128020128020127,0.46799999999999997,1.04,0.39854329004329003,25
temporal,0.75,static_lr,0.3,MULE,0.5888888888888889,0.3488925802879291,1.627906976744186,0.5362155855999905,43
temporal,0.75,static_lr,0.3,NEXUS,0.8787878787878788,0.5263157894736842,0.5263157894736842,0.8245614035087719,19
temporal,0.75,static_lr,0.3,TIDOC,0.5976190476190476,0.7708333333333334,0.34375,0.5061011904761905,32
temporal,0.75,static_lr,0.3,TIMOB,0.46047915249729005,0.7665788317962231,1.0869565217391304,0.38783046324973036,46
temporal,0.75,static_lr,0.3,TISTUD,0.6196078431372549,0.5,0.7083333333333334,0.5067460317460317,24
temporal,0.75,static_lr,0.3,XD,0.3749242424242424,0.1891679748822606,4.428571428571429,0.34967977096393615,14
