experiment,landmark,model,calibration,project,n,prevalence,brier,ap,roc_auc,calibration_intercept,calibration_slope
cross_project,0.0,business_rule,raw,APIKIT,299,0.2608695652173913,0.2350554694485697,0.38642481240867993,0.683954054994779,-1.0007809127427931,0.46098446670602633
cross_project,0.0,business_rule,raw,COMPASS,729,0.5706447187928669,0.22095520982917202,0.6470885413610044,0.6337321823543869,0.3946953553903821,0.7209570903992369
cross_project,0.0,business_rule,raw,CONFCLOUD,367,0.6648501362397821,0.22994164150040702,0.7036630512319457,0.5601759296281488,0.7531069844980622,0.9180741739199104
cross_project,0.0,business_rule,raw,CONFSERVER,1019,0.6947988223748773,0.22988386859036916,0.7217657509318525,0.5566970043780769,0.8250158843560546,0.47913831956495373
cross_project,0.0,business_rule,raw,DM,5222,0.5407889697433933,0.25363575802468635,0.5399140434240541,0.512258946903345,0.11788404290184283,0.24170423731871207
cross_project,0.0,business_rule,raw,INDY,850,0.4776470588235294,0.2450304756006971,0.5902549262636558,0.6265921093507301,-0.2654038096174508,0.5330321613031935
cross_project,0.0,business_rule,raw,IS,643,0.4758942457231726,0.2732770507111442,0.46279614202075403,0.44518628420705575,-0.1294757862104154,0.09736788724062051
cross_project,0.0,business_rule,raw,MESOS,1268,0.5717665615141956,0.2375740291835433,0.5931785163139921,0.5116314218581317,0.2968563808700656,0.7963612279176894
cross_project,0.0,business_rule,raw,MULE,1807,0.2589928057553957,0.3129361709461846,0.33098614606644794,0.5896781626804031,-1.2252968331068919,0.3224990478103173
cross_project,0.0,business_rule,raw,NEXUS,525,0.25333333333333335,0.26985164384180355,0.2843603135300776,0.5551442381463864,-1.1393740132619181,0.42745341117627306
cross_project,0.0,business_rule,raw,TIDOC,786,0.44783715012722647,0.2676071732385553,0.45002451693755097,0.4834258483452032,-0.28460072072943005,0.315453786757191
cross_project,0.0,business_rule,raw,TIMOB,2733,0.5367727771679474,0.24019140045675394,0.4949238365908453,0.48861525439608194,0.22249034536836756,0.47517266734013414
cross_project,0.0,business_rule,raw,TISTUD,836,0.32057416267942584,0.30433315660182697,0.3450221641219421,0.4941402144208535,-0.8648649972734543,0.2825495746762463
cross_project,0.0,business_rule,raw,XD,1238,0.20597738287560582,0.2728252214366179,0.2137927157308287,0.5440747611353799,-1.3575828332597586,0.3412864912287276
cross_project,0.0,business_rule,sigmoid,APIKIT,299,0.2608695652173913,0.2763999123317135,0.38642481240867993,0.683954054994779,-1.3174730580830227,0.6128471813749536
cross_project,0.0,business_rule,sigmoid,COMPASS,729,0.5706447187928669,0.2514072138024239,0.6470885413610044,0.6337321823543869,1.5082943006074978,3.1770875771108877
cross_project,0.0,business_rule,sigmoid,CONFCLOUD,367,0.6648501362397821,0.2228832439651239,0.7036630512319457,0.5601759296281488,0.4714478877695087,2.1728741450266322
cross_project,0.0,business_rule,sigmoid,CONFSERVER,1019,0.6947988223748773,0.35435787966112,0.7217657509318525,0.5566970043780769,2.007469338739027,1.3245378359962543
cross_project,0.0,business_rule,sigmoid,DM,5222,0.5407889697433933,0.24591614293459116,0.5399140434240541,0.512258946903345,0.09536169621923773,0.49787361740623964
cross_project,0.0,business_rule,sigmoid,INDY,850,0.4776470588235294,0.25113501392495013,0.5902549262636558,0.6265921093507301,-0.5741201503465524,1.0845280256246135
cross_project,0.0,business_rule,sigmoid,IS,643,0.4758942457231726,0.25908317935820074,0.46279614202075403,0.44518628420705575,-0.15241660609893273,0.23131584128875882
cross_project,0.0,business_rule,sigmoid,MESOS,1268,0.5717665615141956,0.25646115973593403,0.5931785163139921,0.5116314218581317,0.9893026476142062,2.342373595944477
cross_project,0.0,business_rule,sigmoid,MULE,1807,0.2589928057553957,0.2580011773808289,0.33098614606644794,0.5896781626804031,-1.2392441781803964,1.2804125623425675
cross_project,0.0,business_rule,sigmoid,NEXUS,525,0.25333333333333335,0.2639704560548202,0.2843603135300776,0.5551442381463864,-1.2194962424355724,0.9911351082356827
cross_project,0.0,business_rule,sigmoid,TIDOC,786,0.44783715012722647,0.24961887466419366,0.45002451693755097,0.4834258483452032,-0.5457498689674075,1.1800110572857205
cross_project,0.0,business_rule,sigmoid,TIMOB,2733,0.5367727771679474,0.2299734228177452,0.4949238365908453,0.48861525439608194,0.0923665269796125,1.7838355775147083
cross_project,0.0,business_rule,sigmoid,TISTUD,836,0.32057416267942584,0.21452217189264702,0.3450221641219421,0.4941402144208535,0.1392015185331075,1.1350066806988557
cross_project,0.0,business_rule,sigmoid,XD,1238,0.20597738287560582,0.25978726845800093,0.2137927157308287,0.5440747611353799,-1.4733942133380569,0.896787338196279
cross_project,0.0,dynamic_catboost,raw,APIKIT,299,0.2608695652173913,0.16989910752567108,0.5158058876029792,0.714264995939204,-0.30402366181404633,0.807648819676578
cross_project,0.0,dynamic_catboost,raw,COMPASS,729,0.5706447187928669,0.213015639450818,0.7508126991825119,0.7336223580732366,0.583223260337183,0.8934385461521314
cross_project,0.0,dynamic_catboost,raw,CONFCLOUD,367,0.6648501362397821,0.19990279480575246,0.7734245644713803,0.6588864454218313,0.2455795029027512,0.6521826485957944
cross_project,0.0,dynamic_catboost,raw,CONFSERVER,1019,0.6947988223748773,0.20407616298089154,0.8251956262262131,0.6990435446073355,0.7143531357683274,0.6620612458625372
cross_project,0.0,dynamic_catboost,raw,DM,5222,0.5407889697433933,0.2609815373457591,0.694407115650192,0.6688015508674604,0.6477865762806662,0.6561858780814913
cross_project,0.0,dynamic_catboost,raw,INDY,850,0.4776470588235294,0.24759122605450623,0.625672675789312,0.6480772644565749,0.5296190149310694,0.8278457964280647
cross_project,0.0,dynamic_catboost,raw,IS,643,0.4758942457231726,0.20206527004239042,0.7480784806712352,0.7223676809992049,-0.022532996670032578,0.9507338239878708
cross_project,0.0,dynamic_catboost,raw,MESOS,1268,0.5717665615141956,0.23732050312626427,0.7035953367667123,0.6739074109354163,0.4929440098455816,0.7134794429668229
cross_project,0.0,dynamic_catboost,raw,MULE,1807,0.2589928057553957,0.20120890161214605,0.41830085487552227,0.6931598399111469,-0.8480606413616628,0.6350291286339529
cross_project,0.0,dynamic_catboost,raw,NEXUS,525,0.25333333333333335,0.24020173245600165,0.4301023492205766,0.7024896424735307,-1.2360987200272422,0.84117419367702
cross_project,0.0,dynamic_catboost,raw,TIDOC,786,0.44783715012722647,0.18908109918064636,0.7452707188744279,0.8108406210724759,-0.638854597982774,1.0225279200943322
cross_project,0.0,dynamic_catboost,raw,TIMOB,2733,0.5367727771679474,0.2152315104906488,0.772381717984782,0.7888545365066749,0.9325921738410371,1.1991843289974025
cross_project,0.0,dynamic_catboost,raw,TISTUD,836,0.32057416267942584,0.195836601397917,0.5792106310785479,0.7135504256884591,-0.5532825962313918,0.9282600942019582
cross_project,0.0,dynamic_catboost,raw,XD,1238,0.20597738287560582,0.20696289968111156,0.3123959781780846,0.6252588115612471,-1.1330802227147982,0.5573941326404553
cross_project,0.0,dynamic_catboost,sigmoid,APIKIT,299,0.2608695652173913,0.18913620450180169,0.5158058876029792,0.714264995939204,-0.7140891624148754,0.9659870727333383
cross_project,0.0,dynamic_catboost,sigmoid,COMPASS,729,0.5706447187928669,0.22972997611726959,0.7508126991825119,0.7336223580732366,0.8102748537208799,0.8867540810637685
cross_project,0.0,dynamic_catboost,sigmoid,CONFCLOUD,367,0.6648501362397821,0.2076600640707855,0.7734245644713803,0.6588864454218313,-0.1099128736137305,0.5964814990708213
cross_project,0.0,dynamic_catboost,sigmoid,CONFSERVER,1019,0.6947988223748773,0.2898804692081643,0.8251956262262131,0.6990435446073355,1.3738321492092755,0.6822004088915956
cross_project,0.0,dynamic_catboost,sigmoid,DM,5222,0.5407889697433933,0.22969160341697054,0.694407115650192,0.6688015508674604,0.310215777869314,0.8773831252284361
cross_project,0.0,dynamic_catboost,sigmoid,INDY,850,0.4776470588235294,0.22796002972543358,0.625672675789312,0.6480772644565749,-0.07185957858286429,0.8406579056564861
cross_project,0.0,dynamic_catboost,sigmoid,IS,643,0.4758942457231726,0.20861811443995765,0.7480784806712352,0.7223676809992049,-0.38004955067675406,1.0071962296593824
cross_project,0.0,dynamic_catboost,sigmoid,MESOS,1268,0.5717665615141956,0.2335962840804116,0.7035953367667123,0.6739074109354163,0.4384997728882875,0.7047486994488618
cross_project,0.0,dynamic_catboost,sigmoid,MULE,1807,0.2589928057553957,0.232830294429663,0.41830085487552227,0.6931598399111469,-1.1674488426567577,1.0275338857488265
cross_project,0.0,dynamic_catboost,sigmoid,NEXUS,525,0.25333333333333335,0.26433632801827733,0.4301023492205766,0.7024896424735307,-1.4156040080761307,0.8720788251862378
cross_project,0.0,dynamic_catboost,sigmoid,TIDOC,786,0.44783715012722647,0.21571279782300126,0.7452707188744279,0.8108406210724759,-1.2826999725823571,1.4830172086314473
cross_project,0.0,dynamic_catboost,sigmoid,TIMOB,2733,0.5367727771679474,0.18642065976196145,0.772381717984782,0.7888545365066749,-0.34398325557773485,1.3979087912138028
cross_project,0.0,dynamic_catboost,sigmoid,TISTUD,836,0.32057416267942584,0.1848654625973016,0.5792106310785479,0.7135504256884591,0.3050746962886964,1.217929341613926
cross_project,0.0,dynamic_catboost,sigmoid,XD,1238,0.20597738287560582,0.24065671773810973,0.3123959781780846,0.6252588115612471,-1.3478913176467366,0.6716369329730116
cross_project,0.0,dynamic_no_cohort,raw,APIKIT,299,0.2608695652173913,0.16644068934405945,0.5238857557502553,0.7410952546699152,-0.32155330612349975,0.8861151972608863
cross_project,0.0,dynamic_no_cohort,raw,COMPASS,729,0.5706447187928669,0.20113279781161453,0.7637541360341852,0.7543468911280413,0.48938928120812664,1.1150878738782128
cross_project,0.0,dynamic_no_cohort,raw,CONFCLOUD,367,0.6648501362397821,0.20504751983304118,0.7615487503593144,0.6497067839530853,0.30314748427922517,0.5980853605019609
cross_project,0.0,dynamic_no_cohort,raw,CONFSERVER,1019,0.6947988223748773,0.2047576277624364,0.8307627714888912,0.7117009101313423,0.7346600395124804,0.6757494370988434
cross_project,0.0,dynamic_no_cohort,raw,DM,5222,0.5407889697433933,0.25813986774644404,0.6977371097524634,0.6648058048846183,0.6252962587529376,0.6835569074680596
cross_project,0.0,dynamic_no_cohort,raw,INDY,850,0.4776470588235294,0.24852063404588814,0.6313657344587256,0.6511727244485865,0.5417939004311885,0.8311847161539432
cross_project,0.0,dynamic_no_cohort,raw,IS,643,0.4758942457231726,0.20419155853846604,0.7474382268440458,0.7123116308838076,0.03712487064196295,0.9499528728367972
cross_project,0.0,dynamic_no_cohort,raw,MESOS,1268,0.5717665615141956,0.2355986682694038,0.7254213191513715,0.6955902711627613,0.6015791436248028,0.8455421473627587
cross_project,0.0,dynamic_no_cohort,raw,MULE,1807,0.2589928057553957,0.20397262894063833,0.398987686656862,0.6817898929549415,-0.837741893022283,0.5967698922866366
cross_project,0.0,dynamic_no_cohort,raw,NEXUS,525,0.25333333333333335,0.22976854083827483,0.43389210050648835,0.7067765075955195,-1.1456968985128375,0.7979955255760673
cross_project,0.0,dynamic_no_cohort,raw,TIDOC,786,0.44783715012722647,0.18597068341808295,0.7437317968359339,0.8140808284457478,-0.5994633996334106,1.0184896594715032
cross_project,0.0,dynamic_no_cohort,raw,TIMOB,2733,0.5367727771679474,0.19539860686368257,0.799089747357741,0.8066348557146104,0.7374110399640302,1.312217865519555
cross_project,0.0,dynamic_no_cohort,raw,TISTUD,836,0.32057416267942584,0.1933839571957672,0.5780459905572487,0.7189897782215682,-0.5197089855536773,0.9432589947521837
cross_project,0.0,dynamic_no_cohort,raw,XD,1238,0.20597738287560582,0.197062971213918,0.3248957789491407,0.64177886821056,-1.0846962847903179,0.6219685526171322
cross_project,0.0,dynamic_no_cohort,sigmoid,APIKIT,299,0.2608695652173913,0.18599052805160254,0.5238857557502553,0.7410952546699152,-0.7473205244329,1.0176446090943647
cross_project,0.0,dynamic_no_cohort,sigmoid,COMPASS,729,0.5706447187928669,0.2155142489116009,0.7637541360341852,0.7543468911280413,0.7544403372084968,1.0678816638177697
cross_project,0.0,dynamic_no_cohort,sigmoid,CONFCLOUD,367,0.6648501362397821,0.21278124279622557,0.7615487503593144,0.6497067839530853,0.048786849948312255,0.4869650059547627
cross_project,0.0,dynamic_no_cohort,sigmoid,CONFSERVER,1019,0.6947988223748773,0.29484475132589594,0.8307627714888912,0.7117009101313423,1.4226937049213615,0.6871561288220097
cross_project,0.0,dynamic_no_cohort,sigmoid,DM,5222,0.5407889697433933,0.22696811070810693,0.6977371097524634,0.6648058048846183,0.23225295516854183,0.9958992055026192
cross_project,0.0,dynamic_no_cohort,sigmoid,INDY,850,0.4776470588235294,0.2301940086014095,0.6313657344587256,0.6511727244485865,0.09877606256549074,0.760679032927048
cross_project,0.0,dynamic_no_cohort,sigmoid,IS,643,0.4758942457231726,0.2061754267209781,0.7474382268440458,0.7123116308838076,-0.18042381831043197,0.8482227156666734
cross_project,0.0,dynamic_no_cohort,sigmoid,MESOS,1268,0.5717665615141956,0.23697966969517922,0.7254213191513715,0.6955902711627613,0.5833865510510404,0.751888464477697
cross_project,0.0,dynamic_no_cohort,sigmoid,MULE,1807,0.2589928057553957,0.22339602543000098,0.398987686656862,0.6817898929549415,-1.0383622552880964,0.8526591707536737
cross_project,0.0,dynamic_no_cohort,sigmoid,NEXUS,525,0.25333333333333335,0.25071356028734204,0.43389210050648835,0.7067765075955195,-1.3040199553994622,0.8098857632015164
cross_project,0.0,dynamic_no_cohort,sigmoid,TIDOC,786,0.44783715012722647,0.20720096213631045,0.7437317968359339,0.8140808284457478,-1.1269536405142964,1.4093094581546342
cross_project,0.0,dynamic_no_cohort,sigmoid,TIMOB,2733,0.5367727771679474,0.17878239280598057,0.799089747357741,0.8066348557146104,-0.2892426627095234,1.321068410839198
cross_project,0.0,dynamic_no_cohort,sigmoid,TISTUD,836,0.32057416267942584,0.18504804040689926,0.5780459905572487,0.7189897782215682,0.3971673906994807,1.3066147909936208
cross_project,0.0,dynamic_no_cohort,sigmoid,XD,1238,0.20597738287560582,0.23356679553323745,0.3248957789491407,0.64177886821056,-1.333365635276428,0.710690475678665
cross_project,0.0,frequency,raw,APIKIT,299,0.2608695652173913,0.2354792696858187,0.2608695652173913,0.5,,
cross_project,0.0,frequency,raw,COMPASS,729,0.5706447187928669,0.2549103257808738,0.5706447187928669,0.5,,
cross_project,0.0,frequency,raw,CONFCLOUD,367,0.6648501362397821,0.2668743238538807,0.6648501362397821,0.5,,
cross_project,0.0,frequency,raw,CONFSERVER,1019,0.6947988223748773,0.25816159167264713,0.6947988223748773,0.5,,
cross_project,0.0,frequency,raw,DM,5222,0.5407889697433933,0.25940513661841486,0.5407889697433933,0.5,,
cross_project,0.0,frequency,raw,INDY,850,0.4776470588235294,0.2500331537354915,0.4776470588235294,0.5,,
cross_project,0.0,frequency,raw,IS,643,0.4758942457231726,0.2496465953897474,0.4758942457231726,0.5,,
cross_project,0.0,frequency,raw,MESOS,1268,0.5717665615141956,0.2557225238518232,0.5717665615141956,0.5,,
cross_project,0.0,frequency,raw,MULE,1807,0.2589928057553957,0.24310062239762398,0.2589928057553957,0.5,,
cross_project,0.0,frequency,raw,NEXUS,525,0.25333333333333335,0.23810627616419827,0.25333333333333335,0.5,,
cross_project,0.0,frequency,raw,TIDOC,786,0.44783715012722647,0.24794883903775952,0.44783715012722647,0.5,,
cross_project,0.0,frequency,raw,TIMOB,2733,0.5367727771679474,0.26338834360111574,0.5367727771679474,0.5,,
cross_project,0.0,frequency,raw,TISTUD,836,0.32057416267942584,0.25218378277604786,0.32057416267942584,0.5,,
cross_project,0.0,frequency,raw,XD,1238,0.20597738287560582,0.2415918223982918,0.20597738287560582,0.5,,
cross_project,0.0,frequency,sigmoid,APIKIT,299,0.2608695652173913,0.30931024517974476,0.2608695652173913,0.5,,
cross_project,0.0,frequency,sigmoid,COMPASS,729,0.5706447187928669,0.2660436349533567,0.5706447187928669,0.5,,
cross_project,0.0,frequency,sigmoid,CONFCLOUD,367,0.6648501362397821,0.24233310215098067,0.6648501362397821,0.5,,
cross_project,0.0,frequency,sigmoid,CONFSERVER,1019,0.6947988223748773,0.3679979501303833,0.6947988223748773,0.5,,
cross_project,0.0,frequency,sigmoid,DM,5222,0.5407889697433933,0.24838102987505348,0.5407889697433933,0.5,,
cross_project,0.0,frequency,sigmoid,INDY,850,0.4776470588235294,0.2550182534892266,0.4776470588235294,0.5,,
cross_project,0.0,frequency,sigmoid,IS,643,0.4758942457231726,0.2511010296518029,0.4758942457231726,0.5,,
cross_project,0.0,frequency,sigmoid,MESOS,1268,0.5717665615141956,0.2629930590726346,0.5717665615141956,0.5,,
cross_project,0.0,frequency,sigmoid,MULE,1807,0.2589928057553957,0.25721432831211055,0.2589928057553957,0.5,,
cross_project,0.0,frequency,sigmoid,NEXUS,525,0.25333333333333335,0.2636324825007802,0.25333333333333335,0.5,,
cross_project,0.0,frequency,sigmoid,TIDOC,786,0.44783715012722647,0.26122383976362784,0.44783715012722647,0.5,,
cross_project,0.0,frequency,sigmoid,TIMOB,2733,0.5367727771679474,0.24867104247596516,0.5367727771679474,0.5,,
cross_project,0.0,frequency,sigmoid,TISTUD,836,0.32057416267942584,0.21782805551185297,0.32057416267942584,0.5,,
cross_project,0.0,frequency,sigmoid,XD,1238,0.20597738287560582,0.2747913872901356,0.20597738287560582,0.5,,
cross_project,0.0,static_catboost,raw,APIKIT,299,0.2608695652173913,0.16908382809642858,0.5171064912591741,0.721255366051746,-0.32309537702761987,0.7896644597846798
cross_project,0.0,static_catboost,raw,COMPASS,729,0.5706447187928669,0.20870902154399623,0.7522241953615951,0.7376044482673876,0.5517327032674363,0.9263764334400926
cross_project,0.0,static_catboost,raw,CONFCLOUD,367,0.6648501362397821,0.19744470752893603,0.7842569071464731,0.670198587231774,0.2061581149441742,0.6919584215358054
cross_project,0.0,static_catboost,raw,CONFSERVER,1019,0.6947988223748773,0.20077372227700357,0.8255753203943257,0.7044525587225462,0.6988639207557562,0.6883110523597469
cross_project,0.0,static_catboost,raw,DM,5222,0.5407889697433933,0.26370376997231815,0.6828071134438305,0.6598195025599709,0.6107843091790681,0.6252355245193258
cross_project,0.0,static_catboost,raw,INDY,850,0.4776470588235294,0.25035480777729097,0.6169431474282678,0.638921248835042,0.50416306812284,0.7775909815910224
cross_project,0.0,static_catboost,raw,IS,643,0.4758942457231726,0.20130153524656433,0.7512274450083166,0.7235119567114678,0.0047631412246801055,0.9577189735740423
cross_project,0.0,static_catboost,raw,MESOS,1268,0.5717665615141956,0.2364371935813859,0.7034436625970528,0.6756448847399505,0.4889773187714238,0.7329463819980192
cross_project,0.0,static_catboost,raw,MULE,1807,0.2589928057553957,0.2021055955749687,0.41525436172305175,0.6930146237465132,-0.860186387007244,0.6311086567243805
cross_project,0.0,static_catboost,raw,NEXUS,525,0.25333333333333335,0.23296763019652833,0.4269634590384284,0.7005428111094061,-1.1812222847076064,0.8426362973040529
cross_project,0.0,static_catboost,raw,TIDOC,786,0.44783715012722647,0.18812368367676796,0.75138495140849,0.8139073627984917,-0.6359200298732486,1.0152428566087763
cross_project,0.0,static_catboost,raw,TIMOB,2733,0.5367727771679474,0.21418062138156535,0.7765420898890996,0.7896885778867577,0.9192977213996079,1.1864147857342895
cross_project,0.0,static_catboost,raw,TISTUD,836,0.32057416267942584,0.19534264033175644,0.5781722526652255,0.7151861730081985,-0.5505680633889627,0.9444658841495677
cross_project,0.0,static_catboost,raw,XD,1238,0.20597738287560582,0.20445152688298135,0.3207802984305017,0.6347016934953025,-1.1270753916536032,0.5879294953421492
cross_project,0.0,static_catboost,sigmoid,APIKIT,299,0.2608695652173913,0.18923722929805067,0.5171064912591741,0.721255366051746,-0.7319219526813652,0.9371141022240347
cross_project,0.0,static_catboost,sigmoid,COMPASS,729,0.5706447187928669,0.2247919702912167,0.7522241953615951,0.7376044482673876,0.7751341311704852,0.8833759627993623
cross_project,0.0,static_catboost,sigmoid,CONFCLOUD,367,0.6648501362397821,0.20700057333082195,0.7842569071464731,0.670198587231774,-0.20479322320129092,0.6495632008827916
cross_project,0.0,static_catboost,sigmoid,CONFSERVER,1019,0.6947988223748773,0.2867073325622342,0.8255753203943257,0.7044525587225462,1.3824404304486801,0.7031625155677756
cross_project,0.0,static_catboost,sigmoid,DM,5222,0.5407889697433933,0.23077276447987533,0.6828071134438305,0.6598195025599709,0.2699775531627192,0.8930862923209035
cross_project,0.0,static_catboost,sigmoid,INDY,850,0.4776470588235294,0.22968658833179978,0.6169431474282678,0.638921248835042,-0.05071790393220849,0.8187711826190106
cross_project,0.0,static_catboost,sigmoid,IS,643,0.4758942457231726,0.2075965747661219,0.7512274450083166,0.7235119567114678,-0.3718470961728433,0.9966653224682954
cross_project,0.0,static_catboost,sigmoid,MESOS,1268,0.5717665615141956,0.23347683616428058,0.7034436625970528,0.6756448847399505,0.4413965350826499,0.7163515578338302
cross_project,0.0,static_catboost,sigmoid,MULE,1807,0.2589928057553957,0.23018115074867904,0.41525436172305175,0.6930146237465132,-1.1442704829885604,0.9769008526057282
cross_project,0.0,static_catboost,sigmoid,NEXUS,525,0.25333333333333335,0.2642296310265756,0.4269634590384284,0.7005428111094061,-1.4222085427559548,0.8875187908821749
cross_project,0.0,static_catboost,sigmoid,TIDOC,786,0.44783715012722647,0.21558128141836425,0.75138495140849,0.8139073627984917,-1.3045503858651004,1.5096898838247759
cross_project,0.0,static_catboost,sigmoid,TIMOB,2733,0.5367727771679474,0.18608245333531975,0.7765420898890996,0.7896885778867577,-0.33532558191937095,1.3304742451641058
cross_project,0.0,static_catboost,sigmoid,TISTUD,836,0.32057416267942584,0.18486512609873268,0.5781722526652255,0.7151861730081985,0.3289718831438276,1.2342849538670124
cross_project,0.0,static_catboost,sigmoid,XD,1238,0.20597738287560582,0.24191788525857072,0.3207802984305017,0.6347016934953025,-1.374026705119114,0.7100208443683793
cross_project,0.0,static_lr,raw,APIKIT,299,0.2608695652173913,0.16694623790478777,0.5308658284419759,0.7315813899524306,-0.3490376642320604,0.7280179899063207
cross_project,0.0,static_lr,raw,COMPASS,729,0.5706447187928669,0.2073488286606605,0.7407022501099143,0.726959941017449,0.46836435566286005,0.8618723179538027
cross_project,0.0,static_lr,raw,CONFCLOUD,367,0.6648501362397821,0.21306121370265269,0.7382525196525835,0.5989937358389977,0.5746966588447995,0.46942772741577976
cross_project,0.0,static_lr,raw,CONFSERVER,1019,0.6947988223748773,0.19343132789648781,0.8526426129304376,0.7367113557505405,0.7560863305113444,0.789388665107958
cross_project,0.0,static_lr,raw,DM,5222,0.5407889697433933,0.26300288875765776,0.6967763883638646,0.6511700023863134,0.5570894022261612,0.5457070350239832
cross_project,0.0,static_lr,raw,INDY,850,0.4776470588235294,0.2601311582928785,0.5527816003044413,0.5776583233479785,0.24342142292707578,0.47152792069343363
cross_project,0.0,static_lr,raw,IS,643,0.4758942457231726,0.20897696862636625,0.7423966037684323,0.6961463121351409,-0.1644089891711957,0.7536180869585776
cross_project,0.0,static_lr,raw,MESOS,1268,0.5717665615141956,0.23568009744424426,0.6841394132191172,0.641618085984632,0.37726569174304314,0.6691967762189149
cross_project,0.0,static_lr,raw,MULE,1807,0.2589928057553957,0.1997985929422474,0.4194724796084841,0.6952566974971754,-0.8215861205197653,0.6150383642473575
cross_project,0.0,static_lr,raw,NEXUS,525,0.25333333333333335,0.2557651782045161,0.36763189242892647,0.6514308731011202,-1.1519244821145211,0.5140604105659413
cross_project,0.0,static_lr,raw,TIDOC,786,0.44783715012722647,0.1900624465238767,0.7140327725426158,0.7858779325513195,-0.26980454783946534,1.068099626578512
cross_project,0.0,static_lr,raw,TIMOB,2733,0.5367727771679474,0.23471877476230177,0.7464701240909248,0.7355738840052508,0.7937761583504139,0.8471934816265269
cross_project,0.0,static_lr,raw,TISTUD,836,0.32057416267942584,0.21376808901172986,0.5436791465302865,0.6930181837292412,-0.718847864723738,0.8781489934121516
cross_project,0.0,static_lr,raw,XD,1238,0.20597738287560582,0.21684172728018367,0.308313454719057,0.6300640296810485,-1.1801364851822402,0.5592074892043017
cross_project,0.0,static_lr,sigmoid,APIKIT,299,0.2608695652173913,0.19175296304042289,0.5308658284419759,0.7315813899524306,-0.7887987179789918,0.9661072098367095
cross_project,0.0,static_lr,sigmoid,COMPASS,729,0.5706447187928669,0.22620332443570446,0.7407022501099143,0.726959941017449,0.7237134841958316,0.8222420522679442
cross_project,0.0,static_lr,sigmoid,CONFCLOUD,367,0.6648501362397821,0.20349980635798526,0.7382525196525835,0.5989937358389977,0.3382018799082383,0.5495941149115352
cross_project,0.0,static_lr,sigmoid,CONFSERVER,1019,0.6947988223748773,0.27385719598455494,0.8526426129304376,0.7367113557505405,1.4354632061892638,0.812412289742224
cross_project,0.0,static_lr,sigmoid,DM,5222,0.5407889697433933,0.22791767508453525,0.6967763883638646,0.6511700023863134,0.19232333695681586,0.9154763390287444
cross_project,0.0,static_lr,sigmoid,INDY,850,0.4776470588235294,0.24351281080333853,0.5527816003044413,0.5776583233479785,-0.10135715790942668,0.5622593245059766
cross_project,0.0,static_lr,sigmoid,IS,643,0.4758942457231726,0.218224830070095,0.7423966037684323,0.6961463121351409,-0.47787442282818987,0.900024573577077
cross_project,0.0,static_lr,sigmoid,MESOS,1268,0.5717665615141956,0.24005147111572817,0.6841394132191172,0.641618085984632,0.4534869493926646,0.7258018842043753
cross_project,0.0,static_lr,sigmoid,MULE,1807,0.2589928057553957,0.22366708311141156,0.4194724796084841,0.6952566974971754,-1.0626461519577624,1.1550813800934767
cross_project,0.0,static_lr,sigmoid,NEXUS,525,0.25333333333333335,0.26196607486278345,0.36763189242892647,0.6514308731011202,-1.2087818623919389,0.6375104924703668
cross_project,0.0,static_lr,sigmoid,TIDOC,786,0.44783715012722647,0.22722545749481513,0.7140327725426158,0.7858779325513195,-1.3260201628118982,1.7789454853320978
cross_project,0.0,static_lr,sigmoid,TIMOB,2733,0.5367727771679474,0.20398874987667284,0.7464701240909248,0.7355738840052508,-0.39451885822847527,1.2331436356790282
cross_project,0.0,static_lr,sigmoid,TISTUD,836,0.32057416267942584,0.19305180397593963,0.5436791465302865,0.6930181837292412,0.24635357155825638,1.234224513770418
cross_project,0.0,static_lr,sigmoid,XD,1238,0.20597738287560582,0.22729367500842917,0.308313454719057,0.6300640296810485,-1.2766263274692877,0.8214392662086629
cross_project,0.25,business_rule,raw,APIKIT,299,0.2608695652173913,0.19053786822154642,0.37884503711489514,0.7185288316510037,-0.7277366203624431,0.5261709061891584
cross_project,0.25,business_rule,raw,COMPASS,729,0.5706447187928669,0.1811475939155009,0.709121592275342,0.7123487036126813,0.5698107972674062,0.9119907309711555
cross_project,0.25,business_rule,raw,CONFCLOUD,367,0.6648501362397821,0.1755723046365342,0.8194129649924554,0.770808343329335,1.1703480478164796,1.432786052088407
cross_project,0.25,business_rule,raw,CONFSERVER,1019,0.6947988223748773,0.18246094146668443,0.8415559696740893,0.7660930659254819,1.0929590121108679,1.2672864266614674
cross_project,0.25,business_rule,raw,DM,5222,0.5407889697433933,0.2006382752856057,0.640569909294654,0.6903446007886648,0.10116793620409391,0.5883284455063862
cross_project,0.25,business_rule,raw,INDY,850,0.4776470588235294,0.22522897488414648,0.5730913073243465,0.6505930191275019,-0.1651824970045889,0.7385115754717712
cross_project,0.25,business_rule,raw,IS,643,0.4758942457231726,0.24304527790190092,0.5318852439004623,0.6046624386648823,-0.20078875654131578,0.5466192680487443
cross_project,0.25,business_rule,raw,MESOS,1268,0.5717665615141956,0.19108756794271764,0.6949642301248056,0.6967206452022607,0.38540251841301865,1.111368840951903
cross_project,0.25,business_rule,raw,MULE,1807,0.2589928057553957,0.24797488352800423,0.3255005584698891,0.6431512226881906,-1.0304741007765388,0.4533994981093029
cross_project,0.25,business_rule,raw,NEXUS,525,0.25333333333333335,0.15717721939953241,0.4465246200101365,0.7865390517109099,-0.598079699288446,1.1015455317771503
cross_project,0.25,business_rule,raw,TIDOC,786,0.44783715012722647,0.2121567762608357,0.505441254058439,0.6235959101382488,-0.04216610223965097,0.6026638613549288
cross_project,0.25,business_rule,raw,TIMOB,2733,0.5367727771679474,0.18765973312237946,0.6127718999743347,0.7037879693434602,0.4103234378931576,0.7386710103215606
cross_project,0.25,business_rule,raw,TISTUD,836,0.32057416267942584,0.20669142112767439,0.4640579543053565,0.7115435148202649,-0.631102804538851,0.6475329155470153
cross_project,0.25,business_rule,raw,XD,1238,0.20597738287560582,0.21810545385844307,0.25544299013974847,0.6624897771926677,-1.136586184421011,0.46762355322621574
cross_project,0.25,business_rule,sigmoid,APIKIT,299,0.2608695652173913,0.23577633641198906,0.37884503711489514,0.7185288316510037,-1.1297511234207258,0.5253577935108642
cross_project,0.25,business_rule,sigmoid,COMPASS,729,0.5706447187928669,0.1898195899736691,0.709121592275342,0.7123487036126813,0.6619644801529605,1.3511044897215654
cross_project,0.25,business_rule,sigmoid,CONFCLOUD,367,0.6648501362397821,0.1574155676168562,0.8194129649924554,0.770808343329335,0.635045851949402,2.0248796978211967
cross_project,0.25,business_rule,sigmoid,CONFSERVER,1019,0.6947988223748773,0.2889021213105772,0.8415559696740893,0.7660930659254819,2.645190420541124,2.3836572178521847
cross_project,0.25,business_rule,sigmoid,DM,5222,0.5407889697433933,0.19934711681688827,0.640569909294654,0.6903446007886648,-0.023569309842034893,0.7296699847973328
cross_project,0.25,business_rule,sigmoid,INDY,850,0.4776470588235294,0.2424497302303437,0.5730913073243465,0.6505930191275019,-0.6424395417301859,0.9626460461537266
cross_project,0.25,business_rule,sigmoid,IS,643,0.4758942457231726,0.24983616231750289,0.5318852439004623,0.6046624386648823,-0.43743984666149766,0.776354494976307
cross_project,0.25,business_rule,sigmoid,MESOS,1268,0.5717665615141956,0.1975874516176655,0.6949642301248056,0.6967206452022607,0.4604475572306444,1.5942247607454954
cross_project,0.25,business_rule,sigmoid,MULE,1807,0.2589928057553957,0.2309108605052436,0.3255005584698891,0.6431512226881906,-1.056824867830194,0.7215462721239471
cross_project,0.25,business_rule,sigmoid,NEXUS,525,0.25333333333333335,0.1607415471870591,0.4465246200101365,0.7865390517109099,-0.8278536551794692,1.5269938506594358
cross_project,0.25,business_rule,sigmoid,TIDOC,786,0.44783715012722647,0.20439681859746614,0.505441254058439,0.6235959101382488,-0.2958286866667775,0.9951273890381533
cross_project,0.25,business_rule,sigmoid,TIMOB,2733,0.5367727771679474,0.18714826971081477,0.6127718999743347,0.7037879693434602,0.3342979921350126,1.23053799417667
cross_project,0.25,business_rule,sigmoid,TISTUD,836,0.32057416267942584,0.18129246313077985,0.4640579543053565,0.7115435148202649,0.44188688569052337,1.3975697968833045
cross_project,0.25,business_rule,sigmoid,XD,1238,0.20597738287560582,0.22625297962673227,0.25544299013974847,0.6624897771926677,-1.233523477213973,0.553687969801513
cross_project,0.25,dynamic_catboost,raw,APIKIT,299,0.2608695652173913,0.14902071019881485,0.5903839859994553,0.8128553196426499,-0.2763369156173567,0.7912711832513571
cross_project,0.25,dynamic_catboost,raw,COMPASS,729,0.5706447187928669,0.16893479870141548,0.7941100041277426,0.8046548599164414,0.5419861322444207,0.8935109754428524
cross_project,0.25,dynamic_catboost,raw,CONFCLOUD,367,0.6648501362397821,0.12327062512819767,0.8967313561892847,0.8444288951086232,0.40846048550419656,0.9486796140990025
cross_project,0.25,dynamic_catboost,raw,CONFSERVER,1019,0.6947988223748773,0.1469470899035638,0.8814118726777826,0.812800879248642,0.7098084307741401,0.7683619111197019
cross_project,0.25,dynamic_catboost,raw,DM,5222,0.5407889697433933,0.20701567367786802,0.7474969168196978,0.7565244112775754,0.5446415572551417,0.739410410816169
cross_project,0.25,dynamic_catboost,raw,INDY,850,0.4776470588235294,0.209298451438688,0.6912449210693765,0.7253694581280788,0.34589512582918874,0.9820465211590722
cross_project,0.25,dynamic_catboost,raw,IS,643,0.4758942457231726,0.19089214185232395,0.7873119887301931,0.7621748996334439,-0.26639979039529804,0.879142239193064
cross_project,0.25,dynamic_catboost,raw,MESOS,1268,0.5717665615141956,0.18578935383947295,0.7808086484919965,0.7791249126817805,0.5029471290119899,0.7808484861499906
cross_project,0.25,dynamic_catboost,raw,MULE,1807,0.2589928057553957,0.18011141952887114,0.5430887785322864,0.77705887797374,-0.817186384307378,0.7560106674909407
cross_project,0.25,dynamic_catboost,raw,NEXUS,525,0.25333333333333335,0.1398943354362106,0.5995831032459403,0.8557139021021942,-0.4991013829581319,0.8310416744941918
cross_project,0.25,dynamic_catboost,raw,TIDOC,786,0.44783715012722647,0.16133096822002058,0.7722745219457516,0.855290374947633,-0.6041262852230215,0.9339499557434543
cross_project,0.25,dynamic_catboost,raw,TIMOB,2733,0.5367727771679474,0.15692126959977687,0.8501414305004509,0.8692751862728312,0.7253698467872562,1.2029064225084523
cross_project,0.25,dynamic_catboost,raw,TISTUD,836,0.32057416267942584,0.14715367240983285,0.70818758564495,0.8467160237544672,-0.2951639787648921,0.9826002855555074
cross_project,0.25,dynamic_catboost,raw,XD,1238,0.20597738287560582,0.17556503579958951,0.42088002005710223,0.7622344563461194,-0.9734179206074958,0.639935374938562
cross_project,0.25,dynamic_catboost,sigmoid,APIKIT,299,0.2608695652173913,0.16087496744237353,0.5903839859994553,0.8128553196426499,-0.586504829561537,0.7757940078654331
cross_project,0.25,dynamic_catboost,sigmoid,COMPASS,729,0.5706447187928669,0.1693141888800363,0.7941100041277426,0.8046548599164414,0.5492890231058438,0.8034947759242824
cross_project,0.25,dynamic_catboost,sigmoid,CONFCLOUD,367,0.6648501362397821,0.1197037639948245,0.8967313561892847,0.8444288951086232,-0.0028781432388675287,0.8686275601008454
cross_project,0.25,dynamic_catboost,sigmoid,CONFSERVER,1019,0.6947988223748773,0.20611289723466908,0.8814118726777826,0.812800879248642,1.41964551839632,0.8492798106643997
cross_project,0.25,dynamic_catboost,sigmoid,DM,5222,0.5407889697433933,0.19401396901622664,0.7474969168196978,0.7565244112775754,0.2919153646202883,0.8116023021163412
cross_project,0.25,dynamic_catboost,sigmoid,INDY,850,0.4776470588235294,0.20496460796037227,0.6912449210693765,0.7253694581280788,-0.19238565946953148,0.8818907585358703
cross_project,0.25,dynamic_catboost,sigmoid,IS,643,0.4758942457231726,0.2027887320598303,0.7873119887301931,0.7621748996334439,-0.5669724078380948,0.893217537938712
cross_project,0.25,dynamic_catboost,sigmoid,MESOS,1268,0.5717665615141956,0.18234998959469445,0.7808086484919965,0.7791249126817805,0.429552704483381,0.7953182473178678
cross_project,0.25,dynamic_catboost,sigmoid,MULE,1807,0.2589928057553957,0.19158936294200538,0.5430887785322864,0.77705887797374,-1.0082612525526502,0.8951888062342661
cross_project,0.25,dynamic_catboost,sigmoid,NEXUS,525,0.25333333333333335,0.1411213276935975,0.5995831032459403,0.8557139021021942,-0.5694875440704131,0.9009345818820608
cross_project,0.25,dynamic_catboost,sigmoid,TIDOC,786,0.44783715012722647,0.17035223914201617,0.7722745219457516,0.855290374947633,-0.9924951700828938,1.2218199415058877
cross_project,0.25,dynamic_catboost,sigmoid,TIMOB,2733,0.5367727771679474,0.14089252779489167,0.8501414305004509,0.8692751862728312,-0.15897779384580227,1.3407630338160932
cross_project,0.25,dynamic_catboost,sigmoid,TISTUD,836,0.32057416267942584,0.15362590344503735,0.70818758564495,0.8467160237544672,0.7262411655420018,1.2734337745970057
cross_project,0.25,dynamic_catboost,sigmoid,XD,1238,0.20597738287560582,0.1855008133610623,0.42088002005710223,0.7622344563461194,-1.1040229860537147,0.7396544063323264
cross_project,0.25,dynamic_no_cohort,raw,APIKIT,299,0.2608695652173913,0.14542770969426666,0.5969509494867244,0.8177862861120779,-0.23232408170325486,0.871486797754666
cross_project,0.25,dynamic_no_cohort,raw,COMPASS,729,0.5706447187928669,0.16134450447049403,0.804429621731388,0.8109486360285082,0.3952419886545468,0.9345563050122502
cross_project,0.25,dynamic_no_cohort,raw,CONFCLOUD,367,0.6648501362397821,0.12593954525169593,0.893100183440195,0.8389310942289752,0.49841959004511055,0.9162206775446825
cross_project,0.25,dynamic_no_cohort,raw,CONFSERVER,1019,0.6947988223748773,0.14767142236108205,0.886734489844649,0.8182235180845459,0.7801165720024613,0.8223834988366614
cross_project,0.25,dynamic_no_cohort,raw,DM,5222,0.5407889697433933,0.20735199010545996,0.7554302148110432,0.7578676724229587,0.5827632255770171,0.7692665303711741
cross_project,0.25,dynamic_no_cohort,raw,INDY,850,0.4776470588235294,0.2170141440122246,0.688418594950206,0.7157613278302934,0.4379041939714165,0.9445892212361681
cross_project,0.25,dynamic_no_cohort,raw,IS,643,0.4758942457231726,0.19001369463203324,0.7831542242750267,0.7559347181008902,-0.1923259721679524,0.8708032739080874
cross_project,0.25,dynamic_no_cohort,raw,MESOS,1268,0.5717665615141956,0.18162035352779618,0.7692767431173526,0.7732164856798119,0.3909184145934123,0.8320071001943334
cross_project,0.25,dynamic_no_cohort,raw,MULE,1807,0.2589928057553957,0.18778051713899102,0.4979708090694022,0.761962779979957,-0.8391435508404059,0.6740887293017772
cross_project,0.25,dynamic_no_cohort,raw,NEXUS,525,0.25333333333333335,0.14732889180584618,0.6130456289086698,0.8531532913917447,-0.712278680544139,0.8820313909755743
cross_project,0.25,dynamic_no_cohort,raw,TIDOC,786,0.44783715012722647,0.15773810773289262,0.7726056216078634,0.8554998428990364,-0.5356612014056203,0.9107712566114197
cross_project,0.25,dynamic_no_cohort,raw,TIMOB,2733,0.5367727771679474,0.14438590634226547,0.8606150914781254,0.8786892466274899,0.49822572611084837,1.2913934237585332
cross_project,0.25,dynamic_no_cohort,raw,TISTUD,836,0.32057416267942584,0.1488539948616251,0.7037018876707637,0.8426890634853899,-0.35530441669818325,0.9472044398121564
cross_project,0.25,dynamic_no_cohort,raw,XD,1238,0.20597738287560582,0.17956436132566606,0.3997665797514895,0.7510781321684319,-1.0066291786521002,0.6619838903254742
cross_project,0.25,dynamic_no_cohort,sigmoid,APIKIT,299,0.2608695652173913,0.15335966925987018,0.5969509494867244,0.8177862861120779,-0.5231119687472714,0.8979301503844281
cross_project,0.25,dynamic_no_cohort,sigmoid,COMPASS,729,0.5706447187928669,0.16226528994181263,0.804429621731388,0.8109486360285082,0.4343289911759185,0.865398153244391
cross_project,0.25,dynamic_no_cohort,sigmoid,CONFCLOUD,367,0.6648501362397821,0.12173442631525758,0.893100183440195,0.8389310942289752,0.15179276781910234,0.7792559128151217
cross_project,0.25,dynamic_no_cohort,sigmoid,CONFSERVER,1019,0.6947988223748773,0.22446587428848827,0.886734489844649,0.8182235180845459,1.6141797971846699,0.8773278011342956
cross_project,0.25,dynamic_no_cohort,sigmoid,DM,5222,0.5407889697433933,0.18990198611794146,0.7554302148110432,0.7578676724229587,0.20666287689782137,0.8691323397525502
cross_project,0.25,dynamic_no_cohort,sigmoid,INDY,850,0.4776470588235294,0.2080201513785275,0.688418594950206,0.7157613278302934,0.003385585266455158,0.8125203256364505
cross_project,0.25,dynamic_no_cohort,sigmoid,IS,643,0.4758942457231726,0.19445634015503444,0.7831542242750267,0.7559347181008902,-0.3408337682214538,0.7972450939133672
cross_project,0.25,dynamic_no_cohort,sigmoid,MESOS,1268,0.5717665615141956,0.1832726642623717,0.7692767431173526,0.7732164856798119,0.42959773252782746,0.7987529008189965
cross_project,0.25,dynamic_no_cohort,sigmoid,MULE,1807,0.2589928057553957,0.20089822127767382,0.4979708090694022,0.761962779979957,-1.0392157819691845,0.8185529254386036
cross_project,0.25,dynamic_no_cohort,sigmoid,NEXUS,525,0.25333333333333335,0.14525826017507765,0.6130456289086698,0.8531532913917447,-0.6760522036168917,0.9188302637007061
cross_project,0.25,dynamic_no_cohort,sigmoid,TIDOC,786,0.44783715012722647,0.1711129152329496,0.7726056216078634,0.8554998428990364,-1.0247025398549678,1.17978236332254
cross_project,0.25,dynamic_no_cohort,sigmoid,TIMOB,2733,0.5367727771679474,0.13735686954542708,0.8606150914781254,0.8786892466274899,-0.21894092050103772,1.4530667810569282
cross_project,0.25,dynamic_no_cohort,sigmoid,TISTUD,836,0.32057416267942584,0.1517944513013258,0.7037018876707637,0.8426890634853899,0.642934802287306,1.2783317626001096
cross_project,0.25,dynamic_no_cohort,sigmoid,XD,1238,0.20597738287560582,0.19407692712414773,0.3997665797514895,0.7510781321684319,-1.1605809144679782,0.7183524140007376
cross_project,0.25,frequency,raw,APIKIT,299,0.2608695652173913,0.2354792696858187,0.2608695652173913,0.5,,
cross_project,0.25,frequency,raw,COMPASS,729,0.5706447187928669,0.2549103257808738,0.5706447187928669,0.5,,
cross_project,0.25,frequency,raw,CONFCLOUD,367,0.6648501362397821,0.2668743238538807,0.6648501362397821,0.5,,
cross_project,0.25,frequency,raw,CONFSERVER,1019,0.6947988223748773,0.25816159167264713,0.6947988223748773,0.5,,
cross_project,0.25,frequency,raw,DM,5222,0.5407889697433933,0.25940513661841486,0.5407889697433933,0.5,,
cross_project,0.25,frequency,raw,INDY,850,0.4776470588235294,0.2500331537354915,0.4776470588235294,0.5,,
cross_project,0.25,frequency,raw,IS,643,0.4758942457231726,0.2496465953897474,0.4758942457231726,0.5,,
cross_project,0.25,frequency,raw,MESOS,1268,0.5717665615141956,0.2557225238518232,0.5717665615141956,0.5,,
cross_project,0.25,frequency,raw,MULE,1807,0.2589928057553957,0.24310062239762398,0.2589928057553957,0.5,,
cross_project,0.25,frequency,raw,NEXUS,525,0.25333333333333335,0.23810627616419827,0.25333333333333335,0.5,,
cross_project,0.25,frequency,raw,TIDOC,786,0.44783715012722647,0.24794883903775952,0.44783715012722647,0.5,,
cross_project,0.25,frequency,raw,TIMOB,2733,0.5367727771679474,0.26338834360111574,0.5367727771679474,0.5,,
cross_project,0.25,frequency,raw,TISTUD,836,0.32057416267942584,0.25218378277604786,0.32057416267942584,0.5,,
cross_project,0.25,frequency,raw,XD,1238,0.20597738287560582,0.2415918223982918,0.20597738287560582,0.5,,
cross_project,0.25,frequency,sigmoid,APIKIT,299,0.2608695652173913,0.30931024517974476,0.2608695652173913,0.5,,
cross_project,0.25,frequency,sigmoid,COMPASS,729,0.5706447187928669,0.2660436349533567,0.5706447187928669,0.5,,
cross_project,0.25,frequency,sigmoid,CONFCLOUD,367,0.6648501362397821,0.24233310215098067,0.6648501362397821,0.5,,
cross_project,0.25,frequency,sigmoid,CONFSERVER,1019,0.6947988223748773,0.3679979501303833,0.6947988223748773,0.5,,
cross_project,0.25,frequency,sigmoid,DM,5222,0.5407889697433933,0.24838102987505348,0.5407889697433933,0.5,,
cross_project,0.25,frequency,sigmoid,INDY,850,0.4776470588235294,0.2550182534892266,0.4776470588235294,0.5,,
cross_project,0.25,frequency,sigmoid,IS,643,0.4758942457231726,0.2511010296518029,0.4758942457231726,0.5,,
cross_project,0.25,frequency,sigmoid,MESOS,1268,0.5717665615141956,0.2629930590726346,0.5717665615141956,0.5,,
cross_project,0.25,frequency,sigmoid,MULE,1807,0.2589928057553957,0.25721432831211055,0.2589928057553957,0.5,,
cross_project,0.25,frequency,sigmoid,NEXUS,525,0.25333333333333335,0.2636324825007802,0.25333333333333335,0.5,,
cross_project,0.25,frequency,sigmoid,TIDOC,786,0.44783715012722647,0.26122383976362784,0.44783715012722647,0.5,,
cross_project,0.25,frequency,sigmoid,TIMOB,2733,0.5367727771679474,0.24867104247596516,0.5367727771679474,0.5,,
cross_project,0.25,frequency,sigmoid,TISTUD,836,0.32057416267942584,0.21782805551185297,0.32057416267942584,0.5,,
cross_project,0.25,frequency,sigmoid,XD,1238,0.20597738287560582,0.2747913872901356,0.20597738287560582,0.5,,
cross_project,0.25,static_catboost,raw,APIKIT,299,0.2608695652173913,0.16908382809642858,0.5171064912591741,0.721255366051746,-0.32309537702761987,0.7896644597846798
cross_project,0.25,static_catboost,raw,COMPASS,729,0.5706447187928669,0.20870902154399623,0.7522241953615951,0.7376044482673876,0.5517327032674363,0.9263764334400926
cross_project,0.25,static_catboost,raw,CONFCLOUD,367,0.6648501362397821,0.19744470752893603,0.7842569071464731,0.670198587231774,0.2061581149441742,0.6919584215358054
cross_project,0.25,static_catboost,raw,CONFSERVER,1019,0.6947988223748773,0.20077372227700357,0.8255753203943257,0.7044525587225462,0.6988639207557562,0.6883110523597469
cross_project,0.25,static_catboost,raw,DM,5222,0.5407889697433933,0.26370376997231815,0.6828071134438305,0.6598195025599709,0.6107843091790681,0.6252355245193258
cross_project,0.25,static_catboost,raw,INDY,850,0.4776470588235294,0.25035480777729097,0.6169431474282678,0.638921248835042,0.50416306812284,0.7775909815910224
cross_project,0.25,static_catboost,raw,IS,643,0.4758942457231726,0.20130153524656433,0.7512274450083166,0.7235119567114678,0.0047631412246801055,0.9577189735740423
cross_project,0.25,static_catboost,raw,MESOS,1268,0.5717665615141956,0.2364371935813859,0.7034436625970528,0.6756448847399505,0.4889773187714238,0.7329463819980192
cross_project,0.25,static_catboost,raw,MULE,1807,0.2589928057553957,0.2021055955749687,0.41525436172305175,0.6930146237465132,-0.860186387007244,0.6311086567243805
cross_project,0.25,static_catboost,raw,NEXUS,525,0.25333333333333335,0.23296763019652833,0.4269634590384284,0.7005428111094061,-1.1812222847076064,0.8426362973040529
cross_project,0.25,static_catboost,raw,TIDOC,786,0.44783715012722647,0.18812368367676796,0.75138495140849,0.8139073627984917,-0.6359200298732486,1.0152428566087763
cross_project,0.25,static_catboost,raw,TIMOB,2733,0.5367727771679474,0.21418062138156535,0.7765420898890996,0.7896885778867577,0.9192977213996079,1.1864147857342895
cross_project,0.25,static_catboost,raw,TISTUD,836,0.32057416267942584,0.19534264033175644,0.5781722526652255,0.7151861730081985,-0.5505680633889627,0.9444658841495677
cross_project,0.25,static_catboost,raw,XD,1238,0.20597738287560582,0.20445152688298135,0.3207802984305017,0.6347016934953025,-1.1270753916536032,0.5879294953421492
cross_project,0.25,static_catboost,sigmoid,APIKIT,299,0.2608695652173913,0.18923722929805067,0.5171064912591741,0.721255366051746,-0.7319219526813652,0.9371141022240347
cross_project,0.25,static_catboost,sigmoid,COMPASS,729,0.5706447187928669,0.2247919702912167,0.7522241953615951,0.7376044482673876,0.7751341311704852,0.8833759627993623
cross_project,0.25,static_catboost,sigmoid,CONFCLOUD,367,0.6648501362397821,0.20700057333082195,0.7842569071464731,0.670198587231774,-0.20479322320129092,0.6495632008827916
cross_project,0.25,static_catboost,sigmoid,CONFSERVER,1019,0.6947988223748773,0.2867073325622342,0.8255753203943257,0.7044525587225462,1.3824404304486801,0.7031625155677756
cross_project,0.25,static_catboost,sigmoid,DM,5222,0.5407889697433933,0.23077276447987533,0.6828071134438305,0.6598195025599709,0.2699775531627192,0.8930862923209035
cross_project,0.25,static_catboost,sigmoid,INDY,850,0.4776470588235294,0.22968658833179978,0.6169431474282678,0.638921248835042,-0.05071790393220849,0.8187711826190106
cross_project,0.25,static_catboost,sigmoid,IS,643,0.4758942457231726,0.2075965747661219,0.7512274450083166,0.7235119567114678,-0.3718470961728433,0.9966653224682954
cross_project,0.25,static_catboost,sigmoid,MESOS,1268,0.5717665615141956,0.23347683616428058,0.7034436625970528,0.6756448847399505,0.4413965350826499,0.7163515578338302
cross_project,0.25,static_catboost,sigmoid,MULE,1807,0.2589928057553957,0.23018115074867904,0.41525436172305175,0.6930146237465132,-1.1442704829885604,0.9769008526057282
cross_project,0.25,static_catboost,sigmoid,NEXUS,525,0.25333333333333335,0.2642296310265756,0.4269634590384284,0.7005428111094061,-1.4222085427559548,0.8875187908821749
cross_project,0.25,static_catboost,sigmoid,TIDOC,786,0.44783715012722647,0.21558128141836425,0.75138495140849,0.8139073627984917,-1.3045503858651004,1.5096898838247759
cross_project,0.25,static_catboost,sigmoid,TIMOB,2733,0.5367727771679474,0.18608245333531975,0.7765420898890996,0.7896885778867577,-0.33532558191937095,1.3304742451641058
cross_project,0.25,static_catboost,sigmoid,TISTUD,836,0.32057416267942584,0.18486512609873268,0.5781722526652255,0.7151861730081985,0.3289718831438276,1.2342849538670124
cross_project,0.25,static_catboost,sigmoid,XD,1238,0.20597738287560582,0.24191788525857072,0.3207802984305017,0.6347016934953025,-1.374026705119114,0.7100208443683793
cross_project,0.25,static_lr,raw,APIKIT,299,0.2608695652173913,0.16694623790478777,0.5308658284419759,0.7315813899524306,-0.3490376642320604,0.7280179899063207
cross_project,0.25,static_lr,raw,COMPASS,729,0.5706447187928669,0.2073488286606605,0.7407022501099143,0.726959941017449,0.46836435566286005,0.8618723179538027
cross_project,0.25,static_lr,raw,CONFCLOUD,367,0.6648501362397821,0.21306121370265269,0.7382525196525835,0.5989937358389977,0.5746966588447995,0.46942772741577976
cross_project,0.25,static_lr,raw,CONFSERVER,1019,0.6947988223748773,0.19343132789648781,0.8526426129304376,0.7367113557505405,0.7560863305113444,0.789388665107958
cross_project,0.25,static_lr,raw,DM,5222,0.5407889697433933,0.26300288875765776,0.6967763883638646,0.6511700023863134,0.5570894022261612,0.5457070350239832
cross_project,0.25,static_lr,raw,INDY,850,0.4776470588235294,0.2601311582928785,0.5527816003044413,0.5776583233479785,0.24342142292707578,0.47152792069343363
cross_project,0.25,static_lr,raw,IS,643,0.4758942457231726,0.20897696862636625,0.7423966037684323,0.6961463121351409,-0.1644089891711957,0.7536180869585776
cross_project,0.25,static_lr,raw,MESOS,1268,0.5717665615141956,0.23568009744424426,0.6841394132191172,0.641618085984632,0.37726569174304314,0.6691967762189149
cross_project,0.25,static_lr,raw,MULE,1807,0.2589928057553957,0.1997985929422474,0.4194724796084841,0.6952566974971754,-0.8215861205197653,0.6150383642473575
cross_project,0.25,static_lr,raw,NEXUS,525,0.25333333333333335,0.2557651782045161,0.36763189242892647,0.6514308731011202,-1.1519244821145211,0.5140604105659413
cross_project,0.25,static_lr,raw,TIDOC,786,0.44783715012722647,0.1900624465238767,0.7140327725426158,0.7858779325513195,-0.26980454783946534,1.068099626578512
cross_project,0.25,static_lr,raw,TIMOB,2733,0.5367727771679474,0.23471877476230177,0.7464701240909248,0.7355738840052508,0.7937761583504139,0.8471934816265269
cross_project,0.25,static_lr,raw,TISTUD,836,0.32057416267942584,0.21376808901172986,0.5436791465302865,0.6930181837292412,-0.718847864723738,0.8781489934121516
cross_project,0.25,static_lr,raw,XD,1238,0.20597738287560582,0.21684172728018367,0.308313454719057,0.6300640296810485,-1.1801364851822402,0.5592074892043017
cross_project,0.25,static_lr,sigmoid,APIKIT,299,0.2608695652173913,0.19175296304042289,0.5308658284419759,0.7315813899524306,-0.7887987179789918,0.9661072098367095
cross_project,0.25,static_lr,sigmoid,COMPASS,729,0.5706447187928669,0.22620332443570446,0.7407022501099143,0.726959941017449,0.7237134841958316,0.8222420522679442
cross_project,0.25,static_lr,sigmoid,CONFCLOUD,367,0.6648501362397821,0.20349980635798526,0.7382525196525835,0.5989937358389977,0.3382018799082383,0.5495941149115352
cross_project,0.25,static_lr,sigmoid,CONFSERVER,1019,0.6947988223748773,0.27385719598455494,0.8526426129304376,0.7367113557505405,1.4354632061892638,0.812412289742224
cross_project,0.25,static_lr,sigmoid,DM,5222,0.5407889697433933,0.22791767508453525,0.6967763883638646,0.6511700023863134,0.19232333695681586,0.9154763390287444
cross_project,0.25,static_lr,sigmoid,INDY,850,0.4776470588235294,0.24351281080333853,0.5527816003044413,0.5776583233479785,-0.10135715790942668,0.5622593245059766
cross_project,0.25,static_lr,sigmoid,IS,643,0.4758942457231726,0.218224830070095,0.7423966037684323,0.6961463121351409,-0.47787442282818987,0.900024573577077
cross_project,0.25,static_lr,sigmoid,MESOS,1268,0.5717665615141956,0.24005147111572817,0.6841394132191172,0.641618085984632,0.4534869493926646,0.7258018842043753
cross_project,0.25,static_lr,sigmoid,MULE,1807,0.2589928057553957,0.22366708311141156,0.4194724796084841,0.6952566974971754,-1.0626461519577624,1.1550813800934767
cross_project,0.25,static_lr,sigmoid,NEXUS,525,0.25333333333333335,0.26196607486278345,0.36763189242892647,0.6514308731011202,-1.2087818623919389,0.6375104924703668
cross_project,0.25,static_lr,sigmoid,TIDOC,786,0.44783715012722647,0.22722545749481513,0.7140327725426158,0.7858779325513195,-1.3260201628118982,1.7789454853320978
cross_project,0.25,static_lr,sigmoid,TIMOB,2733,0.5367727771679474,0.20398874987667284,0.7464701240909248,0.7355738840052508,-0.39451885822847527,1.2331436356790282
cross_project,0.25,static_lr,sigmoid,TISTUD,836,0.32057416267942584,0.19305180397593963,0.5436791465302865,0.6930181837292412,0.24635357155825638,1.234224513770418
cross_project,0.25,static_lr,sigmoid,XD,1238,0.20597738287560582,0.22729367500842917,0.308313454719057,0.6300640296810485,-1.2766263274692877,0.8214392662086629
cross_project,0.5,business_rule,raw,APIKIT,299,0.2608695652173913,0.15621015482424594,0.46899520092667113,0.8098387283907645,-0.5854698214596918,0.5903042444066109
cross_project,0.5,business_rule,raw,COMPASS,729,0.5706447187928669,0.13798182555035618,0.8412130410045005,0.8630230093389039,0.8214015264959343,1.0974016118352632
cross_project,0.5,business_rule,raw,CONFCLOUD,367,0.6648501362397821,0.148144472535358,0.8816794456466275,0.852942156470745,1.3386886539423226,1.440795245713121
cross_project,0.5,business_rule,raw,CONFSERVER,1019,0.6947988223748773,0.14529606802589531,0.8995894083708769,0.8646951695823568,1.3279872392535421,1.4730132691323978
cross_project,0.5,business_rule,raw,DM,5222,0.5407889697433933,0.155167687336972,0.731708036037531,0.8006534895699202,0.09052260903459743,0.6820797333102657
cross_project,0.5,business_rule,raw,INDY,850,0.4776470588235294,0.1794143817572356,0.6749943987755505,0.7679459015665911,0.09063320922997184,0.9057274042244448
cross_project,0.5,business_rule,raw,IS,643,0.4758942457231726,0.1954367450868856,0.6484169521146013,0.7656610616551269,-0.10004575051876836,0.8985301975194716
cross_project,0.5,business_rule,raw,MESOS,1268,0.5717665615141956,0.1541119378326965,0.7664301754819325,0.7913621642217565,0.4564383028760225,1.2029042586099634
cross_project,0.5,business_rule,raw,MULE,1807,0.2589928057553957,0.17940566186611634,0.43506539307936987,0.7874410358540307,-0.7686302125479767,0.5820901031998584
cross_project,0.5,business_rule,raw,NEXUS,525,0.25333333333333335,0.11590140499769683,0.6226738397827174,0.8829599508976522,-0.2779516740766459,1.123640254004059
cross_project,0.5,business_rule,raw,TIDOC,786,0.44783715012722647,0.1706616324352864,0.5908235480475457,0.7512208054042732,0.19077382915119875,0.7427695029892316
cross_project,0.5,business_rule,raw,TIMOB,2733,0.5367727771679474,0.14233436643783767,0.7255077458241186,0.8254947443008965,0.5852260483357218,0.907976808114127
cross_project,0.5,business_rule,raw,TISTUD,836,0.32057416267942584,0.17207975160985187,0.5178935414468353,0.7797981921379021,-0.4312880789800072,0.6294395238805549
cross_project,0.5,business_rule,raw,XD,1238,0.20597738287560582,0.16589932012966893,0.34748108570755054,0.7780463965850837,-0.8910612980882063,0.623599971077936
cross_project,0.5,business_rule,sigmoid,APIKIT,299,0.2608695652173913,0.1988322477721866,0.46899520092667113,0.8098387283907645,-1.0926913328175352,0.507392364865196
cross_project,0.5,business_rule,sigmoid,COMPASS,729,0.5706447187928669,0.13915641162499426,0.8412130410045005,0.8630230093389039,0.6269677388692013,1.5537417430846638
cross_project,0.5,business_rule,sigmoid,CONFCLOUD,367,0.6648501362397821,0.11669342387162118,0.8816794456466275,0.852942156470745,0.6676345428193,1.594842224466645
cross_project,0.5,business_rule,sigmoid,CONFSERVER,1019,0.6947988223748773,0.2132315529348252,0.8995894083708769,0.8646951695823568,2.21359300862634,2.18178235330342
cross_project,0.5,business_rule,sigmoid,DM,5222,0.5407889697433933,0.15758590003994885,0.7317079285567518,0.800653415735965,-0.18946561514597166,0.6882117023968886
cross_project,0.5,business_rule,sigmoid,INDY,850,0.4776470588235294,0.1895038851160254,0.6749943987755505,0.7679459015665911,-0.5663154630966208,0.9727731174315922
cross_project,0.5,business_rule,sigmoid,IS,643,0.4758942457231726,0.2077185091104434,0.6484169521146013,0.7656610616551269,-0.6074853080364643,1.0303373345867088
cross_project,0.5,business_rule,sigmoid,MESOS,1268,0.5717665615141956,0.15211032994572332,0.7664301754819325,0.7913621642217565,0.18695724485773574,1.5901473977625737
cross_project,0.5,business_rule,sigmoid,MULE,1807,0.2589928057553957,0.17272615298984373,0.43506539307936987,0.7874410358540307,-0.8073949710334385,0.8187140596035501
cross_project,0.5,business_rule,sigmoid,NEXUS,525,0.25333333333333335,0.12179861771280627,0.6226738397827174,0.8829599508976522,-0.6351755009325356,1.1380217488058106
cross_project,0.5,business_rule,sigmoid,TIDOC,786,0.44783715012722647,0.1642636696109434,0.5908235480475457,0.7512208054042732,-0.12623375879176377,1.0706659654584152
cross_project,0.5,business_rule,sigmoid,TIMOB,2733,0.5367727771679474,0.14507951748886871,0.7255077458241186,0.8254947443008965,0.46700009449573265,1.3045360951834233
cross_project,0.5,business_rule,sigmoid,TISTUD,836,0.32057416267942584,0.15963751847211502,0.5178935414468353,0.7797981921379021,0.09803075737146896,1.0033329608747092
cross_project,0.5,business_rule,sigmoid,XD,1238,0.20597738287560582,0.18225125263554015,0.34748108570755054,0.7780463965850837,-1.0248942487011972,0.5618535305319032
cross_project,0.5,dynamic_catboost,raw,APIKIT,299,0.2608695652173913,0.1273407508456475,0.6893134756170827,0.8719399002204431,-0.2745025496294594,0.8248620017757456
cross_project,0.5,dynamic_catboost,raw,COMPASS,729,0.5706447187928669,0.11327698915048214,0.8851038588366005,0.8923722044728435,0.3972258180163953,0.9146705787380278
cross_project,0.5,dynamic_catboost,raw,CONFCLOUD,367,0.6648501362397821,0.0949127113947227,0.9085591177367547,0.8689524190323871,0.32632815735123955,0.8119773875405946
cross_project,0.5,dynamic_catboost,raw,CONFSERVER,1019,0.6947988223748773,0.09576931609942535,0.935460845168733,0.894462913510273,0.6450045022243979,0.9258317188954384
cross_project,0.5,dynamic_catboost,raw,DM,5222,0.5407889697433933,0.1571052015832128,0.8395641148744468,0.8502396354847169,0.5918836053552272,0.864622331872299
cross_project,0.5,dynamic_catboost,raw,INDY,850,0.4776470588235294,0.16419116036705786,0.7985964645933256,0.8330115830115831,0.3505572536631702,0.9940862541362805
cross_project,0.5,dynamic_catboost,raw,IS,643,0.4758942457231726,0.15526305956553335,0.8553159110467402,0.8524466166288475,-0.23524034995350887,0.9746361123209302
cross_project,0.5,dynamic_catboost,raw,MESOS,1268,0.5717665615141956,0.14415439783026418,0.8320200089059575,0.8393255858258716,0.3899832596759802,0.8401201000272707
cross_project,0.5,dynamic_catboost,raw,MULE,1807,0.2589928057553957,0.14748488526369974,0.6685122514630203,0.8538822185200079,-0.7094507530884095,0.7932224624620337
cross_project,0.5,dynamic_catboost,raw,NEXUS,525,0.25333333333333335,0.10275837500525285,0.7646263336413279,0.9194510510971305,-0.5022894202242436,1.0419874555134174
cross_project,0.5,dynamic_catboost,raw,TIDOC,786,0.44783715012722647,0.12214240143000166,0.8484679105179724,0.9046986279849183,-0.5307008345493497,0.9873624991401191
cross_project,0.5,dynamic_catboost,raw,TIMOB,2733,0.5367727771679474,0.11799258603075831,0.8967483267530947,0.9108515298655735,0.6271729947233062,1.062637319532841
cross_project,0.5,dynamic_catboost,raw,TISTUD,836,0.32057416267942584,0.12740266211585768,0.7848326432257494,0.8901717206222408,-0.35799943365507186,0.8561836172714684
cross_project,0.5,dynamic_catboost,raw,XD,1238,0.20597738287560582,0.14264423126313064,0.5424631619915095,0.8479703987393534,-0.8510073909621767,0.7772072548237609
cross_project,0.5,dynamic_catboost,sigmoid,APIKIT,299,0.2608695652173913,0.1346657939372124,0.6893134756170827,0.8719399002204431,-0.6331416659350643,0.9535153021652164
cross_project,0.5,dynamic_catboost,sigmoid,COMPASS,729,0.5706447187928669,0.11693772719934732,0.8851038588366005,0.8923722044728435,0.5319470930509149,0.9804407818526971
cross_project,0.5,dynamic_catboost,sigmoid,CONFCLOUD,367,0.6648501362397821,0.09270493797024039,0.9085591177367547,0.8689524190323871,0.054519562822619085,0.8208079913849337
cross_project,0.5,dynamic_catboost,sigmoid,CONFSERVER,1019,0.6947988223748773,0.13650260096193376,0.935460845168733,0.894462913510273,1.448346778252231,0.9450930246117457
cross_project,0.5,dynamic_catboost,sigmoid,DM,5222,0.5407889697433933,0.1476517853965453,0.8395641148744468,0.8502396354847169,0.30364317430303045,0.937346081617182
cross_project,0.5,dynamic_catboost,sigmoid,INDY,850,0.4776470588235294,0.1600868945313379,0.7985964645933256,0.8330115830115831,-0.1621295437574633,1.0508281234661163
cross_project,0.5,dynamic_catboost,sigmoid,IS,643,0.4758942457231726,0.16300715784529812,0.8553159110467402,0.8524466166288475,-0.5525724622636285,1.033600778013515
cross_project,0.5,dynamic_catboost,sigmoid,MESOS,1268,0.5717665615141956,0.14264843197959323,0.8320200089059575,0.8393255858258716,0.3198174041214166,0.8713651512428896
cross_project,0.5,dynamic_catboost,sigmoid,MULE,1807,0.2589928057553957,0.16317309960519166,0.6685122514630203,0.8538822185200079,-1.0681565281748426,0.8818416356730353
cross_project,0.5,dynamic_catboost,sigmoid,NEXUS,525,0.25333333333333335,0.10293280899121975,0.7646263336413279,0.9194510510971305,-0.512266783434846,1.048233446840837
cross_project,0.5,dynamic_catboost,sigmoid,TIDOC,786,0.44783715012722647,0.13123463775778016,0.8484679105179724,0.9046986279849183,-0.970757414160949,1.1356262305232063
cross_project,0.5,dynamic_catboost,sigmoid,TIMOB,2733,0.5367727771679474,0.10826606668858185,0.8967483267530947,0.9108515298655735,-0.006958220117815146,1.0090858731235155
cross_project,0.5,dynamic_catboost,sigmoid,TISTUD,836,0.32057416267942584,0.1248439159046238,0.7848326432257494,0.8901717206222408,0.3648526308303083,1.0346723114215144
cross_project,0.5,dynamic_catboost,sigmoid,XD,1238,0.20597738287560582,0.15041942995755464,0.5424631619915095,0.8479703987393534,-0.9881196555674466,0.7955255294493884
cross_project,0.5,dynamic_no_cohort,raw,APIKIT,299,0.2608695652173913,0.11964296951623657,0.7454124226859652,0.8884731407355841,-0.29569902687593935,0.902298785093234
cross_project,0.5,dynamic_no_cohort,raw,COMPASS,729,0.5706447187928669,0.11451706991008045,0.8818609864010708,0.8894960371098549,0.48402652694778214,0.8775606682588456
cross_project,0.5,dynamic_no_cohort,raw,CONFCLOUD,367,0.6648501362397821,0.09611740149343731,0.9001479200371826,0.8619218979075036,0.42553208854640734,0.7918120557090131
cross_project,0.5,dynamic_no_cohort,raw,CONFSERVER,1019,0.6947988223748773,0.09827495525063067,0.9383319464788519,0.8993360219448835,0.7963914912296147,0.9674684383710921
cross_project,0.5,dynamic_no_cohort,raw,DM,5222,0.5407889697433933,0.16186714032642974,0.8410374661628002,0.8481352200960669,0.6612050303863516,0.8236970057572837
cross_project,0.5,dynamic_no_cohort,raw,INDY,850,0.4776470588235294,0.16546522356651097,0.797661972429911,0.8395492167043891,0.4203511151039362,1.070138713251262
cross_project,0.5,dynamic_no_cohort,raw,IS,643,0.4758942457231726,0.15732171181668977,0.8496830684141976,0.8395735148658869,-0.17090569889054985,0.9900488052033697
cross_project,0.5,dynamic_no_cohort,raw,MESOS,1268,0.5717665615141956,0.14145988539491808,0.8215106696077338,0.837485235282911,0.3367224945399553,0.8681653050877476
cross_project,0.5,dynamic_no_cohort,raw,MULE,1807,0.2589928057553957,0.15360950951245833,0.628980595641099,0.846648538582818,-0.7683867589171136,0.7507986973623468
cross_project,0.5,dynamic_no_cohort,raw,NEXUS,525,0.25333333333333335,0.10648271254654716,0.7732257573814681,0.91710142703698,-0.6027286210848335,1.0119819717724996
cross_project,0.5,dynamic_no_cohort,raw,TIDOC,786,0.44783715012722647,0.1264833341764879,0.8301798392068384,0.897164327607876,-0.5054778714168083,0.976762520420612
cross_project,0.5,dynamic_no_cohort,raw,TIMOB,2733,0.5367727771679474,0.11653185627321762,0.8947270120718506,0.9114570040630576,0.5896964455287945,1.1031304502899932
cross_project,0.5,dynamic_no_cohort,raw,TISTUD,836,0.32057416267942584,0.1274081300168004,0.7851391877562447,0.8905133224721463,-0.3623209425957548,0.8431079109364433
cross_project,0.5,dynamic_no_cohort,raw,XD,1238,0.20597738287560582,0.1449421039658184,0.5477959044259558,0.8502982067699918,-0.9311033373808422,0.8189472787466346
cross_project,0.5,dynamic_no_cohort,sigmoid,APIKIT,299,0.2608695652173913,0.1289878873035041,0.7454124226859652,0.8884731407355841,-0.7228895834450526,1.0751081786060404
cross_project,0.5,dynamic_no_cohort,sigmoid,COMPASS,729,0.5706447187928669,0.12074192942185247,0.8818609864010708,0.8894960371098549,0.6344026613080193,1.018111171268705
cross_project,0.5,dynamic_no_cohort,sigmoid,CONFCLOUD,367,0.6648501362397821,0.09383766557409196,0.9001479200371826,0.8619218979075036,0.19147572228622525,0.7337338897675303
cross_project,0.5,dynamic_no_cohort,sigmoid,CONFSERVER,1019,0.6947988223748773,0.15565862193295607,0.9383319464788519,0.8993360219448835,1.7155615982691408,0.9841818982112236
cross_project,0.5,dynamic_no_cohort,sigmoid,DM,5222,0.5407889697433933,0.14894941280026186,0.8410374661628002,0.8481352200960669,0.31494550345808425,0.9327465560121009
cross_project,0.5,dynamic_no_cohort,sigmoid,INDY,850,0.4776470588235294,0.15864036478923507,0.797661972429911,0.8395492167043891,-0.11124035198484114,1.1111994873424846
cross_project,0.5,dynamic_no_cohort,sigmoid,IS,643,0.4758942457231726,0.16228164661867117,0.8496830684141976,0.8395735148658869,-0.3953352066734535,0.990744598763276
cross_project,0.5,dynamic_no_cohort,sigmoid,MESOS,1268,0.5717665615141956,0.14247211389606307,0.8215106696077338,0.837485235282911,0.3675153289550099,0.9269032564422676
cross_project,0.5,dynamic_no_cohort,sigmoid,MULE,1807,0.2589928057553957,0.1663417528088032,0.628980595641099,0.846648538582818,-1.0401113450998332,0.8191402191010264
cross_project,0.5,dynamic_no_cohort,sigmoid,NEXUS,525,0.25333333333333335,0.10626859817840151,0.7732257573814681,0.91710142703698,-0.5982681173831936,1.0225262965769384
cross_project,0.5,dynamic_no_cohort,sigmoid,TIDOC,786,0.44783715012722647,0.13894956340812167,0.8301798392068384,0.897164327607876,-1.0654014454495195,1.1242328359262943
cross_project,0.5,dynamic_no_cohort,sigmoid,TIMOB,2733,0.5367727771679474,0.10794752064387367,0.8947270120718506,0.9114570040630576,-0.17399437145664073,1.1517138432478609
cross_project,0.5,dynamic_no_cohort,sigmoid,TISTUD,836,0.32057416267942584,0.1252327182915492,0.7851391877562447,0.8905133224721463,0.39813067799780283,1.100198993396077
cross_project,0.5,dynamic_no_cohort,sigmoid,XD,1238,0.20597738287560582,0.15186281551593725,0.5477959044259558,0.8502982067699918,-1.0294250805265865,0.8039712403365273
cross_project,0.5,frequency,raw,APIKIT,299,0.2608695652173913,0.2354792696858187,0.2608695652173913,0.5,,
cross_project,0.5,frequency,raw,COMPASS,729,0.5706447187928669,0.2549103257808738,0.5706447187928669,0.5,,
cross_project,0.5,frequency,raw,CONFCLOUD,367,0.6648501362397821,0.2668743238538807,0.6648501362397821,0.5,,
cross_project,0.5,frequency,raw,CONFSERVER,1019,0.6947988223748773,0.25816159167264713,0.6947988223748773,0.5,,
cross_project,0.5,frequency,raw,DM,5222,0.5407889697433933,0.25940513661841486,0.5407889697433933,0.5,,
cross_project,0.5,frequency,raw,INDY,850,0.4776470588235294,0.2500331537354915,0.4776470588235294,0.5,,
cross_project,0.5,frequency,raw,IS,643,0.4758942457231726,0.2496465953897474,0.4758942457231726,0.5,,
cross_project,0.5,frequency,raw,MESOS,1268,0.5717665615141956,0.2557225238518232,0.5717665615141956,0.5,,
cross_project,0.5,frequency,raw,MULE,1807,0.2589928057553957,0.24310062239762398,0.2589928057553957,0.5,,
cross_project,0.5,frequency,raw,NEXUS,525,0.25333333333333335,0.23810627616419827,0.25333333333333335,0.5,,
cross_project,0.5,frequency,raw,TIDOC,786,0.44783715012722647,0.24794883903775952,0.44783715012722647,0.5,,
cross_project,0.5,frequency,raw,TIMOB,2733,0.5367727771679474,0.26338834360111574,0.5367727771679474,0.5,,
cross_project,0.5,frequency,raw,TISTUD,836,0.32057416267942584,0.25218378277604786,0.32057416267942584,0.5,,
cross_project,0.5,frequency,raw,XD,1238,0.20597738287560582,0.2415918223982918,0.20597738287560582,0.5,,
cross_project,0.5,frequency,sigmoid,APIKIT,299,0.2608695652173913,0.30931024517974476,0.2608695652173913,0.5,,
cross_project,0.5,frequency,sigmoid,COMPASS,729,0.5706447187928669,0.2660436349533567,0.5706447187928669,0.5,,
cross_project,0.5,frequency,sigmoid,CONFCLOUD,367,0.6648501362397821,0.24233310215098067,0.6648501362397821,0.5,,
cross_project,0.5,frequency,sigmoid,CONFSERVER,1019,0.6947988223748773,0.3679979501303833,0.6947988223748773,0.5,,
cross_project,0.5,frequency,sigmoid,DM,5222,0.5407889697433933,0.24838102987505348,0.5407889697433933,0.5,,
cross_project,0.5,frequency,sigmoid,INDY,850,0.4776470588235294,0.2550182534892266,0.4776470588235294,0.5,,
cross_project,0.5,frequency,sigmoid,IS,643,0.4758942457231726,0.2511010296518029,0.4758942457231726,0.5,,
cross_project,0.5,frequency,sigmoid,MESOS,1268,0.5717665615141956,0.2629930590726346,0.5717665615141956,0.5,,
cross_project,0.5,frequency,sigmoid,MULE,1807,0.2589928057553957,0.25721432831211055,0.2589928057553957,0.5,,
cross_project,0.5,frequency,sigmoid,NEXUS,525,0.25333333333333335,0.2636324825007802,0.25333333333333335,0.5,,
cross_project,0.5,frequency,sigmoid,TIDOC,786,0.44783715012722647,0.26122383976362784,0.44783715012722647,0.5,,
cross_project,0.5,frequency,sigmoid,TIMOB,2733,0.5367727771679474,0.24867104247596516,0.5367727771679474,0.5,,
cross_project,0.5,frequency,sigmoid,TISTUD,836,0.32057416267942584,0.21782805551185297,0.32057416267942584,0.5,,
cross_project,0.5,frequency,sigmoid,XD,1238,0.20597738287560582,0.2747913872901356,0.20597738287560582,0.5,,
cross_project,0.5,static_catboost,raw,APIKIT,299,0.2608695652173913,0.16908382809642858,0.5171064912591741,0.721255366051746,-0.32309537702761987,0.7896644597846798
cross_project,0.5,static_catboost,raw,COMPASS,729,0.5706447187928669,0.20870902154399623,0.7522241953615951,0.7376044482673876,0.5517327032674363,0.9263764334400926
cross_project,0.5,static_catboost,raw,CONFCLOUD,367,0.6648501362397821,0.19744470752893603,0.7842569071464731,0.670198587231774,0.2061581149441742,0.6919584215358054
cross_project,0.5,static_catboost,raw,CONFSERVER,1019,0.6947988223748773,0.20077372227700357,0.8255753203943257,0.7044525587225462,0.6988639207557562,0.6883110523597469
cross_project,0.5,static_catboost,raw,DM,5222,0.5407889697433933,0.26370376997231815,0.6828071134438305,0.6598195025599709,0.6107843091790681,0.6252355245193258
cross_project,0.5,static_catboost,raw,INDY,850,0.4776470588235294,0.25035480777729097,0.6169431474282678,0.638921248835042,0.50416306812284,0.7775909815910224
cross_project,0.5,static_catboost,raw,IS,643,0.4758942457231726,0.20130153524656433,0.7512274450083166,0.7235119567114678,0.0047631412246801055,0.9577189735740423
cross_project,0.5,static_catboost,raw,MESOS,1268,0.5717665615141956,0.2364371935813859,0.7034436625970528,0.6756448847399505,0.4889773187714238,0.7329463819980192
cross_project,0.5,static_catboost,raw,MULE,1807,0.2589928057553957,0.2021055955749687,0.41525436172305175,0.6930146237465132,-0.860186387007244,0.6311086567243805
cross_project,0.5,static_catboost,raw,NEXUS,525,0.25333333333333335,0.23296763019652833,0.4269634590384284,0.7005428111094061,-1.1812222847076064,0.8426362973040529
cross_project,0.5,static_catboost,raw,TIDOC,786,0.44783715012722647,0.18812368367676796,0.75138495140849,0.8139073627984917,-0.6359200298732486,1.0152428566087763
cross_project,0.5,static_catboost,raw,TIMOB,2733,0.5367727771679474,0.21418062138156535,0.7765420898890996,0.7896885778867577,0.9192977213996079,1.1864147857342895
cross_project,0.5,static_catboost,raw,TISTUD,836,0.32057416267942584,0.19534264033175644,0.5781722526652255,0.7151861730081985,-0.5505680633889627,0.9444658841495677
cross_project,0.5,static_catboost,raw,XD,1238,0.20597738287560582,0.20445152688298135,0.3207802984305017,0.6347016934953025,-1.1270753916536032,0.5879294953421492
cross_project,0.5,static_catboost,sigmoid,APIKIT,299,0.2608695652173913,0.18923722929805067,0.5171064912591741,0.721255366051746,-0.7319219526813652,0.9371141022240347
cross_project,0.5,static_catboost,sigmoid,COMPASS,729,0.5706447187928669,0.2247919702912167,0.7522241953615951,0.7376044482673876,0.7751341311704852,0.8833759627993623
cross_project,0.5,static_catboost,sigmoid,CONFCLOUD,367,0.6648501362397821,0.20700057333082195,0.7842569071464731,0.670198587231774,-0.20479322320129092,0.6495632008827916
cross_project,0.5,static_catboost,sigmoid,CONFSERVER,1019,0.6947988223748773,0.2867073325622342,0.8255753203943257,0.7044525587225462,1.3824404304486801,0.7031625155677756
cross_project,0.5,static_catboost,sigmoid,DM,5222,0.5407889697433933,0.23077276447987533,0.6828071134438305,0.6598195025599709,0.2699775531627192,0.8930862923209035
cross_project,0.5,static_catboost,sigmoid,INDY,850,0.4776470588235294,0.22968658833179978,0.6169431474282678,0.638921248835042,-0.05071790393220849,0.8187711826190106
cross_project,0.5,static_catboost,sigmoid,IS,643,0.4758942457231726,0.2075965747661219,0.7512274450083166,0.7235119567114678,-0.3718470961728433,0.9966653224682954
cross_project,0.5,static_catboost,sigmoid,MESOS,1268,0.5717665615141956,0.23347683616428058,0.7034436625970528,0.6756448847399505,0.4413965350826499,0.7163515578338302
cross_project,0.5,static_catboost,sigmoid,MULE,1807,0.2589928057553957,0.23018115074867904,0.41525436172305175,0.6930146237465132,-1.1442704829885604,0.9769008526057282
cross_project,0.5,static_catboost,sigmoid,NEXUS,525,0.25333333333333335,0.2642296310265756,0.4269634590384284,0.7005428111094061,-1.4222085427559548,0.8875187908821749
cross_project,0.5,static_catboost,sigmoid,TIDOC,786,0.44783715012722647,0.21558128141836425,0.75138495140849,0.8139073627984917,-1.3045503858651004,1.5096898838247759
cross_project,0.5,static_catboost,sigmoid,TIMOB,2733,0.5367727771679474,0.18608245333531975,0.7765420898890996,0.7896885778867577,-0.33532558191937095,1.3304742451641058
cross_project,0.5,static_catboost,sigmoid,TISTUD,836,0.32057416267942584,0.18486512609873268,0.5781722526652255,0.7151861730081985,0.3289718831438276,1.2342849538670124
cross_project,0.5,static_catboost,sigmoid,XD,1238,0.20597738287560582,0.24191788525857072,0.3207802984305017,0.6347016934953025,-1.374026705119114,0.7100208443683793
cross_project,0.5,static_lr,raw,APIKIT,299,0.2608695652173913,0.16694623790478777,0.5308658284419759,0.7315813899524306,-0.3490376642320604,0.7280179899063207
cross_project,0.5,static_lr,raw,COMPASS,729,0.5706447187928669,0.2073488286606605,0.7407022501099143,0.726959941017449,0.46836435566286005,0.8618723179538027
cross_project,0.5,static_lr,raw,CONFCLOUD,367,0.6648501362397821,0.21306121370265269,0.7382525196525835,0.5989937358389977,0.5746966588447995,0.46942772741577976
cross_project,0.5,static_lr,raw,CONFSERVER,1019,0.6947988223748773,0.19343132789648781,0.8526426129304376,0.7367113557505405,0.7560863305113444,0.789388665107958
cross_project,0.5,static_lr,raw,DM,5222,0.5407889697433933,0.26300288875765776,0.6967763883638646,0.6511700023863134,0.5570894022261612,0.5457070350239832
cross_project,0.5,static_lr,raw,INDY,850,0.4776470588235294,0.2601311582928785,0.5527816003044413,0.5776583233479785,0.24342142292707578,0.47152792069343363
cross_project,0.5,static_lr,raw,IS,643,0.4758942457231726,0.20897696862636625,0.7423966037684323,0.6961463121351409,-0.1644089891711957,0.7536180869585776
cross_project,0.5,static_lr,raw,MESOS,1268,0.5717665615141956,0.23568009744424426,0.6841394132191172,0.641618085984632,0.37726569174304314,0.6691967762189149
cross_project,0.5,static_lr,raw,MULE,1807,0.2589928057553957,0.1997985929422474,0.4194724796084841,0.6952566974971754,-0.8215861205197653,0.6150383642473575
cross_project,0.5,static_lr,raw,NEXUS,525,0.25333333333333335,0.2557651782045161,0.36763189242892647,0.6514308731011202,-1.1519244821145211,0.5140604105659413
cross_project,0.5,static_lr,raw,TIDOC,786,0.44783715012722647,0.1900624465238767,0.7140327725426158,0.7858779325513195,-0.26980454783946534,1.068099626578512
cross_project,0.5,static_lr,raw,TIMOB,2733,0.5367727771679474,0.23471877476230177,0.7464701240909248,0.7355738840052508,0.7937761583504139,0.8471934816265269
cross_project,0.5,static_lr,raw,TISTUD,836,0.32057416267942584,0.21376808901172986,0.5436791465302865,0.6930181837292412,-0.718847864723738,0.8781489934121516
cross_project,0.5,static_lr,raw,XD,1238,0.20597738287560582,0.21684172728018367,0.308313454719057,0.6300640296810485,-1.1801364851822402,0.5592074892043017
cross_project,0.5,static_lr,sigmoid,APIKIT,299,0.2608695652173913,0.19175296304042289,0.5308658284419759,0.7315813899524306,-0.7887987179789918,0.9661072098367095
cross_project,0.5,static_lr,sigmoid,COMPASS,729,0.5706447187928669,0.22620332443570446,0.7407022501099143,0.726959941017449,0.7237134841958316,0.8222420522679442
cross_project,0.5,static_lr,sigmoid,CONFCLOUD,367,0.6648501362397821,0.20349980635798526,0.7382525196525835,0.5989937358389977,0.3382018799082383,0.5495941149115352
cross_project,0.5,static_lr,sigmoid,CONFSERVER,1019,0.6947988223748773,0.27385719598455494,0.8526426129304376,0.7367113557505405,1.4354632061892638,0.812412289742224
cross_project,0.5,static_lr,sigmoid,DM,5222,0.5407889697433933,0.22791767508453525,0.6967763883638646,0.6511700023863134,0.19232333695681586,0.9154763390287444
cross_project,0.5,static_lr,sigmoid,INDY,850,0.4776470588235294,0.24351281080333853,0.5527816003044413,0.5776583233479785,-0.10135715790942668,0.5622593245059766
cross_project,0.5,static_lr,sigmoid,IS,643,0.4758942457231726,0.218224830070095,0.7423966037684323,0.6961463121351409,-0.47787442282818987,0.900024573577077
cross_project,0.5,static_lr,sigmoid,MESOS,1268,0.5717665615141956,0.24005147111572817,0.6841394132191172,0.641618085984632,0.4534869493926646,0.7258018842043753
cross_project,0.5,static_lr,sigmoid,MULE,1807,0.2589928057553957,0.22366708311141156,0.4194724796084841,0.6952566974971754,-1.0626461519577624,1.1550813800934767
cross_project,0.5,static_lr,sigmoid,NEXUS,525,0.25333333333333335,0.26196607486278345,0.36763189242892647,0.6514308731011202,-1.2087818623919389,0.6375104924703668
cross_project,0.5,static_lr,sigmoid,TIDOC,786,0.44783715012722647,0.22722545749481513,0.7140327725426158,0.7858779325513195,-1.3260201628118982,1.7789454853320978
cross_project,0.5,static_lr,sigmoid,TIMOB,2733,0.5367727771679474,0.20398874987667284,0.7464701240909248,0.7355738840052508,-0.39451885822847527,1.2331436356790282
cross_project,0.5,static_lr,sigmoid,TISTUD,836,0.32057416267942584,0.19305180397593963,0.5436791465302865,0.6930181837292412,0.24635357155825638,1.234224513770418
cross_project,0.5,static_lr,sigmoid,XD,1238,0.20597738287560582,0.22729367500842917,0.308313454719057,0.6300640296810485,-1.2766263274692877,0.8214392662086629
cross_project,0.75,business_rule,raw,APIKIT,299,0.2608695652173913,0.09993256921017461,0.6433332496167901,0.9034400742545539,-0.1663147425673867,0.810621081592565
cross_project,0.75,business_rule,raw,COMPASS,729,0.5706447187928669,0.09969203188638712,0.9166128215716022,0.9358910358810519,1.3456781401524418,1.3152931243113872
cross_project,0.75,business_rule,raw,CONFCLOUD,367,0.6648501362397821,0.12110532683679513,0.9363279018870265,0.912734906037585,1.6443041618297338,1.7161554020593315
cross_project,0.75,business_rule,raw,CONFSERVER,1019,0.6947988223748773,0.12095909301598304,0.9490004476352605,0.9343856159282068,1.9690188974858678,1.5067269641444763
cross_project,0.75,business_rule,raw,DM,5222,0.5407889697433933,0.10068808471797146,0.8383602930910079,0.8960771576644372,0.20446790343922736,0.7542715704742728
cross_project,0.75,business_rule,raw,INDY,850,0.4776470588235294,0.15045284971842718,0.7407544984385032,0.8268594949629431,0.17967373850386356,1.0784515896666518
cross_project,0.75,business_rule,raw,IS,643,0.4758942457231726,0.1657464805382039,0.7134704411849394,0.8217208743042222,-0.1005343833125531,0.9820493720861885
cross_project,0.75,business_rule,raw,MESOS,1268,0.5717665615141956,0.10013426397524258,0.8859149777220351,0.9105010478186322,0.733460763243985,1.4941015754951226
cross_project,0.75,business_rule,raw,MULE,1807,0.2589928057553957,0.12150651268969244,0.5664626789368585,0.8738191212985835,-0.4408703217634766,0.7893253080727455
cross_project,0.75,business_rule,raw,NEXUS,525,0.25333333333333335,0.06396513683123572,0.7872687489367309,0.9595385146539819,0.5970004033271459,1.393003357670529
cross_project,0.75,business_rule,raw,TIDOC,786,0.44783715012722647,0.12208212348864225,0.7258277133547095,0.8664969103477168,0.7480740138959537,0.9647098256899587
cross_project,0.75,business_rule,raw,TIMOB,2733,0.5367727771679474,0.09271141854781904,0.866021214211634,0.927363287749122,0.891644261152159,1.2006651433400375
cross_project,0.75,business_rule,raw,TISTUD,836,0.32057416267942584,0.0968450681009945,0.6999732165888998,0.9080992484759303,0.24397576474103394,0.9049312617676201
cross_project,0.75,business_rule,raw,XD,1238,0.20597738287560582,0.1084516394826453,0.48650238447206795,0.87480501865039,-0.40488689326982197,0.7836132298367676
cross_project,0.75,business_rule,sigmoid,APIKIT,299,0.2608695652173913,0.12461491733643652,0.6433332496167901,0.9034400742545539,-1.027401987992649,0.5841952409265874
cross_project,0.75,business_rule,sigmoid,COMPASS,729,0.5706447187928669,0.06687262595244164,0.9166128215716022,0.9358910358810519,0.37153267010144725,1.2854739516585774
cross_project,0.75,business_rule,sigmoid,CONFCLOUD,367,0.6648501362397821,0.07471386022485543,0.9363279018870265,0.912734906037585,0.7735710773839304,1.4749466823042772
cross_project,0.75,business_rule,sigmoid,CONFSERVER,1019,0.6947988223748773,0.11580166546744682,0.9490004476352605,0.9343856159282068,1.7853544669919243,1.7468892677738852
cross_project,0.75,business_rule,sigmoid,DM,5222,0.5407889697433933,0.09849026269907453,0.8383602930910079,0.8960771576644372,-0.1417194615865022,0.6514995475451195
cross_project,0.75,business_rule,sigmoid,INDY,850,0.4776470588235294,0.16390956447205382,0.7407544984385032,0.8268594949629431,-0.7074102317382033,0.8865902752953508
cross_project,0.75,business_rule,sigmoid,IS,643,0.4758942457231726,0.1930668206179505,0.7134704411849394,0.8217208743042222,-0.8554316943355654,0.8652017249458375
cross_project,0.75,business_rule,sigmoid,MESOS,1268,0.5717665615141956,0.07911546763861915,0.8859149777220351,0.9105010478186322,-0.3731850615083291,1.4100782217063033
cross_project,0.75,business_rule,sigmoid,MULE,1807,0.2589928057553957,0.1217418912091136,0.5664626789368585,0.8738191212985835,-0.6554432286013668,1.0145842052500686
cross_project,0.75,business_rule,sigmoid,NEXUS,525,0.25333333333333335,0.05596824862595845,0.7872687489367309,0.9595385146539819,-0.010306556116235863,1.285251443686265
cross_project,0.75,business_rule,sigmoid,TIDOC,786,0.44783715012722647,0.10632915118705472,0.7258277133547095,0.8664969103477168,0.1281941432091088,1.241583066059574
cross_project,0.75,business_rule,sigmoid,TIMOB,2733,0.5367727771679474,0.0912487931924941,0.866021214211634,0.927363287749122,0.5619148330222693,1.5589343118944168
cross_project,0.75,business_rule,sigmoid,TISTUD,836,0.32057416267942584,0.10595767527402217,0.6999732165888998,0.9080992484759303,0.5707058557897339,1.0915986748365456
cross_project,0.75,business_rule,sigmoid,XD,1238,0.20597738287560582,0.11814647683236737,0.48650238447206795,0.87480501865039,-0.6110927351362166,0.5989366415485552
cross_project,0.75,dynamic_catboost,raw,APIKIT,299,0.2608695652173913,0.0886966727221919,0.8108232358515512,0.9277758440654368,-0.15134947700408072,0.8256459869780345
cross_project,0.75,dynamic_catboost,raw,COMPASS,729,0.5706447187928669,0.059817705499673954,0.9573421678793239,0.9582782931924306,0.56255202149446,1.050525696283049
cross_project,0.75,dynamic_catboost,raw,CONFCLOUD,367,0.6648501362397821,0.0592092265204983,0.9101878387843295,0.9095028655204586,0.4280606938934286,0.7678076160496171
cross_project,0.75,dynamic_catboost,raw,CONFSERVER,1019,0.6947988223748773,0.05402027217005058,0.9652468641510636,0.944647301396988,0.892433679512985,0.8776223567881702
cross_project,0.75,dynamic_catboost,raw,DM,5222,0.5407889697433933,0.09628755087945053,0.913691820055319,0.9254397402698661,0.4085749533503869,0.8632151546757072
cross_project,0.75,dynamic_catboost,raw,INDY,850,0.4776470588235294,0.13447065764335872,0.8318519783591526,0.8752690498380153,0.18162822354068728,0.8814594393853925
cross_project,0.75,dynamic_catboost,raw,IS,643,0.4758942457231726,0.14921576334420192,0.8729772594018839,0.8734605612769342,-0.4599053764130578,0.8951741323363867
cross_project,0.75,dynamic_catboost,raw,MESOS,1268,0.5717665615141956,0.08463972473769618,0.9100979820762505,0.9264621832730043,0.6373464305567174,0.9896519060212048
cross_project,0.75,dynamic_catboost,raw,MULE,1807,0.2589928057553957,0.11704435434073009,0.7664789715432175,0.918667777330959,-0.878338361427246,0.8103975810143225
cross_project,0.75,dynamic_catboost,raw,NEXUS,525,0.25333333333333335,0.053819323389482074,0.8578719010804498,0.9680067515728096,0.12223773800315131,0.992992009252172
cross_project,0.75,dynamic_catboost,raw,TIDOC,786,0.44783715012722647,0.07311342885035647,0.9287668261280037,0.9553244134897361,-0.45179954703520425,0.9891639862365104
cross_project,0.75,dynamic_catboost,raw,TIMOB,2733,0.5367727771679474,0.06743523668813278,0.9472950533595617,0.9567994563923967,0.49211611882205597,0.9873544868505535
cross_project,0.75,dynamic_catboost,raw,TISTUD,836,0.32057416267942584,0.06756874273671956,0.9076548940543895,0.9634551713264662,-0.036950080291049056,1.0354341902574393
cross_project,0.75,dynamic_catboost,raw,XD,1238,0.20597738287560582,0.09923366347467305,0.6982769375663177,0.9216843197095725,-0.7199788979139232,0.8459078024078652
cross_project,0.75,dynamic_catboost,sigmoid,APIKIT,299,0.2608695652173913,0.0948022220425105,0.8108232358515512,0.9277758440654368,-0.6557479253906134,0.8997282264191806
cross_project,0.75,dynamic_catboost,sigmoid,COMPASS,729,0.5706447187928669,0.05942553808530577,0.9573421678793239,0.9582782931924306,0.4831286899130549,1.0930036616466667
cross_project,0.75,dynamic_catboost,sigmoid,CONFCLOUD,367,0.6648501362397821,0.058614736448237545,0.9101878387843295,0.9095028655204586,0.3730427714113979,0.7321657745773925
cross_project,0.75,dynamic_catboost,sigmoid,CONFSERVER,1019,0.6947988223748773,0.07613000093263572,0.9652468641510636,0.944647301396988,1.5266324650238374,0.9463135969764082
cross_project,0.75,dynamic_catboost,sigmoid,DM,5222,0.5407889697433933,0.0927554960268422,0.913691820055319,0.9254397402698661,0.11600605172494023,1.0286517028108186
cross_project,0.75,dynamic_catboost,sigmoid,INDY,850,0.4776470588235294,0.13529359636034197,0.8318519783591526,0.8752690498380153,-0.21241290906307975,0.9275428706997864
cross_project,0.75,dynamic_catboost,sigmoid,IS,643,0.4758942457231726,0.15806730997854,0.8729772594018839,0.8734605612769342,-0.6945527435679965,0.8960795208347523
cross_project,0.75,dynamic_catboost,sigmoid,MESOS,1268,0.5717665615141956,0.07931770746520367,0.9100979820762505,0.9264621832730043,0.43380585778475006,0.8660894194957468
cross_project,0.75,dynamic_catboost,sigmoid,MULE,1807,0.2589928057553957,0.12582688763709626,0.7664789715432175,0.918667777330959,-1.1538359521419552,0.8322784737355892
cross_project,0.75,dynamic_catboost,sigmoid,NEXUS,525,0.25333333333333335,0.05457574381651839,0.8578719010804498,0.9680067515728096,0.2435269011168948,0.963700994386216
cross_project,0.75,dynamic_catboost,sigmoid,TIDOC,786,0.44783715012722647,0.07919266067030883,0.9287668261280037,0.9553244134897361,-1.004225715534903,1.1086426865351655
cross_project,0.75,dynamic_catboost,sigmoid,TIMOB,2733,0.5367727771679474,0.06493758060182891,0.9472950533595617,0.9567994563923967,0.007727541029591521,1.0498800070417
cross_project,0.75,dynamic_catboost,sigmoid,TISTUD,836,0.32057416267942584,0.0814388111987185,0.9076548940543895,0.9634551713264662,0.9777079044076291,1.289496885937052
cross_project,0.75,dynamic_catboost,sigmoid,XD,1238,0.20597738287560582,0.09961311483613842,0.6982769375663177,0.9216843197095725,-0.6843985450250496,0.7917316633607234
cross_project,0.75,dynamic_no_cohort,raw,APIKIT,299,0.2608695652173913,0.08398547781378346,0.8318591231232488,0.9412924933286924,-0.15211446366071596,0.866960915420269
cross_project,0.75,dynamic_no_cohort,raw,COMPASS,729,0.5706447187928669,0.05761592717882464,0.9593974670084561,0.9603134984025559,0.44556604109319947,1.0735986118047773
cross_project,0.75,dynamic_no_cohort,raw,CONFCLOUD,367,0.6648501362397821,0.05879589160522019,0.9187293702758966,0.9060042649606824,0.39518295400977754,0.7658518655004949
cross_project,0.75,dynamic_no_cohort,raw,CONFSERVER,1019,0.6947988223748773,0.05652810989384877,0.9664419215018283,0.9460324813341325,0.9960900134540235,0.8993749678347803
cross_project,0.75,dynamic_no_cohort,raw,DM,5222,0.5407889697433933,0.10237824636120607,0.9069952070745696,0.9216132217121444,0.5737029987399594,0.8320477642271238
cross_project,0.75,dynamic_no_cohort,raw,INDY,850,0.4776470588235294,0.13449117739811967,0.8386478747546119,0.8767280211245727,0.17163957669752428,0.9473110887852083
cross_project,0.75,dynamic_no_cohort,raw,IS,643,0.4758942457231726,0.15042358180775453,0.86218541483391,0.8610577762262175,-0.37110237350387826,0.8761608149780499
cross_project,0.75,dynamic_no_cohort,raw,MESOS,1268,0.5717665615141956,0.0833104749949562,0.8927910252352289,0.9167790690290214,0.49593674396048687,0.9254520723560979
cross_project,0.75,dynamic_no_cohort,raw,MULE,1807,0.2589928057553957,0.12032331669982681,0.7601044629997535,0.9151442906110568,-0.8352259031310458,0.7685099389552312
cross_project,0.75,dynamic_no_cohort,raw,NEXUS,525,0.25333333333333335,0.05250755654123798,0.8569223014437145,0.9676039588767839,0.05247629313213811,0.9560951706159686
cross_project,0.75,dynamic_no_cohort,raw,TIDOC,786,0.44783715012722647,0.07311550344986534,0.933287799953935,0.9564110284876413,-0.5157342716676107,1.019701463429329
cross_project,0.75,dynamic_no_cohort,raw,TIMOB,2733,0.5367727771679474,0.06821408981944856,0.9453100570821575,0.9556138146112851,0.5166376690274482,0.9901128616590401
cross_project,0.75,dynamic_no_cohort,raw,TISTUD,836,0.32057416267942584,0.06563132584727713,0.9069687594291345,0.9662930943872188,-0.046508072911683886,1.0322841709281838
cross_project,0.75,dynamic_no_cohort,raw,XD,1238,0.20597738287560582,0.10358377743313839,0.6936063296711111,0.9184050425867193,-0.8141094087537896,0.8164659341541973
cross_project,0.75,dynamic_no_cohort,sigmoid,APIKIT,299,0.2608695652173913,0.09063107619997846,0.8318591231232488,0.9412924933286924,-0.6622061394580072,0.9789078258819496
cross_project,0.75,dynamic_no_cohort,sigmoid,COMPASS,729,0.5706447187928669,0.05777547135868476,0.9593974670084561,0.9603134984025559,0.3966049676493184,1.1250145829403175
cross_project,0.75,dynamic_no_cohort,sigmoid,CONFCLOUD,367,0.6648501362397821,0.058100462884188304,0.9187293702758966,0.9060042649606824,0.32799847431701346,0.709030763614749
cross_project,0.75,dynamic_no_cohort,sigmoid,CONFSERVER,1019,0.6947988223748773,0.08775385695409184,0.9664419215018283,0.9460324813341325,1.7506808014271742,0.9328149601976178
cross_project,0.75,dynamic_no_cohort,sigmoid,DM,5222,0.5407889697433933,0.09656463952331637,0.9069952070745696,0.9216132217121444,0.25382541678110104,1.0175671533340203
cross_project,0.75,dynamic_no_cohort,sigmoid,INDY,850,0.4776470588235294,0.13516104170612628,0.8386478747546119,0.8767280211245727,-0.21888961048853545,0.9903437016605737
cross_project,0.75,dynamic_no_cohort,sigmoid,IS,643,0.4758942457231726,0.15769438568454938,0.86218541483391,0.8610577762262175,-0.5420152973935332,0.833507693694699
cross_project,0.75,dynamic_no_cohort,sigmoid,MESOS,1268,0.5717665615141956,0.08085269771826975,0.8927910252352289,0.9167790690290214,0.3850804139172163,0.8333035679185551
cross_project,0.75,dynamic_no_cohort,sigmoid,MULE,1807,0.2589928057553957,0.1285102730511111,0.7601044629997535,0.9151442906110568,-1.131749543411949,0.8201351655196095
cross_project,0.75,dynamic_no_cohort,sigmoid,NEXUS,525,0.25333333333333335,0.05315686182404695,0.8569223014437145,0.9676039588767839,0.1965983356619453,0.9222007551817764
cross_project,0.75,dynamic_no_cohort,sigmoid,TIDOC,786,0.44783715012722647,0.08173514385740992,0.933287799953935,0.9564110284876413,-1.2009830958765702,1.1164369837710717
cross_project,0.75,dynamic_no_cohort,sigmoid,TIMOB,2733,0.5367727771679474,0.06566680692566093,0.9453100570821575,0.9556138146112851,-0.19333444822839804,1.0771565385742088
cross_project,0.75,dynamic_no_cohort,sigmoid,TISTUD,836,0.32057416267942584,0.07886983022139855,0.9069687594291345,0.9662930943872188,0.9409312211105096,1.3182260233542715
cross_project,0.75,dynamic_no_cohort,sigmoid,XD,1238,0.20597738287560582,0.10188016430020526,0.6936063296711111,0.9184050425867193,-0.7323473541481461,0.7857034017566633
cross_project,0.75,frequency,raw,APIKIT,299,0.2608695652173913,0.2354792696858187,0.2608695652173913,0.5,,
cross_project,0.75,frequency,raw,COMPASS,729,0.5706447187928669,0.2549103257808738,0.5706447187928669,0.5,,
cross_project,0.75,frequency,raw,CONFCLOUD,367,0.6648501362397821,0.2668743238538807,0.6648501362397821,0.5,,
cross_project,0.75,frequency,raw,CONFSERVER,1019,0.6947988223748773,0.25816159167264713,0.6947988223748773,0.5,,
cross_project,0.75,frequency,raw,DM,5222,0.5407889697433933,0.25940513661841486,0.5407889697433933,0.5,,
cross_project,0.75,frequency,raw,INDY,850,0.4776470588235294,0.2500331537354915,0.4776470588235294,0.5,,
cross_project,0.75,frequency,raw,IS,643,0.4758942457231726,0.2496465953897474,0.4758942457231726,0.5,,
cross_project,0.75,frequency,raw,MESOS,1268,0.5717665615141956,0.2557225238518232,0.5717665615141956,0.5,,
cross_project,0.75,frequency,raw,MULE,1807,0.2589928057553957,0.24310062239762398,0.2589928057553957,0.5,,
cross_project,0.75,frequency,raw,NEXUS,525,0.25333333333333335,0.23810627616419827,0.25333333333333335,0.5,,
cross_project,0.75,frequency,raw,TIDOC,786,0.44783715012722647,0.24794883903775952,0.44783715012722647,0.5,,
cross_project,0.75,frequency,raw,TIMOB,2733,0.5367727771679474,0.26338834360111574,0.5367727771679474,0.5,,
cross_project,0.75,frequency,raw,TISTUD,836,0.32057416267942584,0.25218378277604786,0.32057416267942584,0.5,,
cross_project,0.75,frequency,raw,XD,1238,0.20597738287560582,0.2415918223982918,0.20597738287560582,0.5,,
cross_project,0.75,frequency,sigmoid,APIKIT,299,0.2608695652173913,0.30931024517974476,0.2608695652173913,0.5,,
cross_project,0.75,frequency,sigmoid,COMPASS,729,0.5706447187928669,0.2660436349533567,0.5706447187928669,0.5,,
cross_project,0.75,frequency,sigmoid,CONFCLOUD,367,0.6648501362397821,0.24233310215098067,0.6648501362397821,0.5,,
cross_project,0.75,frequency,sigmoid,CONFSERVER,1019,0.6947988223748773,0.3679979501303833,0.6947988223748773,0.5,,
cross_project,0.75,frequency,sigmoid,DM,5222,0.5407889697433933,0.24838102987505348,0.5407889697433933,0.5,,
cross_project,0.75,frequency,sigmoid,INDY,850,0.4776470588235294,0.2550182534892266,0.4776470588235294,0.5,,
cross_project,0.75,frequency,sigmoid,IS,643,0.4758942457231726,0.2511010296518029,0.4758942457231726,0.5,,
cross_project,0.75,frequency,sigmoid,MESOS,1268,0.5717665615141956,0.2629930590726346,0.5717665615141956,0.5,,
cross_project,0.75,frequency,sigmoid,MULE,1807,0.2589928057553957,0.25721432831211055,0.2589928057553957,0.5,,
cross_project,0.75,frequency,sigmoid,NEXUS,525,0.25333333333333335,0.2636324825007802,0.25333333333333335,0.5,,
cross_project,0.75,frequency,sigmoid,TIDOC,786,0.44783715012722647,0.26122383976362784,0.44783715012722647,0.5,,
cross_project,0.75,frequency,sigmoid,TIMOB,2733,0.5367727771679474,0.24867104247596516,0.5367727771679474,0.5,,
cross_project,0.75,frequency,sigmoid,TISTUD,836,0.32057416267942584,0.21782805551185297,0.32057416267942584,0.5,,
cross_project,0.75,frequency,sigmoid,XD,1238,0.20597738287560582,0.2747913872901356,0.20597738287560582,0.5,,
cross_project,0.75,static_catboost,raw,APIKIT,299,0.2608695652173913,0.16908382809642858,0.5171064912591741,0.721255366051746,-0.32309537702761987,0.7896644597846798
cross_project,0.75,static_catboost,raw,COMPASS,729,0.5706447187928669,0.20870902154399623,0.7522241953615951,0.7376044482673876,0.5517327032674363,0.9263764334400926
cross_project,0.75,static_catboost,raw,CONFCLOUD,367,0.6648501362397821,0.19744470752893603,0.7842569071464731,0.670198587231774,0.2061581149441742,0.6919584215358054
cross_project,0.75,static_catboost,raw,CONFSERVER,1019,0.6947988223748773,0.20077372227700357,0.8255753203943257,0.7044525587225462,0.6988639207557562,0.6883110523597469
cross_project,0.75,static_catboost,raw,DM,5222,0.5407889697433933,0.26370376997231815,0.6828071134438305,0.6598195025599709,0.6107843091790681,0.6252355245193258
cross_project,0.75,static_catboost,raw,INDY,850,0.4776470588235294,0.25035480777729097,0.6169431474282678,0.638921248835042,0.50416306812284,0.7775909815910224
cross_project,0.75,static_catboost,raw,IS,643,0.4758942457231726,0.20130153524656433,0.7512274450083166,0.7235119567114678,0.0047631412246801055,0.9577189735740423
cross_project,0.75,static_catboost,raw,MESOS,1268,0.5717665615141956,0.2364371935813859,0.7034436625970528,0.6756448847399505,0.4889773187714238,0.7329463819980192
cross_project,0.75,static_catboost,raw,MULE,1807,0.2589928057553957,0.2021055955749687,0.41525436172305175,0.6930146237465132,-0.860186387007244,0.6311086567243805
cross_project,0.75,static_catboost,raw,NEXUS,525,0.25333333333333335,0.23296763019652833,0.4269634590384284,0.7005428111094061,-1.1812222847076064,0.8426362973040529
cross_project,0.75,static_catboost,raw,TIDOC,786,0.44783715012722647,0.18812368367676796,0.75138495140849,0.8139073627984917,-0.6359200298732486,1.0152428566087763
cross_project,0.75,static_catboost,raw,TIMOB,2733,0.5367727771679474,0.21418062138156535,0.7765420898890996,0.7896885778867577,0.9192977213996079,1.1864147857342895
cross_project,0.75,static_catboost,raw,TISTUD,836,0.32057416267942584,0.19534264033175644,0.5781722526652255,0.7151861730081985,-0.5505680633889627,0.9444658841495677
cross_project,0.75,static_catboost,raw,XD,1238,0.20597738287560582,0.20445152688298135,0.3207802984305017,0.6347016934953025,-1.1270753916536032,0.5879294953421492
cross_project,0.75,static_catboost,sigmoid,APIKIT,299,0.2608695652173913,0.18923722929805067,0.5171064912591741,0.721255366051746,-0.7319219526813652,0.9371141022240347
cross_project,0.75,static_catboost,sigmoid,COMPASS,729,0.5706447187928669,0.2247919702912167,0.7522241953615951,0.7376044482673876,0.7751341311704852,0.8833759627993623
cross_project,0.75,static_catboost,sigmoid,CONFCLOUD,367,0.6648501362397821,0.20700057333082195,0.7842569071464731,0.670198587231774,-0.20479322320129092,0.6495632008827916
cross_project,0.75,static_catboost,sigmoid,CONFSERVER,1019,0.6947988223748773,0.2867073325622342,0.8255753203943257,0.7044525587225462,1.3824404304486801,0.7031625155677756
cross_project,0.75,static_catboost,sigmoid,DM,5222,0.5407889697433933,0.23077276447987533,0.6828071134438305,0.6598195025599709,0.2699775531627192,0.8930862923209035
cross_project,0.75,static_catboost,sigmoid,INDY,850,0.4776470588235294,0.22968658833179978,0.6169431474282678,0.638921248835042,-0.05071790393220849,0.8187711826190106
cross_project,0.75,static_catboost,sigmoid,IS,643,0.4758942457231726,0.2075965747661219,0.7512274450083166,0.7235119567114678,-0.3718470961728433,0.9966653224682954
cross_project,0.75,static_catboost,sigmoid,MESOS,1268,0.5717665615141956,0.23347683616428058,0.7034436625970528,0.6756448847399505,0.4413965350826499,0.7163515578338302
cross_project,0.75,static_catboost,sigmoid,MULE,1807,0.2589928057553957,0.23018115074867904,0.41525436172305175,0.6930146237465132,-1.1442704829885604,0.9769008526057282
cross_project,0.75,static_catboost,sigmoid,NEXUS,525,0.25333333333333335,0.2642296310265756,0.4269634590384284,0.7005428111094061,-1.4222085427559548,0.8875187908821749
cross_project,0.75,static_catboost,sigmoid,TIDOC,786,0.44783715012722647,0.21558128141836425,0.75138495140849,0.8139073627984917,-1.3045503858651004,1.5096898838247759
cross_project,0.75,static_catboost,sigmoid,TIMOB,2733,0.5367727771679474,0.18608245333531975,0.7765420898890996,0.7896885778867577,-0.33532558191937095,1.3304742451641058
cross_project,0.75,static_catboost,sigmoid,TISTUD,836,0.32057416267942584,0.18486512609873268,0.5781722526652255,0.7151861730081985,0.3289718831438276,1.2342849538670124
cross_project,0.75,static_catboost,sigmoid,XD,1238,0.20597738287560582,0.24191788525857072,0.3207802984305017,0.6347016934953025,-1.374026705119114,0.7100208443683793
cross_project,0.75,static_lr,raw,APIKIT,299,0.2608695652173913,0.16694623790478777,0.5308658284419759,0.7315813899524306,-0.3490376642320604,0.7280179899063207
cross_project,0.75,static_lr,raw,COMPASS,729,0.5706447187928669,0.2073488286606605,0.7407022501099143,0.726959941017449,0.46836435566286005,0.8618723179538027
cross_project,0.75,static_lr,raw,CONFCLOUD,367,0.6648501362397821,0.21306121370265269,0.7382525196525835,0.5989937358389977,0.5746966588447995,0.46942772741577976
cross_project,0.75,static_lr,raw,CONFSERVER,1019,0.6947988223748773,0.19343132789648781,0.8526426129304376,0.7367113557505405,0.7560863305113444,0.789388665107958
cross_project,0.75,static_lr,raw,DM,5222,0.5407889697433933,0.26300288875765776,0.6967763883638646,0.6511700023863134,0.5570894022261612,0.5457070350239832
cross_project,0.75,static_lr,raw,INDY,850,0.4776470588235294,0.2601311582928785,0.5527816003044413,0.5776583233479785,0.24342142292707578,0.47152792069343363
cross_project,0.75,static_lr,raw,IS,643,0.4758942457231726,0.20897696862636625,0.7423966037684323,0.6961463121351409,-0.1644089891711957,0.7536180869585776
cross_project,0.75,static_lr,raw,MESOS,1268,0.5717665615141956,0.23568009744424426,0.6841394132191172,0.641618085984632,0.37726569174304314,0.6691967762189149
cross_project,0.75,static_lr,raw,MULE,1807,0.2589928057553957,0.1997985929422474,0.4194724796084841,0.6952566974971754,-0.8215861205197653,0.6150383642473575
cross_project,0.75,static_lr,raw,NEXUS,525,0.25333333333333335,0.2557651782045161,0.36763189242892647,0.6514308731011202,-1.1519244821145211,0.5140604105659413
cross_project,0.75,static_lr,raw,TIDOC,786,0.44783715012722647,0.1900624465238767,0.7140327725426158,0.7858779325513195,-0.26980454783946534,1.068099626578512
cross_project,0.75,static_lr,raw,TIMOB,2733,0.5367727771679474,0.23471877476230177,0.7464701240909248,0.7355738840052508,0.7937761583504139,0.8471934816265269
cross_project,0.75,static_lr,raw,TISTUD,836,0.32057416267942584,0.21376808901172986,0.5436791465302865,0.6930181837292412,-0.718847864723738,0.8781489934121516
cross_project,0.75,static_lr,raw,XD,1238,0.20597738287560582,0.21684172728018367,0.308313454719057,0.6300640296810485,-1.1801364851822402,0.5592074892043017
cross_project,0.75,static_lr,sigmoid,APIKIT,299,0.2608695652173913,0.19175296304042289,0.5308658284419759,0.7315813899524306,-0.7887987179789918,0.9661072098367095
cross_project,0.75,static_lr,sigmoid,COMPASS,729,0.5706447187928669,0.22620332443570446,0.7407022501099143,0.726959941017449,0.7237134841958316,0.8222420522679442
cross_project,0.75,static_lr,sigmoid,CONFCLOUD,367,0.6648501362397821,0.20349980635798526,0.7382525196525835,0.5989937358389977,0.3382018799082383,0.5495941149115352
cross_project,0.75,static_lr,sigmoid,CONFSERVER,1019,0.6947988223748773,0.27385719598455494,0.8526426129304376,0.7367113557505405,1.4354632061892638,0.812412289742224
cross_project,0.75,static_lr,sigmoid,DM,5222,0.5407889697433933,0.22791767508453525,0.6967763883638646,0.6511700023863134,0.19232333695681586,0.9154763390287444
cross_project,0.75,static_lr,sigmoid,INDY,850,0.4776470588235294,0.24351281080333853,0.5527816003044413,0.5776583233479785,-0.10135715790942668,0.5622593245059766
cross_project,0.75,static_lr,sigmoid,IS,643,0.4758942457231726,0.218224830070095,0.7423966037684323,0.6961463121351409,-0.47787442282818987,0.900024573577077
cross_project,0.75,static_lr,sigmoid,MESOS,1268,0.5717665615141956,0.24005147111572817,0.6841394132191172,0.641618085984632,0.4534869493926646,0.7258018842043753
cross_project,0.75,static_lr,sigmoid,MULE,1807,0.2589928057553957,0.22366708311141156,0.4194724796084841,0.6952566974971754,-1.0626461519577624,1.1550813800934767
cross_project,0.75,static_lr,sigmoid,NEXUS,525,0.25333333333333335,0.26196607486278345,0.36763189242892647,0.6514308731011202,-1.2087818623919389,0.6375104924703668
cross_project,0.75,static_lr,sigmoid,TIDOC,786,0.44783715012722647,0.22722545749481513,0.7140327725426158,0.7858779325513195,-1.3260201628118982,1.7789454853320978
cross_project,0.75,static_lr,sigmoid,TIMOB,2733,0.5367727771679474,0.20398874987667284,0.7464701240909248,0.7355738840052508,-0.39451885822847527,1.2331436356790282
cross_project,0.75,static_lr,sigmoid,TISTUD,836,0.32057416267942584,0.19305180397593963,0.5436791465302865,0.6930181837292412,0.24635357155825638,1.234224513770418
cross_project,0.75,static_lr,sigmoid,XD,1238,0.20597738287560582,0.22729367500842917,0.308313454719057,0.6300640296810485,-1.2766263274692877,0.8214392662086629
temporal,0.0,business_rule,raw,APIKIT,38,0.3157894736842105,0.27539793074711577,0.45714611579491643,0.6330128205128206,-0.9551591231289268,0.4053897718264647
temporal,0.0,business_rule,raw,COMPASS,83,0.4819277108433735,0.18169629379677468,0.7099878429461048,0.7715116279069767,0.04052612759778672,1.2411120732207852
temporal,0.0,business_rule,raw,CONFCLOUD,55,0.8363636363636363,0.22110379010051134,0.8528160084401819,0.4975845410628019,1.5019135950113571,0.5976964078441754
temporal,0.0,business_rule,raw,CONFSERVER,233,0.7725321888412017,0.22860587250573738,0.8217388068829369,0.5879454926624738,1.1544209295580738,0.6737879587004295
temporal,0.0,business_rule,raw,DM,786,0.6119592875318066,0.23655357442006092,0.6543609904274532,0.5457210047373982,0.37986691515613813,0.44624068520304183
temporal,0.0,business_rule,raw,INDY,73,0.3972602739726027,0.2606394043074302,0.48098429716592217,0.6422413793103448,-0.925942295078725,1.4724857542530758
temporal,0.0,business_rule,raw,IS,94,0.574468085106383,0.2468897247343458,0.590954046150974,0.5085648148148149,0.18243439628732572,0.2821437900888074
temporal,0.0,business_rule,raw,MESOS,151,0.5827814569536424,0.25054798972387515,0.5578037907945285,0.43208874458874463,0.3645058886516302,-0.79409116706771
temporal,0.0,business_rule,raw,MULE,262,0.22519083969465647,0.2932992327887154,0.23870281736698085,0.5176170994405944,-1.2870993075977784,0.2842956835275429
temporal,0.0,business_rule,raw,NEXUS,34,0.4411764705882353,0.232831423863227,0.6678458052354487,0.6982456140350877,-0.5201798218480254,2.6217664992890723
temporal,0.0,business_rule,raw,TIDOC,105,0.6285714285714286,0.23026605829279603,0.6394822970914669,0.5433177933177933,0.4305548555522092,0.5247250132869733
temporal,0.0,business_rule,raw,TIMOB,1047,0.6838586437440306,0.21217017323867765,0.7070546402272385,0.6033498455670138,1.0455118234056389,0.9707954272387995
temporal,0.0,business_rule,raw,TISTUD,85,0.4,0.2367781013360157,0.5046097976882242,0.5893886966551326,-0.44375002171668204,0.6858391529926304
temporal,0.0,business_rule,raw,XD,247,0.2550607287449393,0.2205538627827346,0.31547111563983915,0.6599810213940649,-0.8726993844543983,0.3917814932264289
temporal,0.0,business_rule,sigmoid,APIKIT,38,0.3157894736842105,0.20610213068055905,0.45714611579491643,0.6330128205128206,0.04509420597333612,0.7154170485666342
temporal,0.0,business_rule,sigmoid,COMPASS,83,0.4819277108433735,0.1836167703526298,0.7099878429461048,0.7715116279069767,-0.33790680717676497,2.1646535554546884
temporal,0.0,business_rule,sigmoid,CONFCLOUD,55,0.8363636363636363,0.14457971638219702,0.8528160084401819,0.4975845410628019,1.2334413571180218,0.3014664452556229
temporal,0.0,business_rule,sigmoid,CONFSERVER,233,0.7725321888412017,0.17078461645192344,0.8217388068829369,0.5879454926624738,0.8885435903398905,0.24443029826969187
temporal,0.0,business_rule,sigmoid,DM,786,0.6119592875318066,0.22847398567692412,0.6543609904274532,0.5457210047373982,-0.0900217599911078,1.4499222788598023
temporal,0.0,business_rule,sigmoid,INDY,73,0.3972602739726027,0.2392284072650361,0.48098429716592217,0.6422413793103448,15.392396271505184,28.914048265518243
temporal,0.0,business_rule,sigmoid,IS,94,0.574468085106383,0.2925812622812414,0.590954046150974,0.5085648148148149,1.6136364213469225,2.0612501037859046
temporal,0.0,business_rule,sigmoid,MESOS,151,0.5827814569536424,0.269063676865285,0.5578037907945285,0.43208874458874463,1.5160494475355188,-1.121512140282207
temporal,0.0,business_rule,sigmoid,MULE,262,0.22519083969465647,0.1843947877650582,0.23870281736698085,0.5176170994405944,-0.6551599496466531,0.8184090328879566
temporal,0.0,business_rule,sigmoid,NEXUS,34,0.4411764705882353,0.27146776652105076,0.6678458052354487,0.6982456140350877,6.1855239724856395,6.010963300661574
temporal,0.0,business_rule,sigmoid,TIDOC,105,0.6285714285714286,0.22268135381349202,0.6394822970914669,0.5433177933177933,-0.17380722011856137,0.8333180630540776
temporal,0.0,business_rule,sigmoid,TIMOB,1047,0.6838586437440306,0.16504633650691483,0.7070546402272385,0.6033498455670138,-0.10457171119627448,1.470187855916748
temporal,0.0,business_rule,sigmoid,TISTUD,85,0.4,0.2809587735632957,0.3392171757954896,0.41061130334486734,-0.3288262676570486,-3.731393157889733
temporal,0.0,business_rule,sigmoid,XD,247,0.2550607287449393,0.18917574844633625,0.31547111563983915,0.6599810213940649,4.392277998767077,3.472404084225421
temporal,0.0,dynamic_catboost,raw,APIKIT,38,0.3157894736842105,0.1587976802657467,0.6490254924813748,0.8557692307692307,-0.5686615947481619,0.5554317771139307
temporal,0.0,dynamic_catboost,raw,COMPASS,83,0.4819277108433735,0.16551369064912566,0.7589770272430649,0.8238372093023256,-0.0774382552035053,0.7682011912497966
temporal,0.0,dynamic_catboost,raw,CONFCLOUD,55,0.8363636363636363,0.27523486928441865,0.8574896330083677,0.5265700483091788,1.614244673223446,0.021528239672942276
temporal,0.0,dynamic_catboost,raw,CONFSERVER,233,0.7725321888412017,0.21850099080100346,0.8310063389701904,0.6056603773584905,1.0517696639912333,0.3370566827165163
temporal,0.0,dynamic_catboost,raw,DM,786,0.6119592875318066,0.2048689270857146,0.8110340785857943,0.7278927098599229,0.15690715913972442,0.6763567083164445
temporal,0.0,dynamic_catboost,raw,INDY,73,0.3972602739726027,0.2733710779666531,0.46862387105777614,0.5376175548589341,-0.4243540241268989,0.1409638187538291
temporal,0.0,dynamic_catboost,raw,IS,94,0.574468085106383,0.41358872755651066,0.5203412163305725,0.39282407407407405,-0.015402929762594242,-0.2778066754812254
temporal,0.0,dynamic_catboost,raw,MESOS,151,0.5827814569536424,0.26174753507412857,0.6234030059779142,0.5670995670995671,0.18967534751582993,0.24605262971861694
temporal,0.0,dynamic_catboost,raw,MULE,262,0.22519083969465647,0.1636301497755062,0.4036661217195442,0.6322117391667362,-0.26878375812580174,0.7040776229315551
temporal,0.0,dynamic_catboost,raw,NEXUS,34,0.4411764705882353,0.3036865568231079,0.5404198643100054,0.5298245614035089,-0.15738810990756308,0.059260015956051286
temporal,0.0,dynamic_catboost,raw,TIDOC,105,0.6285714285714286,0.24776383201963345,0.695608619776363,0.5895493395493396,0.2776962340154279,0.3171403644475823
temporal,0.0,dynamic_catboost,raw,TIMOB,1047,0.6838586437440306,0.2186018799686323,0.8606134621888445,0.7888635251227869,1.2949282160128233,0.9988814591705265
temporal,0.0,dynamic_catboost,raw,TISTUD,85,0.4,0.20455885701530874,0.6887917814071989,0.7430795847750865,-0.17178403971051412,0.7649267748878458
temporal,0.0,dynamic_catboost,raw,XD,247,0.2550607287449393,0.18580371215814886,0.4115511976574136,0.6859472049689441,-0.3161469760322352,0.486325194244372
temporal,0.0,dynamic_catboost,sigmoid,APIKIT,38,0.3157894736842105,0.16466229959120104,0.6490254924813748,0.8557692307692307,0.867243650366888,1.7405597633232524
temporal,0.0,dynamic_catboost,sigmoid,COMPASS,83,0.4819277108433735,0.1630752252621123,0.7589770272430649,0.8238372093023256,-0.258459874985004,1.1507218256925813
temporal,0.0,dynamic_catboost,sigmoid,CONFCLOUD,55,0.8363636363636363,0.18291723318375,0.8574896330083677,0.5265700483091788,1.584893701157372,0.062376363517476704
temporal,0.0,dynamic_catboost,sigmoid,CONFSERVER,233,0.7725321888412017,0.17314472343456216,0.8310063389701904,0.6056603773584905,-0.793998447825031,1.9436900945355449
temporal,0.0,dynamic_catboost,sigmoid,DM,786,0.6119592875318066,0.19919661021109275,0.8110340785857943,0.7278927098599229,-0.1247081076547396,1.0214372507992562
temporal,0.0,dynamic_catboost,sigmoid,INDY,73,0.3972602739726027,0.24020892126471952,0.46862387105777614,0.5376175548589341,-0.16102579873828363,0.4728681123440566
temporal,0.0,dynamic_catboost,sigmoid,IS,94,0.574468085106383,0.3048428951506468,0.5203412163305725,0.39282407407407405,-1.1922162150902114,-2.3014768790548956
temporal,0.0,dynamic_catboost,sigmoid,MESOS,151,0.5827814569536424,0.2674784500169038,0.6234030059779142,0.5670995670995671,-0.5311006642583191,0.7669902395864461
temporal,0.0,dynamic_catboost,sigmoid,MULE,262,0.22519083969465647,0.17661503611969206,0.4036661217195442,0.6322117391667362,-0.3146707391590159,1.4995163205727702
temporal,0.0,dynamic_catboost,sigmoid,NEXUS,34,0.4411764705882353,0.27296089219534314,0.5404198643100054,0.5298245614035089,0.2346457320268742,0.4914372302601981
temporal,0.0,dynamic_catboost,sigmoid,TIDOC,105,0.6285714285714286,0.23844745684473495,0.695608619776363,0.5895493395493396,-0.2829647188943929,0.634442865249747
temporal,0.0,dynamic_catboost,sigmoid,TIMOB,1047,0.6838586437440306,0.15627950944599656,0.8606134621888445,0.7888635251227869,0.16762153815253553,0.9459828842161112
temporal,0.0,dynamic_catboost,sigmoid,TISTUD,85,0.4,0.20808447020582066,0.6887917814071989,0.7430795847750865,-0.20924840026434868,1.9598539882501518
temporal,0.0,dynamic_catboost,sigmoid,XD,247,0.2550607287449393,0.18635497392063918,0.4115511976574136,0.6859472049689441,2.4301446128476902,2.3754090510683503
temporal,0.0,dynamic_no_cohort,raw,APIKIT,38,0.3157894736842105,0.1609291011438625,0.6740103878542013,0.842948717948718,-0.5228894554217499,0.5911453911619489
temporal,0.0,dynamic_no_cohort,raw,COMPASS,83,0.4819277108433735,0.18388602224185316,0.7907754681969136,0.8098837209302325,0.3168969423953621,0.7938873744564077
temporal,0.0,dynamic_no_cohort,raw,CONFCLOUD,55,0.8363636363636363,0.28851594325221036,0.8586228884531799,0.5120772946859904,1.6123417199657495,0.047035813989348085
temporal,0.0,dynamic_no_cohort,raw,CONFSERVER,233,0.7725321888412017,0.23136954089706074,0.8150133655324299,0.5827044025157233,1.1085076459974001,0.288986868156511
temporal,0.0,dynamic_no_cohort,raw,DM,786,0.6119592875318066,0.216745748373136,0.8011912344847685,0.7095122865614669,0.33007675170096457,0.6081265578702709
temporal,0.0,dynamic_no_cohort,raw,INDY,73,0.3972602739726027,0.2699039848187604,0.4320864197090892,0.542319749216301,-0.41481901558081796,0.09792451482218459
temporal,0.0,dynamic_no_cohort,raw,IS,94,0.574468085106383,0.35994104402578025,0.5754398621574346,0.48796296296296293,0.2614973617081244,-0.04316616676714765
temporal,0.0,dynamic_no_cohort,raw,MESOS,151,0.5827814569536424,0.27109806002760306,0.6146551005852731,0.566919191919192,0.2758577486940572,0.17297595838918073
temporal,0.0,dynamic_no_cohort,raw,MULE,262,0.22519083969465647,0.16292044049911658,0.4229419492089975,0.6503715454621357,0.04041250449702364,0.8178941158229325
temporal,0.0,dynamic_no_cohort,raw,NEXUS,34,0.4411764705882353,0.35142645311779247,0.48239197102413517,0.47017543859649125,-0.5479418849434707,-0.158242269595592
temporal,0.0,dynamic_no_cohort,raw,TIDOC,105,0.6285714285714286,0.25376599060045774,0.6807390304466695,0.5402097902097902,0.27054058850867924,0.2895956023209929
temporal,0.0,dynamic_no_cohort,raw,TIMOB,1047,0.6838586437440306,0.27275735764972076,0.8340574126087812,0.753894580499249,1.6617291096357951,1.0454831525689632
temporal,0.0,dynamic_no_cohort,raw,TISTUD,85,0.4,0.20066049440305161,0.6789160517900668,0.7462514417531718,0.20381629840929794,0.8483550893982946
temporal,0.0,dynamic_no_cohort,raw,XD,247,0.2550607287449393,0.16410207293497875,0.5322527073108596,0.7525448585231194,0.08856193574236298,0.7231703947259203
temporal,0.0,dynamic_no_cohort,sigmoid,APIKIT,38,0.3157894736842105,0.17290816618523785,0.6740103878542013,0.842948717948718,1.072505722518298,1.806453644383384
temporal,0.0,dynamic_no_cohort,sigmoid,COMPASS,83,0.4819277108433735,0.17507924486075868,0.7907754681969136,0.8098837209302325,0.15726813818725802,1.2835582451030585
temporal,0.0,dynamic_no_cohort,sigmoid,CONFCLOUD,55,0.8363636363636363,0.18900844774669603,0.8586228884531799,0.5120772946859904,1.5527135787155983,0.1256465855140896
temporal,0.0,dynamic_no_cohort,sigmoid,CONFSERVER,233,0.7725321888412017,0.17420433619080375,0.8150133655324299,0.5827044025157233,-0.0416382653302524,1.3021790034749248
temporal,0.0,dynamic_no_cohort,sigmoid,DM,786,0.6119592875318066,0.2050508277380932,0.8011912344847685,0.7095122865614669,0.07649422655396171,0.9632861631735342
temporal,0.0,dynamic_no_cohort,sigmoid,INDY,73,0.3972602739726027,0.2419017024828584,0.4320864197090892,0.542319749216301,-0.23048100709982183,0.3199727247606811
temporal,0.0,dynamic_no_cohort,sigmoid,IS,94,0.574468085106383,0.2955535368814379,0.5754398621574346,0.48796296296296293,0.04845703001074105,-0.4103827952718424
temporal,0.0,dynamic_no_cohort,sigmoid,MESOS,151,0.5827814569536424,0.2622981296798176,0.6146551005852731,0.566919191919192,-0.21283932543015324,0.5365882719712948
temporal,0.0,dynamic_no_cohort,sigmoid,MULE,262,0.22519083969465647,0.17265261864886577,0.4229419492089975,0.6503715454621357,-0.3135498735704484,1.3548254575133887
temporal,0.0,dynamic_no_cohort,sigmoid,NEXUS,34,0.4411764705882353,0.2805405985353231,0.48239197102413517,0.47017543859649125,-0.8229792582114548,-0.5811137279276313
temporal,0.0,dynamic_no_cohort,sigmoid,TIDOC,105,0.6285714285714286,0.24160404415643089,0.6807390304466695,0.5402097902097902,-0.07363835060557013,0.4825193793988527
temporal,0.0,dynamic_no_cohort,sigmoid,TIMOB,1047,0.6838586437440306,0.16344794705879945,0.8340574126087812,0.753894580499249,0.24074247425781917,0.9846469036204571
temporal,0.0,dynamic_no_cohort,sigmoid,TISTUD,85,0.4,0.20229999351749775,0.6789160517900668,0.7462514417531718,0.12091081605944502,1.9425156822358969
temporal,0.0,dynamic_no_cohort,sigmoid,XD,247,0.2550607287449393,0.18594021812683184,0.5322527073108596,0.7525448585231194,6.803848343193577,5.383041428211035
temporal,0.0,frequency,raw,APIKIT,38,0.3157894736842105,0.21865979777786324,0.3157894736842105,0.5,,
temporal,0.0,frequency,raw,COMPASS,83,0.4819277108433735,0.2646157546854083,0.4819277108433735,0.5,,
temporal,0.0,frequency,raw,CONFCLOUD,55,0.8363636363636363,0.18673883770990396,0.8363636363636363,0.5,,
temporal,0.0,frequency,raw,CONFSERVER,233,0.7725321888412017,0.19810985822895574,0.7725321888412017,0.5,,
temporal,0.0,frequency,raw,DM,786,0.6119592875318066,0.24695427833745734,0.6119592875318066,0.5,,
temporal,0.0,frequency,raw,INDY,73,0.3972602739726027,0.25144072476722756,0.3972602739726027,0.5,,
temporal,0.0,frequency,raw,IS,94,0.574468085106383,0.25244001810774097,0.574468085106383,0.5,,
temporal,0.0,frequency,raw,MESOS,151,0.5827814569536424,0.24434567764104612,0.5827814569536424,0.5,,
temporal,0.0,frequency,raw,MULE,262,0.22519083969465647,0.17585078782763344,0.22519083969465647,0.5,,
temporal,0.0,frequency,raw,NEXUS,34,0.4411764705882353,0.2900133781578507,0.4411764705882353,0.5,,
temporal,0.0,frequency,raw,TIDOC,105,0.6285714285714286,0.30556170612792194,0.6285714285714286,0.5,,
temporal,0.0,frequency,raw,TIMOB,1047,0.6838586437440306,0.3386308246463003,0.6838586437440306,0.5,,
temporal,0.0,frequency,raw,TISTUD,85,0.4,0.2565007601295526,0.4,0.5,,
temporal,0.0,frequency,raw,XD,247,0.2550607287449393,0.1935044270800163,0.2550607287449393,0.5,,
temporal,0.0,frequency,sigmoid,APIKIT,38,0.3157894736842105,0.22455076026832413,0.3157894736842105,0.5,,
temporal,0.0,frequency,sigmoid,COMPASS,83,0.4819277108433735,0.2509797889039767,0.4819277108433735,0.5,,
temporal,0.0,frequency,sigmoid,CONFCLOUD,55,0.8363636363636363,0.14519007416341886,0.8363636363636363,0.5,,
temporal,0.0,frequency,sigmoid,CONFSERVER,233,0.7725321888412017,0.1757645184109742,0.7725321888412017,0.5,,
temporal,0.0,frequency,sigmoid,DM,786,0.6119592875318066,0.23812022600398133,0.6119592875318066,0.5,,
temporal,0.0,frequency,sigmoid,INDY,73,0.3972602739726027,0.240247168179473,0.3972602739726027,0.5,,
temporal,0.0,frequency,sigmoid,IS,94,0.574468085106383,0.2948414355849603,0.574468085106383,0.5,,
temporal,0.0,frequency,sigmoid,MESOS,151,0.5827814569536424,0.271092694104261,0.5827814569536424,0.5,,
temporal,0.0,frequency,sigmoid,MULE,262,0.22519083969465647,0.19476738718184222,0.22519083969465647,0.5,,
temporal,0.0,frequency,sigmoid,NEXUS,34,0.4411764705882353,0.2775838398265689,0.4411764705882353,0.5,,
temporal,0.0,frequency,sigmoid,TIDOC,105,0.6285714285714286,0.23857209524243891,0.6285714285714286,0.5,,
temporal,0.0,frequency,sigmoid,TIMOB,1047,0.6838586437440306,0.2169458731307702,0.6838586437440306,0.5,,
temporal,0.0,frequency,sigmoid,TISTUD,85,0.4,0.2471598377261648,0.4,0.5,,
temporal,0.0,frequency,sigmoid,XD,247,0.2550607287449393,0.19481721898205176,0.2550607287449393,0.5,,
temporal,0.0,static_catboost,raw,APIKIT,38,0.3157894736842105,0.15496847745690728,0.7269444239083708,0.8525641025641025,-0.6486935055237414,0.5423238005691594
temporal,0.0,static_catboost,raw,COMPASS,83,0.4819277108433735,0.16987087594129893,0.7713061230033954,0.8261627906976744,0.05264385292400171,0.7704823396135541
temporal,0.0,static_catboost,raw,CONFCLOUD,55,0.8363636363636363,0.2440841336849579,0.8426420085147485,0.4879227053140096,1.6315257499856675,-7.659032999736762e-07
temporal,0.0,static_catboost,raw,CONFSERVER,233,0.7725321888412017,0.21311277578275242,0.8526901079811239,0.630188679245283,1.0180861473617928,0.36624680387511854
temporal,0.0,static_catboost,raw,DM,786,0.6119592875318066,0.20603692963803943,0.8140470832356387,0.7265737364098019,0.25145427792278213,0.7049390550890021
temporal,0.0,static_catboost,raw,INDY,73,0.3972602739726027,0.25345823570100334,0.4869066390172686,0.5744514106583072,-0.38177900779254637,0.3234356977899661
temporal,0.0,static_catboost,raw,IS,94,0.574468085106383,0.3893484911514493,0.5375930403454043,0.4189814814814815,0.08545637514634549,-0.20729317785916535
temporal,0.0,static_catboost,raw,MESOS,151,0.5827814569536424,0.25410913921665446,0.7034509325272482,0.6051587301587302,0.08874404848756934,0.3752584596935597
temporal,0.0,static_catboost,raw,MULE,262,0.22519083969465647,0.16462603332976794,0.4051603027713494,0.6327961927026801,0.03296385798296803,0.800853601904419
temporal,0.0,static_catboost,raw,NEXUS,34,0.4411764705882353,0.312395215252013,0.4804095037851843,0.5087719298245614,-0.1592607389793708,0.05786745984185138
temporal,0.0,static_catboost,raw,TIDOC,105,0.6285714285714286,0.24858847404401618,0.6802161343495392,0.5813908313908314,0.2827516231699784,0.3029967549355847
temporal,0.0,static_catboost,raw,TIMOB,1047,0.6838586437440306,0.22598392177203735,0.8382728012631047,0.7595550135867272,1.2623674018364575,0.9188869912715982
temporal,0.0,static_catboost,raw,TISTUD,85,0.4,0.19473415151496562,0.6877738372744091,0.7505767012687428,-0.16072584411456886,0.9093209618814359
temporal,0.0,static_catboost,raw,XD,247,0.2550607287449393,0.19810633644153938,0.37212359218725494,0.632116977225673,-0.49167754902361877,0.3592552046490561
temporal,0.0,static_catboost,sigmoid,APIKIT,38,0.3157894736842105,0.16434581808871135,0.7269444239083708,0.8525641025641025,0.8162249444083287,1.6241785165684923
temporal,0.0,static_catboost,sigmoid,COMPASS,83,0.4819277108433735,0.16495918926700007,0.7713061230033954,0.8261627906976744,-0.13114474237299306,1.138427053162162
temporal,0.0,static_catboost,sigmoid,CONFCLOUD,55,0.8363636363636363,0.16611355786900733,0.8426420085147485,0.4879227053140096,1.6307918472822795,0.00041761416876813376
temporal,0.0,static_catboost,sigmoid,CONFSERVER,233,0.7725321888412017,0.17259700888010476,0.8526901079811239,0.630188679245283,-0.18077615876344053,1.445092008088066
temporal,0.0,static_catboost,sigmoid,DM,786,0.6119592875318066,0.1989546795202744,0.8140470832356387,0.7265737364098019,-0.0026577793327479363,1.0424263364463426
temporal,0.0,static_catboost,sigmoid,INDY,73,0.3972602739726027,0.23774195759490283,0.4869066390172686,0.5744514106583072,0.09866561725405183,0.8709390985988569
temporal,0.0,static_catboost,sigmoid,IS,94,0.574468085106383,0.30137583944743934,0.5375930403454043,0.4189814814814815,-0.6856488712720308,-1.5641137547937016
temporal,0.0,static_catboost,sigmoid,MESOS,151,0.5827814569536424,0.2675026200517261,0.7034509325272482,0.6051587301587302,-0.7644445069283612,0.9444190269194012
temporal,0.0,static_catboost,sigmoid,MULE,262,0.22519083969465647,0.17435905674607802,0.4051603027713494,0.6327961927026801,-0.029325614674949017,1.7365160553378725
temporal,0.0,static_catboost,sigmoid,NEXUS,34,0.4411764705882353,0.27387941754333406,0.4804095037851843,0.5087719298245614,0.5169742519129322,0.7758458862952606
temporal,0.0,static_catboost,sigmoid,TIDOC,105,0.6285714285714286,0.24022552191418325,0.6802161343495392,0.5813908313908314,-0.22933841666148222,0.5962545329328719
temporal,0.0,static_catboost,sigmoid,TIMOB,1047,0.6838586437440306,0.16001451367165678,0.8382728012631047,0.7595550135867272,0.15205541086641838,0.8231258261621135
temporal,0.0,static_catboost,sigmoid,TISTUD,85,0.4,0.20799479373998767,0.6877738372744091,0.7505767012687428,-0.16303944123978975,2.4696128770971786
temporal,0.0,static_catboost,sigmoid,XD,247,0.2550607287449393,0.18850874411270646,0.37212359218725494,0.632116977225673,1.0990064465420715,1.461326041470844
temporal,0.0,static_lr,raw,APIKIT,38,0.3157894736842105,0.162419474422493,0.7539936914936917,0.8557692307692308,-0.4936397465991183,0.6249479799395822
temporal,0.0,static_lr,raw,COMPASS,83,0.4819277108433735,0.1490025940504499,0.7493891576333701,0.8505813953488373,-0.5490984263329822,1.1016692351384167
temporal,0.0,static_lr,raw,CONFCLOUD,55,0.8363636363636363,0.21652418026598502,0.8288976442097533,0.4565217391304348,1.827854490714536,-0.10639038027321118
temporal,0.0,static_lr,raw,CONFSERVER,233,0.7725321888412017,0.1856623163780363,0.8642200141431764,0.6305031446540881,0.7429844578650379,0.3917026526838953
temporal,0.0,static_lr,raw,DM,786,0.6119592875318066,0.18774955337762858,0.837291630328688,0.7706008656828329,0.21417305004819617,1.1075223810733987
temporal,0.0,static_lr,raw,INDY,73,0.3972602739726027,0.2205195566450434,0.545419868251487,0.6567398119122257,0.14509654975602213,1.1485105600161303
temporal,0.0,static_lr,raw,IS,94,0.574468085106383,0.2941252244252921,0.6011038327223565,0.5425925925925926,0.30635535303235056,-0.028876158407235918
temporal,0.0,static_lr,raw,MESOS,151,0.5827814569536424,0.2807030643199205,0.5600473884178067,0.4646464646464646,0.4004954357491423,-0.11516736305793533
temporal,0.0,static_lr,raw,MULE,262,0.22519083969465647,0.15746672136773254,0.4311351886010711,0.7031810971027803,0.4889939534467048,1.4322429922168327
temporal,0.0,static_lr,raw,NEXUS,34,0.4411764705882353,0.23468839787597884,0.6598908583744131,0.7157894736842105,0.8874070635709218,1.0504073730041132
temporal,0.0,static_lr,raw,TIDOC,105,0.6285714285714286,0.24206013291944886,0.6505521954781888,0.5481740481740481,0.3915834501350137,0.34391864790345
temporal,0.0,static_lr,raw,TIMOB,1047,0.6838586437440306,0.18581509134275975,0.8552695962117494,0.7789456362132695,0.9006361050162243,0.9914379738668049
temporal,0.0,static_lr,raw,TISTUD,85,0.4,0.23304032236765462,0.5279918219315793,0.6839677047289503,-0.33274616308909627,0.28383712135419276
temporal,0.0,static_lr,raw,XD,247,0.2550607287449393,0.19280331931476505,0.34452584320357704,0.6620082815734989,-0.18394641263567432,0.4213574137210518
temporal,0.0,static_lr,sigmoid,APIKIT,38,0.3157894736842105,0.16790655930281698,0.7539936914936917,0.8557692307692308,1.1299807640085036,1.7665266350999225
temporal,0.0,static_lr,sigmoid,COMPASS,83,0.4819277108433735,0.15102651166643669,0.7493891576333701,0.8505813953488373,-0.6130084139303646,1.5222493295559043
temporal,0.0,static_lr,sigmoid,CONFCLOUD,55,0.8363636363636363,0.17718170685061643,0.8288976442097533,0.4565217391304348,2.292101796654009,-0.6536890619245717
temporal,0.0,static_lr,sigmoid,CONFSERVER,233,0.7725321888412017,0.17048372617193028,0.8642200141431764,0.6305031446540881,-3.790120764749951,4.208923127979427
temporal,0.0,static_lr,sigmoid,DM,786,0.6119592875318066,0.18892576697094599,0.837291630328688,0.7706008656828329,0.0725684893420498,1.4046137053044037
temporal,0.0,static_lr,sigmoid,INDY,73,0.3972602739726027,0.2319818553448507,0.545419868251487,0.6567398119122257,1.8066400651814376,3.4827610839645704
temporal,0.0,static_lr,sigmoid,IS,94,0.574468085106383,0.3185562301149812,0.6011038327223565,0.5425925925925926,0.2693497858170686,-0.0679568463558338
temporal,0.0,static_lr,sigmoid,MESOS,151,0.5827814569536424,0.2715719611067178,0.5600473884178067,0.4646464646464646,0.7667606625562078,-0.4101048282906041
temporal,0.0,static_lr,sigmoid,MULE,262,0.22519083969465647,0.18092067681735968,0.4311351886010711,0.7031810971027803,-0.08119960023970882,2.6339853922130505
temporal,0.0,static_lr,sigmoid,NEXUS,34,0.4411764705882353,0.23372128372210077,0.6598908583744131,0.7157894736842105,1.1026596149816523,1.4368353753393133
temporal,0.0,static_lr,sigmoid,TIDOC,105,0.6285714285714286,0.23717636096223282,0.6505521954781888,0.5481740481740481,-0.09369831236126785,0.534137949841026
temporal,0.0,static_lr,sigmoid,TIMOB,1047,0.6838586437440306,0.15436741560766867,0.8552695962117494,0.7789456362132695,-0.3091713381439266,0.9961739953091053
temporal,0.0,static_lr,sigmoid,TISTUD,85,0.4,0.2288782390963266,0.5279918219315793,0.6839677047289503,-0.3107248780319922,1.3993359164021015
temporal,0.0,static_lr,sigmoid,XD,247,0.2550607287449393,0.18574472632530978,0.34452584320357704,0.6620082815734989,1.1497814527968153,1.2344117174571896
temporal,0.25,business_rule,raw,APIKIT,38,0.3157894736842105,0.2065545377358333,0.3894207261177075,0.6602564102564102,-0.422618977106165,0.5027739721997738
temporal,0.25,business_rule,raw,COMPASS,83,0.4819277108433735,0.15209094180970598,0.7850256150255368,0.8380813953488372,-0.01721642631530911,1.3863590504473557
temporal,0.25,business_rule,raw,CONFCLOUD,55,0.8363636363636363,0.16963238772853692,0.9665034049398142,0.8719806763285024,0.8977180903963313,6.337235149532335
temporal,0.25,business_rule,raw,CONFSERVER,233,0.7725321888412017,0.19069444309403663,0.8715365830599869,0.7029874213836478,1.3656700629524572,1.3234690642967497
temporal,0.25,business_rule,raw,DM,786,0.6119592875318066,0.17201782794752832,0.7919697954752247,0.7664428615248288,0.4348376131362877,1.0086608415641478
temporal,0.25,business_rule,raw,INDY,73,0.3972602739726027,0.22279462623579288,0.5986948769631366,0.7217868338557994,-1.0294281352992738,2.17021164087494
temporal,0.25,business_rule,raw,IS,94,0.574468085106383,0.20242061210216833,0.7180320709754986,0.6655092592592593,0.23503432394437526,0.8929859531684065
temporal,0.25,business_rule,raw,MESOS,151,0.5827814569536424,0.2022448424516779,0.7002996674711433,0.6973304473304474,0.28139866038854905,1.495466435797162
temporal,0.25,business_rule,raw,MULE,262,0.22519083969465647,0.2306504134839494,0.2722782748159449,0.6393921683226184,-1.1120552471197513,0.5495382190935441
temporal,0.25,business_rule,raw,NEXUS,34,0.4411764705882353,0.18969220319104296,0.586995707995708,0.6807017543859649,0.04877445482215708,1.1080243540425647
temporal,0.25,business_rule,raw,TIDOC,105,0.6285714285714286,0.2132974381100589,0.6383116729510012,0.5858585858585859,0.6112487116575901,0.6845685609698826
temporal,0.25,business_rule,raw,TIMOB,1047,0.6838586437440306,0.1602591536667901,0.8357233941582516,0.8080473932049486,1.1715848213112525,1.4686470340189004
temporal,0.25,business_rule,raw,TISTUD,85,0.4,0.14650005189056614,0.7145879948829845,0.8540945790080738,-0.05151934111527961,1.1136434745647374
temporal,0.25,business_rule,raw,XD,247,0.2550607287449393,0.15005494538895586,0.4694465706946111,0.8341097308488612,-0.45595498790203676,0.5807826324355878
temporal,0.25,business_rule,sigmoid,APIKIT,38,0.3157894736842105,0.2186573075352583,0.3894207261177075,0.6602564102564102,0.6260676977911973,0.7789130953058052
temporal,0.25,business_rule,sigmoid,COMPASS,83,0.4819277108433735,0.1516190759315368,0.7850256150255368,0.8380813953488372,-0.4668164371503666,1.7533722454292135
temporal,0.25,business_rule,sigmoid,CONFCLOUD,55,0.8363636363636363,0.07570086462451776,0.9665034049398142,0.8719806763285024,-4.759343878796332,5.267140676100924
temporal,0.25,business_rule,sigmoid,CONFSERVER,233,0.7725321888412017,0.11943694044096613,0.8715365830599869,0.7029874213836478,0.06616865121247646,1.0099318323870163
temporal,0.25,business_rule,sigmoid,DM,786,0.6119592875318066,0.16496017218156495,0.7919697954752247,0.7664428615248288,-0.18688171058805159,1.4645705237120161
temporal,0.25,business_rule,sigmoid,INDY,73,0.3972602739726027,0.21857833472252003,0.5986948769631366,0.7217868338557994,2.5165374826865547,4.90824570003592
temporal,0.25,business_rule,sigmoid,IS,94,0.574468085106383,0.2697117484127878,0.7180320709754986,0.6655092592592593,0.8165492300687465,0.4539800357076983
temporal,0.25,business_rule,sigmoid,MESOS,151,0.5827814569536424,0.20391227883992044,0.7002996674711433,0.6973304473304474,-1.4898248567146732,1.7903585048764104
temporal,0.25,business_rule,sigmoid,MULE,262,0.22519083969465647,0.16893528770786612,0.2722782748159449,0.6393921683226184,-0.42202677090552165,1.3339665874262883
temporal,0.25,business_rule,sigmoid,NEXUS,34,0.4411764705882353,0.20569139682898277,0.586995707995708,0.6807017543859649,0.3191130070518078,0.378773453162226
temporal,0.25,business_rule,sigmoid,TIDOC,105,0.6285714285714286,0.19314182197480254,0.6383116729510012,0.5858585858585859,-0.11905578128416486,0.8741694149680882
temporal,0.25,business_rule,sigmoid,TIMOB,1047,0.6838586437440306,0.10834321510023288,0.8357233941582516,0.8080473932049486,-0.2740835586746031,1.4128759505395014
temporal,0.25,business_rule,sigmoid,TISTUD,85,0.4,0.14692209473990742,0.7145879948829845,0.8540945790080738,-0.01904778770669525,1.4042467603420712
temporal,0.25,business_rule,sigmoid,XD,247,0.2550607287449393,0.173367623766997,0.4694465706946111,0.8341097308488612,1.9091314636712537,1.7251127807886513
temporal,0.25,dynamic_catboost,raw,APIKIT,38,0.3157894736842105,0.10165585708538728,0.8947513135013135,0.9423076923076923,-0.3969952441867155,0.7579238659585489
temporal,0.25,dynamic_catboost,raw,COMPASS,83,0.4819277108433735,0.12418555425611284,0.8489236023840574,0.9040697674418604,-0.6669877524488644,1.016041938556175
temporal,0.25,dynamic_catboost,raw,CONFCLOUD,55,0.8363636363636363,0.1366595053311502,0.9001247859952233,0.7367149758454107,1.1723394586369904,0.5002654980866206
temporal,0.25,dynamic_catboost,raw,CONFSERVER,233,0.7725321888412017,0.15591849429190652,0.8854890368744224,0.7575471698113208,0.9523350802169382,0.6905226998904239
temporal,0.25,dynamic_catboost,raw,DM,786,0.6119592875318066,0.15682154295061032,0.8856206504343312,0.8435772468559354,0.4893601444393495,0.8310695327322241
temporal,0.25,dynamic_catboost,raw,INDY,73,0.3972602739726027,0.23644186305081663,0.4804850507743615,0.6418495297805642,-0.4735116186651278,0.6739664968954392
temporal,0.25,dynamic_catboost,raw,IS,94,0.574468085106383,0.3890019512200341,0.5329554758762883,0.4736111111111111,0.2631189090622947,-0.03688005118158977
temporal,0.25,dynamic_catboost,raw,MESOS,151,0.5827814569536424,0.19556365715021007,0.7352291059057883,0.7355699855699857,-0.0997528597585651,0.6024638959381493
temporal,0.25,dynamic_catboost,raw,MULE,262,0.22519083969465647,0.14323262269125087,0.5468866013642719,0.785338565584036,0.36310429391954857,0.9442765471706078
temporal,0.25,dynamic_catboost,raw,NEXUS,34,0.4411764705882353,0.26953498083731026,0.5674481249246359,0.6385964912280702,0.22566671349543513,0.37554188529130605
temporal,0.25,dynamic_catboost,raw,TIDOC,105,0.6285714285714286,0.1985906374827716,0.7205826397078522,0.6835664335664335,0.23826103514228725,0.5193648993222987
temporal,0.25,dynamic_catboost,raw,TIMOB,1047,0.6838586437440306,0.15497297738023277,0.9121147408899059,0.8739409103951123,1.361961885277829,1.1035347464842087
temporal,0.25,dynamic_catboost,raw,TISTUD,85,0.4,0.12763988159551462,0.8329904663376535,0.9077277970011535,0.39622801361809373,1.0273775446803282
temporal,0.25,dynamic_catboost,raw,XD,247,0.2550607287449393,0.1536082867966444,0.6134592451061915,0.8535196687370601,0.7411223494131473,0.936748048946979
temporal,0.25,dynamic_catboost,sigmoid,APIKIT,38,0.3157894736842105,0.12069534609128052,0.8947513135013135,0.9423076923076923,1.3889041718729989,2.1208892851585657
temporal,0.25,dynamic_catboost,sigmoid,COMPASS,83,0.4819277108433735,0.1238319921969514,0.8489236023840574,0.9040697674418604,-0.6868755129666821,1.4289799172944757
temporal,0.25,dynamic_catboost,sigmoid,CONFCLOUD,55,0.8363636363636363,0.14464598302347284,0.9001247859952233,0.7367149758454107,1.3135891042447083,1.0099093954590448
temporal,0.25,dynamic_catboost,sigmoid,CONFSERVER,233,0.7725321888412017,0.14050525209437262,0.8854890368744224,0.7575471698113208,0.4080330147079989,1.3394204103411906
temporal,0.25,dynamic_catboost,sigmoid,DM,786,0.6119592875318066,0.14788937275494682,0.8856206504343312,0.8435772468559354,-0.013542586856521552,1.0943094368382613
temporal,0.25,dynamic_catboost,sigmoid,INDY,73,0.3972602739726027,0.22607431554111815,0.4804850507743615,0.6418495297805642,0.32569345239335273,1.0294868095724403
temporal,0.25,dynamic_catboost,sigmoid,IS,94,0.574468085106383,0.30846209069893826,0.5329554758762883,0.4736111111111111,0.24691581096581947,-0.09211140740394405
temporal,0.25,dynamic_catboost,sigmoid,MESOS,151,0.5827814569536424,0.19627460999179933,0.7352291059057883,0.7355699855699857,-0.7168392576347414,1.1208600169414393
temporal,0.25,dynamic_catboost,sigmoid,MULE,262,0.22519083969465647,0.14089971268072868,0.5468866013642719,0.785338565584036,-0.054396362259623625,1.198770552389569
temporal,0.25,dynamic_catboost,sigmoid,NEXUS,34,0.4411764705882353,0.24365032636692985,0.5674481249246359,0.6385964912280702,0.09815106431585785,0.5044434931325485
temporal,0.25,dynamic_catboost,sigmoid,TIDOC,105,0.6285714285714286,0.19252149880578726,0.7205826397078522,0.6835664335664335,-0.5471781732931188,1.021476285975195
temporal,0.25,dynamic_catboost,sigmoid,TIMOB,1047,0.6838586437440306,0.1047290582678476,0.9121147408899059,0.8739409103951123,-0.11312183082541064,1.0025435985626927
temporal,0.25,dynamic_catboost,sigmoid,TISTUD,85,0.4,0.12318496819185282,0.8329904663376535,0.9077277970011535,-0.060156602796762645,1.273381081917892
temporal,0.25,dynamic_catboost,sigmoid,XD,247,0.2550607287449393,0.15270072407305438,0.6134592451061915,0.8535196687370601,1.4467559080207206,1.669039464912432
temporal,0.25,dynamic_no_cohort,raw,APIKIT,38,0.3157894736842105,0.10969478732648283,0.8611245508304332,0.9262820512820513,-0.4481897336468127,0.6804830033518825
temporal,0.25,dynamic_no_cohort,raw,COMPASS,83,0.4819277108433735,0.12143620716663232,0.8191540908197862,0.8930232558139535,-0.5120543115832387,1.1362786101974995
temporal,0.25,dynamic_no_cohort,raw,CONFCLOUD,55,0.8363636363636363,0.08999658989040739,0.8970050597252279,0.7270531400966185,1.0244134775775493,0.7407170874879868
temporal,0.25,dynamic_no_cohort,raw,CONFSERVER,233,0.7725321888412017,0.14975914969258672,0.8833659091083352,0.7639412997903564,0.8780750057388763,0.652081654108153
temporal,0.25,dynamic_no_cohort,raw,DM,786,0.6119592875318066,0.16666633774443698,0.8704034145633899,0.8232030264817151,0.4798533974319783,0.7551614900879792
temporal,0.25,dynamic_no_cohort,raw,INDY,73,0.3972602739726027,0.23741742783592074,0.4851874984266064,0.6489028213166144,-0.34479751999702224,0.5505742850572508
temporal,0.25,dynamic_no_cohort,raw,IS,94,0.574468085106383,0.34096921754637866,0.5653227343046726,0.500925925925926,0.3099797152216637,0.016034653534935682
temporal,0.25,dynamic_no_cohort,raw,MESOS,151,0.5827814569536424,0.20447097197626585,0.665812684080141,0.6998556998556998,0.14964557600065914,0.5208887763901193
temporal,0.25,dynamic_no_cohort,raw,MULE,262,0.22519083969465647,0.14689550266100385,0.4741386294238211,0.7803289638473742,0.23229395184458027,0.9714586847710014
temporal,0.25,dynamic_no_cohort,raw,NEXUS,34,0.4411764705882353,0.2710115409357967,0.6174256521792754,0.6771929824561403,0.5951620247195382,0.4743826678684333
temporal,0.25,dynamic_no_cohort,raw,TIDOC,105,0.6285714285714286,0.2079820863688013,0.7182515860280545,0.657925407925408,0.251057869516511,0.48769850101291373
temporal,0.25,dynamic_no_cohort,raw,TIMOB,1047,0.6838586437440306,0.17151215083553567,0.9094801645944296,0.8611875305912335,1.5085676210003065,1.1067558818167673
temporal,0.25,dynamic_no_cohort,raw,TISTUD,85,0.4,0.12476187148153339,0.8637820161878662,0.9232987312572087,0.8924536771130334,1.4396433238886552
temporal,0.25,dynamic_no_cohort,raw,XD,247,0.2550607287449393,0.14097223442884158,0.657842150697947,0.8826777087646653,0.8791731785656619,1.0207803172437222
temporal,0.25,dynamic_no_cohort,sigmoid,APIKIT,38,0.3157894736842105,0.13286179323253666,0.8611245508304332,0.9262820512820513,1.5699807655540685,2.2843765095057464
temporal,0.25,dynamic_no_cohort,sigmoid,COMPASS,83,0.4819277108433735,0.12618115221867485,0.8191540908197862,0.8930232558139535,-0.5369209545789176,1.7015902875533602
temporal,0.25,dynamic_no_cohort,sigmoid,CONFCLOUD,55,0.8363636363636363,0.1206737066002554,0.8970050597252279,0.7270531400966185,0.8093307456275143,1.8289967613011466
temporal,0.25,dynamic_no_cohort,sigmoid,CONFSERVER,233,0.7725321888412017,0.1355964018128165,0.8833659091083352,0.7639412997903564,0.3391079292605069,1.2876185274387455
temporal,0.25,dynamic_no_cohort,sigmoid,DM,786,0.6119592875318066,0.15483449323313545,0.8704034145633899,0.8232030264817151,0.0015077539571936287,1.0384701915908898
temporal,0.25,dynamic_no_cohort,sigmoid,INDY,73,0.3972602739726027,0.23054852876869888,0.4851874984266064,0.6489028213166144,0.43675810659412184,1.2898400696761438
temporal,0.25,dynamic_no_cohort,sigmoid,IS,94,0.574468085106383,0.2924084707617552,0.5653227343046726,0.500925925925926,0.3625893512581888,0.10687476594566844
temporal,0.25,dynamic_no_cohort,sigmoid,MESOS,151,0.5827814569536424,0.1998063996594232,0.665812684080141,0.6998556998556998,-0.5190489514776807,1.055397018877768
temporal,0.25,dynamic_no_cohort,sigmoid,MULE,262,0.22519083969465647,0.1487794491005544,0.4741386294238211,0.7803289638473742,-0.34055740328995304,1.1481314172950812
temporal,0.25,dynamic_no_cohort,sigmoid,NEXUS,34,0.4411764705882353,0.24367017045268097,0.6174256521792754,0.6771929824561403,0.4746871163612924,0.6341643400399946
temporal,0.25,dynamic_no_cohort,sigmoid,TIDOC,105,0.6285714285714286,0.19585443864339777,0.7182515860280545,0.657925407925408,-0.2626859912763709,0.8251291575395757
temporal,0.25,dynamic_no_cohort,sigmoid,TIMOB,1047,0.6838586437440306,0.10591914449432441,0.9094801645944296,0.8611875305912335,-0.21951272048105058,1.0152169363044183
temporal,0.25,dynamic_no_cohort,sigmoid,TISTUD,85,0.4,0.11963449249589606,0.8637820161878662,0.9232987312572087,0.29921182907146016,2.06551644579451
temporal,0.25,dynamic_no_cohort,sigmoid,XD,247,0.2550607287449393,0.14819957704840733,0.657842150697947,0.8826777087646653,2.1630488691848027,2.276691466567962
temporal,0.25,frequency,raw,APIKIT,38,0.3157894736842105,0.21865979777786324,0.3157894736842105,0.5,,
temporal,0.25,frequency,raw,COMPASS,83,0.4819277108433735,0.2646157546854083,0.4819277108433735,0.5,,
temporal,0.25,frequency,raw,CONFCLOUD,55,0.8363636363636363,0.18673883770990396,0.8363636363636363,0.5,,
temporal,0.25,frequency,raw,CONFSERVER,233,0.7725321888412017,0.19810985822895574,0.7725321888412017,0.5,,
temporal,0.25,frequency,raw,DM,786,0.6119592875318066,0.24695427833745734,0.6119592875318066,0.5,,
temporal,0.25,frequency,raw,INDY,73,0.3972602739726027,0.25144072476722756,0.3972602739726027,0.5,,
temporal,0.25,frequency,raw,IS,94,0.574468085106383,0.25244001810774097,0.574468085106383,0.5,,
temporal,0.25,frequency,raw,MESOS,151,0.5827814569536424,0.24434567764104612,0.5827814569536424,0.5,,
temporal,0.25,frequency,raw,MULE,262,0.22519083969465647,0.17585078782763344,0.22519083969465647,0.5,,
temporal,0.25,frequency,raw,NEXUS,34,0.4411764705882353,0.2900133781578507,0.4411764705882353,0.5,,
temporal,0.25,frequency,raw,TIDOC,105,0.6285714285714286,0.30556170612792194,0.6285714285714286,0.5,,
temporal,0.25,frequency,raw,TIMOB,1047,0.6838586437440306,0.3386308246463003,0.6838586437440306,0.5,,
temporal,0.25,frequency,raw,TISTUD,85,0.4,0.2565007601295526,0.4,0.5,,
temporal,0.25,frequency,raw,XD,247,0.2550607287449393,0.1935044270800163,0.2550607287449393,0.5,,
temporal,0.25,frequency,sigmoid,APIKIT,38,0.3157894736842105,0.22455076026832413,0.3157894736842105,0.5,,
temporal,0.25,frequency,sigmoid,COMPASS,83,0.4819277108433735,0.2509797889039767,0.4819277108433735,0.5,,
temporal,0.25,frequency,sigmoid,CONFCLOUD,55,0.8363636363636363,0.14519007416341886,0.8363636363636363,0.5,,
temporal,0.25,frequency,sigmoid,CONFSERVER,233,0.7725321888412017,0.1757645184109742,0.7725321888412017,0.5,,
temporal,0.25,frequency,sigmoid,DM,786,0.6119592875318066,0.23812022600398133,0.6119592875318066,0.5,,
temporal,0.25,frequency,sigmoid,INDY,73,0.3972602739726027,0.240247168179473,0.3972602739726027,0.5,,
temporal,0.25,frequency,sigmoid,IS,94,0.574468085106383,0.2948414355849603,0.574468085106383,0.5,,
temporal,0.25,frequency,sigmoid,MESOS,151,0.5827814569536424,0.271092694104261,0.5827814569536424,0.5,,
temporal,0.25,frequency,sigmoid,MULE,262,0.22519083969465647,0.19476738718184222,0.22519083969465647,0.5,,
temporal,0.25,frequency,sigmoid,NEXUS,34,0.4411764705882353,0.2775838398265689,0.4411764705882353,0.5,,
temporal,0.25,frequency,sigmoid,TIDOC,105,0.6285714285714286,0.23857209524243891,0.6285714285714286,0.5,,
temporal,0.25,frequency,sigmoid,TIMOB,1047,0.6838586437440306,0.2169458731307702,0.6838586437440306,0.5,,
temporal,0.25,frequency,sigmoid,TISTUD,85,0.4,0.2471598377261648,0.4,0.5,,
temporal,0.25,frequency,sigmoid,XD,247,0.2550607287449393,0.19481721898205176,0.2550607287449393,0.5,,
temporal,0.25,static_catboost,raw,APIKIT,38,0.3157894736842105,0.15496847745690728,0.7269444239083708,0.8525641025641025,-0.6486935055237414,0.5423238005691594
temporal,0.25,static_catboost,raw,COMPASS,83,0.4819277108433735,0.16987087594129893,0.7713061230033954,0.8261627906976744,0.05264385292400171,0.7704823396135541
temporal,0.25,static_catboost,raw,CONFCLOUD,55,0.8363636363636363,0.2440841336849579,0.8426420085147485,0.4879227053140096,1.6315257499856675,-7.659032999736762e-07
temporal,0.25,static_catboost,raw,CONFSERVER,233,0.7725321888412017,0.21311277578275242,0.8526901079811239,0.630188679245283,1.0180861473617928,0.36624680387511854
temporal,0.25,static_catboost,raw,DM,786,0.6119592875318066,0.20603692963803943,0.8140470832356387,0.7265737364098019,0.25145427792278213,0.7049390550890021
temporal,0.25,static_catboost,raw,INDY,73,0.3972602739726027,0.25345823570100334,0.4869066390172686,0.5744514106583072,-0.38177900779254637,0.3234356977899661
temporal,0.25,static_catboost,raw,IS,94,0.574468085106383,0.3893484911514493,0.5375930403454043,0.4189814814814815,0.08545637514634549,-0.20729317785916535
temporal,0.25,static_catboost,raw,MESOS,151,0.5827814569536424,0.25410913921665446,0.7034509325272482,0.6051587301587302,0.08874404848756934,0.3752584596935597
temporal,0.25,static_catboost,raw,MULE,262,0.22519083969465647,0.16462603332976794,0.4051603027713494,0.6327961927026801,0.03296385798296803,0.800853601904419
temporal,0.25,static_catboost,raw,NEXUS,34,0.4411764705882353,0.312395215252013,0.4804095037851843,0.5087719298245614,-0.1592607389793708,0.05786745984185138
temporal,0.25,static_catboost,raw,TIDOC,105,0.6285714285714286,0.24858847404401618,0.6802161343495392,0.5813908313908314,0.2827516231699784,0.3029967549355847
temporal,0.25,static_catboost,raw,TIMOB,1047,0.6838586437440306,0.22598392177203735,0.8382728012631047,0.7595550135867272,1.2623674018364575,0.9188869912715982
temporal,0.25,static_catboost,raw,TISTUD,85,0.4,0.19473415151496562,0.6877738372744091,0.7505767012687428,-0.16072584411456886,0.9093209618814359
temporal,0.25,static_catboost,raw,XD,247,0.2550607287449393,0.19810633644153938,0.37212359218725494,0.632116977225673,-0.49167754902361877,0.3592552046490561
temporal,0.25,static_catboost,sigmoid,APIKIT,38,0.3157894736842105,0.16434581808871135,0.7269444239083708,0.8525641025641025,0.8162249444083287,1.6241785165684923
temporal,0.25,static_catboost,sigmoid,COMPASS,83,0.4819277108433735,0.16495918926700007,0.7713061230033954,0.8261627906976744,-0.13114474237299306,1.138427053162162
temporal,0.25,static_catboost,sigmoid,CONFCLOUD,55,0.8363636363636363,0.16611355786900733,0.8426420085147485,0.4879227053140096,1.6307918472822795,0.00041761416876813376
temporal,0.25,static_catboost,sigmoid,CONFSERVER,233,0.7725321888412017,0.17259700888010476,0.8526901079811239,0.630188679245283,-0.18077615876344053,1.445092008088066
temporal,0.25,static_catboost,sigmoid,DM,786,0.6119592875318066,0.1989546795202744,0.8140470832356387,0.7265737364098019,-0.0026577793327479363,1.0424263364463426
temporal,0.25,static_catboost,sigmoid,INDY,73,0.3972602739726027,0.23774195759490283,0.4869066390172686,0.5744514106583072,0.09866561725405183,0.8709390985988569
temporal,0.25,static_catboost,sigmoid,IS,94,0.574468085106383,0.30137583944743934,0.5375930403454043,0.4189814814814815,-0.6856488712720308,-1.5641137547937016
temporal,0.25,static_catboost,sigmoid,MESOS,151,0.5827814569536424,0.2675026200517261,0.7034509325272482,0.6051587301587302,-0.7644445069283612,0.9444190269194012
temporal,0.25,static_catboost,sigmoid,MULE,262,0.22519083969465647,0.17435905674607802,0.4051603027713494,0.6327961927026801,-0.029325614674949017,1.7365160553378725
temporal,0.25,static_catboost,sigmoid,NEXUS,34,0.4411764705882353,0.27387941754333406,0.4804095037851843,0.5087719298245614,0.5169742519129322,0.7758458862952606
temporal,0.25,static_catboost,sigmoid,TIDOC,105,0.6285714285714286,0.24022552191418325,0.6802161343495392,0.5813908313908314,-0.22933841666148222,0.5962545329328719
temporal,0.25,static_catboost,sigmoid,TIMOB,1047,0.6838586437440306,0.16001451367165678,0.8382728012631047,0.7595550135867272,0.15205541086641838,0.8231258261621135
temporal,0.25,static_catboost,sigmoid,TISTUD,85,0.4,0.20799479373998767,0.6877738372744091,0.7505767012687428,-0.16303944123978975,2.4696128770971786
temporal,0.25,static_catboost,sigmoid,XD,247,0.2550607287449393,0.18850874411270646,0.37212359218725494,0.632116977225673,1.0990064465420715,1.461326041470844
temporal,0.25,static_lr,raw,APIKIT,38,0.3157894736842105,0.162419474422493,0.7539936914936917,0.8557692307692308,-0.4936397465991183,0.6249479799395822
temporal,0.25,static_lr,raw,COMPASS,83,0.4819277108433735,0.1490025940504499,0.7493891576333701,0.8505813953488373,-0.5490984263329822,1.1016692351384167
temporal,0.25,static_lr,raw,CONFCLOUD,55,0.8363636363636363,0.21652418026598502,0.8288976442097533,0.4565217391304348,1.827854490714536,-0.10639038027321118
temporal,0.25,static_lr,raw,CONFSERVER,233,0.7725321888412017,0.1856623163780363,0.8642200141431764,0.6305031446540881,0.7429844578650379,0.3917026526838953
temporal,0.25,static_lr,raw,DM,786,0.6119592875318066,0.18774955337762858,0.837291630328688,0.7706008656828329,0.21417305004819617,1.1075223810733987
temporal,0.25,static_lr,raw,INDY,73,0.3972602739726027,0.2205195566450434,0.545419868251487,0.6567398119122257,0.14509654975602213,1.1485105600161303
temporal,0.25,static_lr,raw,IS,94,0.574468085106383,0.2941252244252921,0.6011038327223565,0.5425925925925926,0.30635535303235056,-0.028876158407235918
temporal,0.25,static_lr,raw,MESOS,151,0.5827814569536424,0.2807030643199205,0.5600473884178067,0.4646464646464646,0.4004954357491423,-0.11516736305793533
temporal,0.25,static_lr,raw,MULE,262,0.22519083969465647,0.15746672136773254,0.4311351886010711,0.7031810971027803,0.4889939534467048,1.4322429922168327
temporal,0.25,static_lr,raw,NEXUS,34,0.4411764705882353,0.23468839787597884,0.6598908583744131,0.7157894736842105,0.8874070635709218,1.0504073730041132
temporal,0.25,static_lr,raw,TIDOC,105,0.6285714285714286,0.24206013291944886,0.6505521954781888,0.5481740481740481,0.3915834501350137,0.34391864790345
temporal,0.25,static_lr,raw,TIMOB,1047,0.6838586437440306,0.18581509134275975,0.8552695962117494,0.7789456362132695,0.9006361050162243,0.9914379738668049
temporal,0.25,static_lr,raw,TISTUD,85,0.4,0.23304032236765462,0.5279918219315793,0.6839677047289503,-0.33274616308909627,0.28383712135419276
temporal,0.25,static_lr,raw,XD,247,0.2550607287449393,0.19280331931476505,0.34452584320357704,0.6620082815734989,-0.18394641263567432,0.4213574137210518
temporal,0.25,static_lr,sigmoid,APIKIT,38,0.3157894736842105,0.16790655930281698,0.7539936914936917,0.8557692307692308,1.1299807640085036,1.7665266350999225
temporal,0.25,static_lr,sigmoid,COMPASS,83,0.4819277108433735,0.15102651166643669,0.7493891576333701,0.8505813953488373,-0.6130084139303646,1.5222493295559043
temporal,0.25,static_lr,sigmoid,CONFCLOUD,55,0.8363636363636363,0.17718170685061643,0.8288976442097533,0.4565217391304348,2.292101796654009,-0.6536890619245717
temporal,0.25,static_lr,sigmoid,CONFSERVER,233,0.7725321888412017,0.17048372617193028,0.8642200141431764,0.6305031446540881,-3.790120764749951,4.208923127979427
temporal,0.25,static_lr,sigmoid,DM,786,0.6119592875318066,0.18892576697094599,0.837291630328688,0.7706008656828329,0.0725684893420498,1.4046137053044037
temporal,0.25,static_lr,sigmoid,INDY,73,0.3972602739726027,0.2319818553448507,0.545419868251487,0.6567398119122257,1.8066400651814376,3.4827610839645704
temporal,0.25,static_lr,sigmoid,IS,94,0.574468085106383,0.3185562301149812,0.6011038327223565,0.5425925925925926,0.2693497858170686,-0.0679568463558338
temporal,0.25,static_lr,sigmoid,MESOS,151,0.5827814569536424,0.2715719611067178,0.5600473884178067,0.4646464646464646,0.7667606625562078,-0.4101048282906041
temporal,0.25,static_lr,sigmoid,MULE,262,0.22519083969465647,0.18092067681735968,0.4311351886010711,0.7031810971027803,-0.08119960023970882,2.6339853922130505
temporal,0.25,static_lr,sigmoid,NEXUS,34,0.4411764705882353,0.23372128372210077,0.6598908583744131,0.7157894736842105,1.1026596149816523,1.4368353753393133
temporal,0.25,static_lr,sigmoid,TIDOC,105,0.6285714285714286,0.23717636096223282,0.6505521954781888,0.5481740481740481,-0.09369831236126785,0.534137949841026
temporal,0.25,static_lr,sigmoid,TIMOB,1047,0.6838586437440306,0.15436741560766867,0.8552695962117494,0.7789456362132695,-0.3091713381439266,0.9961739953091053
temporal,0.25,static_lr,sigmoid,TISTUD,85,0.4,0.2288782390963266,0.5279918219315793,0.6839677047289503,-0.3107248780319922,1.3993359164021015
temporal,0.25,static_lr,sigmoid,XD,247,0.2550607287449393,0.18574472632530978,0.34452584320357704,0.6620082815734989,1.1497814527968153,1.2344117174571896
temporal,0.5,business_rule,raw,APIKIT,38,0.3157894736842105,0.16538319676018465,0.49690020018967385,0.7852564102564102,-0.2724530421512284,0.6613760876613946
temporal,0.5,business_rule,raw,COMPASS,83,0.4819277108433735,0.09087584246139183,0.9523281308330246,0.9558139534883721,1.2149754427377164,0.9508597915969119
temporal,0.5,business_rule,raw,CONFCLOUD,55,0.8363636363636363,0.13692466282227705,0.9643351366847968,0.8719806763285025,1.7050127917987652,2.184502295407559
temporal,0.5,business_rule,raw,CONFSERVER,233,0.7725321888412017,0.15832074831489582,0.9235938561925351,0.8307651991614255,1.406229631730374,1.8960393126874489
temporal,0.5,business_rule,raw,DM,786,0.6119592875318066,0.14401494806377746,0.8355217559645121,0.8238948911080058,0.4755100682590009,0.9759482513141106
temporal,0.5,business_rule,raw,INDY,73,0.3972602739726027,0.17265065569753194,0.7341627719657946,0.8032915360501567,-0.6295396923257459,1.8434083374908223
temporal,0.5,business_rule,raw,IS,94,0.574468085106383,0.19128380661535385,0.7512666787241796,0.7252314814814815,0.4148390582937609,0.6888948758236897
temporal,0.5,business_rule,raw,MESOS,151,0.5827814569536424,0.16503675848060875,0.7950694314538654,0.8120490620490621,-0.391331146782004,2.7815354736998397
temporal,0.5,business_rule,raw,MULE,262,0.22519083969465647,0.1651174325928626,0.42365576490592183,0.8168155631627285,-0.8681929741287673,0.7174419379881829
temporal,0.5,business_rule,raw,NEXUS,34,0.4411764705882353,0.17549924135983352,0.6356525675707261,0.7052631578947369,0.10305613930606859,0.9253382378322583
temporal,0.5,business_rule,raw,TIDOC,105,0.6285714285714286,0.18009867723406944,0.7222015696518527,0.7024087024087025,0.789856961602054,0.9065019841048007
temporal,0.5,business_rule,raw,TIMOB,1047,0.6838586437440306,0.12498527586754664,0.8910293450472717,0.8796983915340343,1.1130765977940722,1.534731714784534
temporal,0.5,business_rule,raw,TISTUD,85,0.4,0.11138545671978477,0.7886876535996385,0.8933102652825836,-0.015620591284970241,1.1732663688160583
temporal,0.5,business_rule,raw,XD,247,0.2550607287449393,0.11361526612400548,0.6090686494751671,0.9017425810904072,-0.2407384912694501,0.8110237625121277
temporal,0.5,business_rule,sigmoid,APIKIT,38,0.3157894736842105,0.1936088057786111,0.49690020018967385,0.7852564102564102,0.9550285953010754,0.9874026308595325
temporal,0.5,business_rule,sigmoid,COMPASS,83,0.4819277108433735,0.07837871687683366,0.9523281308330246,0.9558139534883721,0.6586486514711637,0.9708885961962747
temporal,0.5,business_rule,sigmoid,CONFCLOUD,55,0.8363636363636363,0.05217562385773529,0.9643351366847968,0.8719806763285025,-1.7634246330332528,2.107338797992687
temporal,0.5,business_rule,sigmoid,CONFSERVER,233,0.7725321888412017,0.08609995417414004,0.9235938561925351,0.8307651991614255,-1.0732921952430214,1.3882767818412354
temporal,0.5,business_rule,sigmoid,DM,786,0.6119592875318066,0.13649414354697922,0.8355217559645121,0.8238948911080058,-0.0881424143179428,1.2070142869726999
temporal,0.5,business_rule,sigmoid,INDY,73,0.3972602739726027,0.17618512559854507,0.7341627719657946,0.8032915360501567,0.6924331381471718,2.3666777385816187
temporal,0.5,business_rule,sigmoid,IS,94,0.574468085106383,0.2414803383316695,0.7512666787241796,0.7252314814814815,0.997276280443813,0.764913087162222
temporal,0.5,business_rule,sigmoid,MESOS,151,0.5827814569536424,0.17019591166432205,0.7950694314538654,0.8120490620490621,-3.159303327455455,2.4717131431725403
temporal,0.5,business_rule,sigmoid,MULE,262,0.22519083969465647,0.1478426361196105,0.42365576490592183,0.8168155631627285,-0.6535490353523711,1.081437654168643
temporal,0.5,business_rule,sigmoid,NEXUS,34,0.4411764705882353,0.19267433103792608,0.6356525675707261,0.7052631578947369,0.2652335218999407,0.37877162099095213
temporal,0.5,business_rule,sigmoid,TIDOC,105,0.6285714285714286,0.1545635740149913,0.7222015696518527,0.7024087024087025,0.2309065327392689,0.6844612037495652
temporal,0.5,business_rule,sigmoid,TIMOB,1047,0.6838586437440306,0.0832175159072556,0.8910293450472717,0.8796983915340343,0.07782943026392614,1.2110671855367032
temporal,0.5,business_rule,sigmoid,TISTUD,85,0.4,0.11303978214712058,0.7886876535996385,0.8933102652825836,-0.10487036586432129,1.6418416360117194
temporal,0.5,business_rule,sigmoid,XD,247,0.2550607287449393,0.15277687244501256,0.6090686494751671,0.9017425810904072,1.6065086052584383,1.4870707589362493
temporal,0.5,dynamic_catboost,raw,APIKIT,38,0.3157894736842105,0.08251074191505359,0.9068753006253006,0.9551282051282051,-0.7595101228320353,0.8304358567663283
temporal,0.5,dynamic_catboost,raw,COMPASS,83,0.4819277108433735,0.051142906080661694,0.9806416635299742,0.9819767441860465,0.49508787294013207,1.0163938374175057
temporal,0.5,dynamic_catboost,raw,CONFCLOUD,55,0.8363636363636363,0.0803313278963982,0.879582021582712,0.7246376811594204,0.8743455358615783,0.5432665131920924
temporal,0.5,dynamic_catboost,raw,CONFSERVER,233,0.7725321888412017,0.10768269723876625,0.9038925815490999,0.8122641509433962,0.7191253616867245,0.7267353532023146
temporal,0.5,dynamic_catboost,raw,DM,786,0.6119592875318066,0.13517044572597825,0.900796445802313,0.8725162741556185,0.5431802043375017,0.8140722892671516
temporal,0.5,dynamic_catboost,raw,INDY,73,0.3972602739726027,0.18154519317959375,0.6939653371195035,0.8205329153605015,-0.7110623943327327,1.0387521257213035
temporal,0.5,dynamic_catboost,raw,IS,94,0.574468085106383,0.2666059732702735,0.7352587241175546,0.65,0.2990170719511608,0.23452032371472448
temporal,0.5,dynamic_catboost,raw,MESOS,151,0.5827814569536424,0.16523394057114543,0.7438124182307408,0.7738095238095238,-0.20371360358865134,0.599522053112733
temporal,0.5,dynamic_catboost,raw,MULE,262,0.22519083969465647,0.11505162025100023,0.6886119667404639,0.8762210904233114,0.1726157059805587,1.0602471691631574
temporal,0.5,dynamic_catboost,raw,NEXUS,34,0.4411764705882353,0.2511246348695134,0.6850226691467101,0.7192982456140351,0.25174266209375873,0.42575632767475124
temporal,0.5,dynamic_catboost,raw,TIDOC,105,0.6285714285714286,0.15952473652110744,0.8378360748296797,0.803030303030303,-0.31361645327624327,0.6435626403060996
temporal,0.5,dynamic_catboost,raw,TIMOB,1047,0.6838586437440306,0.1129875101647045,0.9402720938527963,0.9194079224965822,1.2601701142030388,1.2505567631973775
temporal,0.5,dynamic_catboost,raw,TISTUD,85,0.4,0.117627577682433,0.815879847809121,0.9019607843137255,0.035966263907120335,0.9856493549678681
temporal,0.5,dynamic_catboost,raw,XD,247,0.2550607287449393,0.12542906690862116,0.6673053863816063,0.8986369910282952,0.737197854056223,0.979162805708286
temporal,0.5,dynamic_catboost,sigmoid,APIKIT,38,0.3157894736842105,0.09123337340159703,0.9068753006253006,0.9551282051282051,0.9766260620065691,1.8681009000432107
temporal,0.5,dynamic_catboost,sigmoid,COMPASS,83,0.4819277108433735,0.051809942275006335,0.9806416635299742,0.9819767441860465,0.3246942031855483,1.1348889692081812
temporal,0.5,dynamic_catboost,sigmoid,CONFCLOUD,55,0.8363636363636363,0.09681462074154894,0.879582021582712,0.7246376811594204,0.9845380787212485,0.8882559127998734
temporal,0.5,dynamic_catboost,sigmoid,CONFSERVER,233,0.7725321888412017,0.10005035858273495,0.9038925815490999,0.8122641509433962,0.16721616567563963,1.1488737975140533
temporal,0.5,dynamic_catboost,sigmoid,DM,786,0.6119592875318066,0.12481486274272889,0.900796445802313,0.8725162741556185,-0.12304501168684935,1.06137292350227
temporal,0.5,dynamic_catboost,sigmoid,INDY,73,0.3972602739726027,0.17454286617133954,0.6939653371195035,0.8205329153605015,0.09937481702999303,1.4258399914247462
temporal,0.5,dynamic_catboost,sigmoid,IS,94,0.574468085106383,0.25822491046115786,0.7352587241175546,0.65,0.5554422802927739,0.620853260884307
temporal,0.5,dynamic_catboost,sigmoid,MESOS,151,0.5827814569536424,0.16926135343979326,0.7438124182307408,0.7738095238095238,-0.6504450565914975,0.8146971478484542
temporal,0.5,dynamic_catboost,sigmoid,MULE,262,0.22519083969465647,0.11462053884461167,0.6886119667404639,0.8762210904233114,0.08351624192484339,1.2221134826744822
temporal,0.5,dynamic_catboost,sigmoid,NEXUS,34,0.4411764705882353,0.22105759157159727,0.6850226691467101,0.7192982456140351,-0.18271445194100866,0.5509901185295055
temporal,0.5,dynamic_catboost,sigmoid,TIDOC,105,0.6285714285714286,0.1472696609662341,0.8378360748296797,0.803030303030303,-0.6878195277738938,1.2685690918549615
temporal,0.5,dynamic_catboost,sigmoid,TIMOB,1047,0.6838586437440306,0.07847623869922954,0.9402720938527963,0.9194079224965822,0.07721550083632422,1.1299621419157941
temporal,0.5,dynamic_catboost,sigmoid,TISTUD,85,0.4,0.11701778046434169,0.815879847809121,0.9019607843137255,0.031278466649563505,1.3653597695828958
temporal,0.5,dynamic_catboost,sigmoid,XD,247,0.2550607287449393,0.13032162545541134,0.6673053863816063,0.8986369910282952,1.4054260375583092,1.6543288370514961
temporal,0.5,dynamic_no_cohort,raw,APIKIT,38,0.3157894736842105,0.09070789410830078,0.8184715260373155,0.9358974358974359,-0.8587522569636065,0.7594395717403263
temporal,0.5,dynamic_no_cohort,raw,COMPASS,83,0.4819277108433735,0.049337167057529566,0.9835042162808197,0.9796511627906976,0.4748237090385138,0.9740169240885238
temporal,0.5,dynamic_no_cohort,raw,CONFCLOUD,55,0.8363636363636363,0.07869715708179569,0.9234335498210953,0.7777777777777779,1.05939478845419,0.6587864064051705
temporal,0.5,dynamic_no_cohort,raw,CONFSERVER,233,0.7725321888412017,0.11355358570649789,0.9109980278324447,0.8283018867924529,0.9176164529353863,0.760033496142718
temporal,0.5,dynamic_no_cohort,raw,DM,786,0.6119592875318066,0.14800622647899617,0.8872695127751505,0.8573668245799394,0.6673824523995038,0.7107313133669669
temporal,0.5,dynamic_no_cohort,raw,INDY,73,0.3972602739726027,0.17769266817807716,0.7193736224625239,0.8330721003134797,-0.7127841087787536,1.0528167458884694
temporal,0.5,dynamic_no_cohort,raw,IS,94,0.574468085106383,0.26814904111739113,0.6952530402772591,0.625925925925926,0.26834501565487234,0.2653950627613553
temporal,0.5,dynamic_no_cohort,raw,MESOS,151,0.5827814569536424,0.16480348858495059,0.7717099635726098,0.7786796536796536,0.06869490935690827,0.5867146215475262
temporal,0.5,dynamic_no_cohort,raw,MULE,262,0.22519083969465647,0.10682200122060798,0.7312162798377179,0.890206228604826,0.40200968044660274,1.2790689307555587
temporal,0.5,dynamic_no_cohort,raw,NEXUS,34,0.4411764705882353,0.22230549428282778,0.7230934098581157,0.7614035087719297,0.6031827455323132,0.5657779482740386
temporal,0.5,dynamic_no_cohort,raw,TIDOC,105,0.6285714285714286,0.16326243704430105,0.8237928098132032,0.7909867909867909,-0.08808643240818026,0.613089351044417
temporal,0.5,dynamic_no_cohort,raw,TIMOB,1047,0.6838586437440306,0.13809503495057485,0.9336436152162266,0.9053865888031866,1.5478319285110398,1.1801187258187735
temporal,0.5,dynamic_no_cohort,raw,TISTUD,85,0.4,0.10700111327719873,0.893612105286904,0.9377162629757785,0.7732178864366581,1.3914613417942527
temporal,0.5,dynamic_no_cohort,raw,XD,247,0.2550607287449393,0.1268685055171244,0.7390803202093053,0.9196859903381642,1.336960246650332,1.1585127742165298
temporal,0.5,dynamic_no_cohort,sigmoid,APIKIT,38,0.3157894736842105,0.09721552514757684,0.8184715260373155,0.9358974358974359,0.8636330555167943,1.7785547410464553
temporal,0.5,dynamic_no_cohort,sigmoid,COMPASS,83,0.4819277108433735,0.051710512032808346,0.9835042162808197,0.9796511627906976,0.2887647584732711,1.175180604175569
temporal,0.5,dynamic_no_cohort,sigmoid,CONFCLOUD,55,0.8363636363636363,0.08272795335435437,0.9234335498210953,0.7777777777777779,0.6688843141110072,1.2147770452216025
temporal,0.5,dynamic_no_cohort,sigmoid,CONFSERVER,233,0.7725321888412017,0.10004619207689888,0.9109980278324447,0.8283018867924529,0.2301291154382168,1.2271297448134293
temporal,0.5,dynamic_no_cohort,sigmoid,DM,786,0.6119592875318066,0.1303423305843456,0.8872695127751505,0.8573668245799394,-0.219729255743287,1.0794280643279337
temporal,0.5,dynamic_no_cohort,sigmoid,INDY,73,0.3972602739726027,0.1765355920824016,0.7193736224625239,0.8330721003134797,0.6376603374951584,1.769436392382702
temporal,0.5,dynamic_no_cohort,sigmoid,IS,94,0.574468085106383,0.2609819392873246,0.6952530402772591,0.625925925925926,0.5894695234291937,0.6907541126147162
temporal,0.5,dynamic_no_cohort,sigmoid,MESOS,151,0.5827814569536424,0.1645761192890679,0.7717099635726098,0.7786796536796536,-0.460403856548243,0.8303566727690914
temporal,0.5,dynamic_no_cohort,sigmoid,MULE,262,0.22519083969465647,0.11150454592061373,0.7312162798377179,0.890206228604826,-0.3447268933796866,1.4659333539325627
temporal,0.5,dynamic_no_cohort,sigmoid,NEXUS,34,0.4411764705882353,0.19332765365821758,0.7230934098581157,0.7614035087719297,0.046105669048908476,0.7564855950488977
temporal,0.5,dynamic_no_cohort,sigmoid,TIDOC,105,0.6285714285714286,0.15261746711304078,0.8237928098132032,0.7909867909867909,-0.6726415093789878,1.2534997624315658
temporal,0.5,dynamic_no_cohort,sigmoid,TIMOB,1047,0.6838586437440306,0.08484803161811508,0.9336436152162266,0.9053865888031866,0.21102259837580858,1.0882023765597575
temporal,0.5,dynamic_no_cohort,sigmoid,TISTUD,85,0.4,0.10623641351746665,0.893612105286904,0.9377162629757785,0.485977951538314,1.9646556959933663
temporal,0.5,dynamic_no_cohort,sigmoid,XD,247,0.2550607287449393,0.12208507711654201,0.7390803202093053,0.9196859903381642,1.5112349933460827,1.6668417386874819
temporal,0.5,frequency,raw,APIKIT,38,0.3157894736842105,0.21865979777786324,0.3157894736842105,0.5,,
temporal,0.5,frequency,raw,COMPASS,83,0.4819277108433735,0.2646157546854083,0.4819277108433735,0.5,,
temporal,0.5,frequency,raw,CONFCLOUD,55,0.8363636363636363,0.18673883770990396,0.8363636363636363,0.5,,
temporal,0.5,frequency,raw,CONFSERVER,233,0.7725321888412017,0.19810985822895574,0.7725321888412017,0.5,,
temporal,0.5,frequency,raw,DM,786,0.6119592875318066,0.24695427833745734,0.6119592875318066,0.5,,
temporal,0.5,frequency,raw,INDY,73,0.3972602739726027,0.25144072476722756,0.3972602739726027,0.5,,
temporal,0.5,frequency,raw,IS,94,0.574468085106383,0.25244001810774097,0.574468085106383,0.5,,
temporal,0.5,frequency,raw,MESOS,151,0.5827814569536424,0.24434567764104612,0.5827814569536424,0.5,,
temporal,0.5,frequency,raw,MULE,262,0.22519083969465647,0.17585078782763344,0.22519083969465647,0.5,,
temporal,0.5,frequency,raw,NEXUS,34,0.4411764705882353,0.2900133781578507,0.4411764705882353,0.5,,
temporal,0.5,frequency,raw,TIDOC,105,0.6285714285714286,0.30556170612792194,0.6285714285714286,0.5,,
temporal,0.5,frequency,raw,TIMOB,1047,0.6838586437440306,0.3386308246463003,0.6838586437440306,0.5,,
temporal,0.5,frequency,raw,TISTUD,85,0.4,0.2565007601295526,0.4,0.5,,
temporal,0.5,frequency,raw,XD,247,0.2550607287449393,0.1935044270800163,0.2550607287449393,0.5,,
temporal,0.5,frequency,sigmoid,APIKIT,38,0.3157894736842105,0.22455076026832413,0.3157894736842105,0.5,,
temporal,0.5,frequency,sigmoid,COMPASS,83,0.4819277108433735,0.2509797889039767,0.4819277108433735,0.5,,
temporal,0.5,frequency,sigmoid,CONFCLOUD,55,0.8363636363636363,0.14519007416341886,0.8363636363636363,0.5,,
temporal,0.5,frequency,sigmoid,CONFSERVER,233,0.7725321888412017,0.1757645184109742,0.7725321888412017,0.5,,
temporal,0.5,frequency,sigmoid,DM,786,0.6119592875318066,0.23812022600398133,0.6119592875318066,0.5,,
temporal,0.5,frequency,sigmoid,INDY,73,0.3972602739726027,0.240247168179473,0.3972602739726027,0.5,,
temporal,0.5,frequency,sigmoid,IS,94,0.574468085106383,0.2948414355849603,0.574468085106383,0.5,,
temporal,0.5,frequency,sigmoid,MESOS,151,0.5827814569536424,0.271092694104261,0.5827814569536424,0.5,,
temporal,0.5,frequency,sigmoid,MULE,262,0.22519083969465647,0.19476738718184222,0.22519083969465647,0.5,,
temporal,0.5,frequency,sigmoid,NEXUS,34,0.4411764705882353,0.2775838398265689,0.4411764705882353,0.5,,
temporal,0.5,frequency,sigmoid,TIDOC,105,0.6285714285714286,0.23857209524243891,0.6285714285714286,0.5,,
temporal,0.5,frequency,sigmoid,TIMOB,1047,0.6838586437440306,0.2169458731307702,0.6838586437440306,0.5,,
temporal,0.5,frequency,sigmoid,TISTUD,85,0.4,0.2471598377261648,0.4,0.5,,
temporal,0.5,frequency,sigmoid,XD,247,0.2550607287449393,0.19481721898205176,0.2550607287449393,0.5,,
temporal,0.5,static_catboost,raw,APIKIT,38,0.3157894736842105,0.15496847745690728,0.7269444239083708,0.8525641025641025,-0.6486935055237414,0.5423238005691594
temporal,0.5,static_catboost,raw,COMPASS,83,0.4819277108433735,0.16987087594129893,0.7713061230033954,0.8261627906976744,0.05264385292400171,0.7704823396135541
temporal,0.5,static_catboost,raw,CONFCLOUD,55,0.8363636363636363,0.2440841336849579,0.8426420085147485,0.4879227053140096,1.6315257499856675,-7.659032999736762e-07
temporal,0.5,static_catboost,raw,CONFSERVER,233,0.7725321888412017,0.21311277578275242,0.8526901079811239,0.630188679245283,1.0180861473617928,0.36624680387511854
temporal,0.5,static_catboost,raw,DM,786,0.6119592875318066,0.20603692963803943,0.8140470832356387,0.7265737364098019,0.25145427792278213,0.7049390550890021
temporal,0.5,static_catboost,raw,INDY,73,0.3972602739726027,0.25345823570100334,0.4869066390172686,0.5744514106583072,-0.38177900779254637,0.3234356977899661
temporal,0.5,static_catboost,raw,IS,94,0.574468085106383,0.3893484911514493,0.5375930403454043,0.4189814814814815,0.08545637514634549,-0.20729317785916535
temporal,0.5,static_catboost,raw,MESOS,151,0.5827814569536424,0.25410913921665446,0.7034509325272482,0.6051587301587302,0.08874404848756934,0.3752584596935597
temporal,0.5,static_catboost,raw,MULE,262,0.22519083969465647,0.16462603332976794,0.4051603027713494,0.6327961927026801,0.03296385798296803,0.800853601904419
temporal,0.5,static_catboost,raw,NEXUS,34,0.4411764705882353,0.312395215252013,0.4804095037851843,0.5087719298245614,-0.1592607389793708,0.05786745984185138
temporal,0.5,static_catboost,raw,TIDOC,105,0.6285714285714286,0.24858847404401618,0.6802161343495392,0.5813908313908314,0.2827516231699784,0.3029967549355847
temporal,0.5,static_catboost,raw,TIMOB,1047,0.6838586437440306,0.22598392177203735,0.8382728012631047,0.7595550135867272,1.2623674018364575,0.9188869912715982
temporal,0.5,static_catboost,raw,TISTUD,85,0.4,0.19473415151496562,0.6877738372744091,0.7505767012687428,-0.16072584411456886,0.9093209618814359
temporal,0.5,static_catboost,raw,XD,247,0.2550607287449393,0.19810633644153938,0.37212359218725494,0.632116977225673,-0.49167754902361877,0.3592552046490561
temporal,0.5,static_catboost,sigmoid,APIKIT,38,0.3157894736842105,0.16434581808871135,0.7269444239083708,0.8525641025641025,0.8162249444083287,1.6241785165684923
temporal,0.5,static_catboost,sigmoid,COMPASS,83,0.4819277108433735,0.16495918926700007,0.7713061230033954,0.8261627906976744,-0.13114474237299306,1.138427053162162
temporal,0.5,static_catboost,sigmoid,CONFCLOUD,55,0.8363636363636363,0.16611355786900733,0.8426420085147485,0.4879227053140096,1.6307918472822795,0.00041761416876813376
temporal,0.5,static_catboost,sigmoid,CONFSERVER,233,0.7725321888412017,0.17259700888010476,0.8526901079811239,0.630188679245283,-0.18077615876344053,1.445092008088066
temporal,0.5,static_catboost,sigmoid,DM,786,0.6119592875318066,0.1989546795202744,0.8140470832356387,0.7265737364098019,-0.0026577793327479363,1.0424263364463426
temporal,0.5,static_catboost,sigmoid,INDY,73,0.3972602739726027,0.23774195759490283,0.4869066390172686,0.5744514106583072,0.09866561725405183,0.8709390985988569
temporal,0.5,static_catboost,sigmoid,IS,94,0.574468085106383,0.30137583944743934,0.5375930403454043,0.4189814814814815,-0.6856488712720308,-1.5641137547937016
temporal,0.5,static_catboost,sigmoid,MESOS,151,0.5827814569536424,0.2675026200517261,0.7034509325272482,0.6051587301587302,-0.7644445069283612,0.9444190269194012
temporal,0.5,static_catboost,sigmoid,MULE,262,0.22519083969465647,0.17435905674607802,0.4051603027713494,0.6327961927026801,-0.029325614674949017,1.7365160553378725
temporal,0.5,static_catboost,sigmoid,NEXUS,34,0.4411764705882353,0.27387941754333406,0.4804095037851843,0.5087719298245614,0.5169742519129322,0.7758458862952606
temporal,0.5,static_catboost,sigmoid,TIDOC,105,0.6285714285714286,0.24022552191418325,0.6802161343495392,0.5813908313908314,-0.22933841666148222,0.5962545329328719
temporal,0.5,static_catboost,sigmoid,TIMOB,1047,0.6838586437440306,0.16001451367165678,0.8382728012631047,0.7595550135867272,0.15205541086641838,0.8231258261621135
temporal,0.5,static_catboost,sigmoid,TISTUD,85,0.4,0.20799479373998767,0.6877738372744091,0.7505767012687428,-0.16303944123978975,2.4696128770971786
temporal,0.5,static_catboost,sigmoid,XD,247,0.2550607287449393,0.18850874411270646,0.37212359218725494,0.632116977225673,1.0990064465420715,1.461326041470844
temporal,0.5,static_lr,raw,APIKIT,38,0.3157894736842105,0.162419474422493,0.7539936914936917,0.8557692307692308,-0.4936397465991183,0.6249479799395822
temporal,0.5,static_lr,raw,COMPASS,83,0.4819277108433735,0.1490025940504499,0.7493891576333701,0.8505813953488373,-0.5490984263329822,1.1016692351384167
temporal,0.5,static_lr,raw,CONFCLOUD,55,0.8363636363636363,0.21652418026598502,0.8288976442097533,0.4565217391304348,1.827854490714536,-0.10639038027321118
temporal,0.5,static_lr,raw,CONFSERVER,233,0.7725321888412017,0.1856623163780363,0.8642200141431764,0.6305031446540881,0.7429844578650379,0.3917026526838953
temporal,0.5,static_lr,raw,DM,786,0.6119592875318066,0.18774955337762858,0.837291630328688,0.7706008656828329,0.21417305004819617,1.1075223810733987
temporal,0.5,static_lr,raw,INDY,73,0.3972602739726027,0.2205195566450434,0.545419868251487,0.6567398119122257,0.14509654975602213,1.1485105600161303
temporal,0.5,static_lr,raw,IS,94,0.574468085106383,0.2941252244252921,0.6011038327223565,0.5425925925925926,0.30635535303235056,-0.028876158407235918
temporal,0.5,static_lr,raw,MESOS,151,0.5827814569536424,0.2807030643199205,0.5600473884178067,0.4646464646464646,0.4004954357491423,-0.11516736305793533
temporal,0.5,static_lr,raw,MULE,262,0.22519083969465647,0.15746672136773254,0.4311351886010711,0.7031810971027803,0.4889939534467048,1.4322429922168327
temporal,0.5,static_lr,raw,NEXUS,34,0.4411764705882353,0.23468839787597884,0.6598908583744131,0.7157894736842105,0.8874070635709218,1.0504073730041132
temporal,0.5,static_lr,raw,TIDOC,105,0.6285714285714286,0.24206013291944886,0.6505521954781888,0.5481740481740481,0.3915834501350137,0.34391864790345
temporal,0.5,static_lr,raw,TIMOB,1047,0.6838586437440306,0.18581509134275975,0.8552695962117494,0.7789456362132695,0.9006361050162243,0.9914379738668049
temporal,0.5,static_lr,raw,TISTUD,85,0.4,0.23304032236765462,0.5279918219315793,0.6839677047289503,-0.33274616308909627,0.28383712135419276
temporal,0.5,static_lr,raw,XD,247,0.2550607287449393,0.19280331931476505,0.34452584320357704,0.6620082815734989,-0.18394641263567432,0.4213574137210518
temporal,0.5,static_lr,sigmoid,APIKIT,38,0.3157894736842105,0.16790655930281698,0.7539936914936917,0.8557692307692308,1.1299807640085036,1.7665266350999225
temporal,0.5,static_lr,sigmoid,COMPASS,83,0.4819277108433735,0.15102651166643669,0.7493891576333701,0.8505813953488373,-0.6130084139303646,1.5222493295559043
temporal,0.5,static_lr,sigmoid,CONFCLOUD,55,0.8363636363636363,0.17718170685061643,0.8288976442097533,0.4565217391304348,2.292101796654009,-0.6536890619245717
temporal,0.5,static_lr,sigmoid,CONFSERVER,233,0.7725321888412017,0.17048372617193028,0.8642200141431764,0.6305031446540881,-3.790120764749951,4.208923127979427
temporal,0.5,static_lr,sigmoid,DM,786,0.6119592875318066,0.18892576697094599,0.837291630328688,0.7706008656828329,0.0725684893420498,1.4046137053044037
temporal,0.5,static_lr,sigmoid,INDY,73,0.3972602739726027,0.2319818553448507,0.545419868251487,0.6567398119122257,1.8066400651814376,3.4827610839645704
temporal,0.5,static_lr,sigmoid,IS,94,0.574468085106383,0.3185562301149812,0.6011038327223565,0.5425925925925926,0.2693497858170686,-0.0679568463558338
temporal,0.5,static_lr,sigmoid,MESOS,151,0.5827814569536424,0.2715719611067178,0.5600473884178067,0.4646464646464646,0.7667606625562078,-0.4101048282906041
temporal,0.5,static_lr,sigmoid,MULE,262,0.22519083969465647,0.18092067681735968,0.4311351886010711,0.7031810971027803,-0.08119960023970882,2.6339853922130505
temporal,0.5,static_lr,sigmoid,NEXUS,34,0.4411764705882353,0.23372128372210077,0.6598908583744131,0.7157894736842105,1.1026596149816523,1.4368353753393133
temporal,0.5,static_lr,sigmoid,TIDOC,105,0.6285714285714286,0.23717636096223282,0.6505521954781888,0.5481740481740481,-0.09369831236126785,0.534137949841026
temporal,0.5,static_lr,sigmoid,TIMOB,1047,0.6838586437440306,0.15436741560766867,0.8552695962117494,0.7789456362132695,-0.3091713381439266,0.9961739953091053
temporal,0.5,static_lr,sigmoid,TISTUD,85,0.4,0.2288782390963266,0.5279918219315793,0.6839677047289503,-0.3107248780319922,1.3993359164021015
temporal,0.5,static_lr,sigmoid,XD,247,0.2550607287449393,0.18574472632530978,0.34452584320357704,0.6620082815734989,1.1497814527968153,1.2344117174571896
temporal,0.75,business_rule,raw,APIKIT,38,0.3157894736842105,0.13590497728444295,0.6081696693829047,0.8685897435897436,-0.24344318598114822,0.6257626002245631
temporal,0.75,business_rule,raw,COMPASS,83,0.4819277108433735,0.05664550429524049,0.9823045724411638,0.9831395348837209,2.5934906943487324,1.3911120483042914
temporal,0.75,business_rule,raw,CONFCLOUD,55,0.8363636363636363,0.11774246529589757,0.9675637134600843,0.9106280193236714,2.88010197322794,1.5880396284166116
temporal,0.75,business_rule,raw,CONFSERVER,233,0.7725321888412017,0.14933679859883048,0.943691659794145,0.8803983228511532,2.0727711607534673,1.219118493183628
temporal,0.75,business_rule,raw,DM,786,0.6119592875318066,0.08814641345418783,0.9450215950240431,0.9373811390204834,0.7339056554820155,1.4046139267474784
temporal,0.75,business_rule,raw,INDY,73,0.3972602739726027,0.15835864838289887,0.7076563876937663,0.8181818181818181,-0.29003649499656975,1.0960193134768506
temporal,0.75,business_rule,raw,IS,94,0.574468085106383,0.18541249492047043,0.7136068605124241,0.7159722222222222,0.4540404498528744,0.6512997832587762
temporal,0.75,business_rule,raw,MESOS,151,0.5827814569536424,0.13132880005848327,0.8598489742216551,0.8749098124098125,-0.5245044010027404,2.574863648775784
temporal,0.75,business_rule,raw,MULE,262,0.22519083969465647,0.09519700086131375,0.626480748357863,0.9140853302162478,-0.47146826016713345,1.1232360403259405
temporal,0.75,business_rule,raw,NEXUS,34,0.4411764705882353,0.10068674097509848,0.9198958448958447,0.9543859649122807,0.8473597606019219,2.4065421118307975
temporal,0.75,business_rule,raw,TIDOC,105,0.6285714285714286,0.14597128257282263,0.8339652291816345,0.8479020979020979,1.4042113752230787,0.9659738830439561
temporal,0.75,business_rule,raw,TIMOB,1047,0.6838586437440306,0.08224735558214906,0.9553612665153295,0.9565309119141251,1.888457409420442,1.4794001842934794
temporal,0.75,business_rule,raw,TISTUD,85,0.4,0.07765992190295472,0.7975869345139434,0.9273356401384083,0.8598771045649738,1.13451005997226
temporal,0.75,business_rule,raw,XD,247,0.2550607287449393,0.06973249521536566,0.7780220840931777,0.9507418909592822,0.3605401474126148,1.0861254713678399
temporal,0.75,business_rule,sigmoid,APIKIT,38,0.3157894736842105,0.139227332393,0.6081696693829047,0.8685897435897436,-0.002903794528514442,0.49765257645322153
temporal,0.75,business_rule,sigmoid,COMPASS,83,0.4819277108433735,0.025519275893275097,0.9823045724411638,0.9831395348837209,1.2883476222212704,1.0800917764119122
temporal,0.75,business_rule,sigmoid,CONFCLOUD,55,0.8363636363636363,0.019607055426672865,0.9675637134600843,0.9106280193236714,0.670566523280327,1.0165750635808186
temporal,0.75,business_rule,sigmoid,CONFSERVER,233,0.7725321888412017,0.059794248040693235,0.943691659794145,0.8803983228511532,0.22935691274075182,0.8745265002427989
temporal,0.75,business_rule,sigmoid,DM,786,0.6119592875318066,0.07330765879756115,0.9450215950240431,0.9373811390204834,-0.44981091672375917,1.6023215336274248
temporal,0.75,business_rule,sigmoid,INDY,73,0.3972602739726027,0.15866141874062287,0.7076563876937663,0.8181818181818181,0.1849959845884914,1.0003805830105965
temporal,0.75,business_rule,sigmoid,IS,94,0.574468085106383,0.22301081885685364,0.7136068605124241,0.7159722222222222,0.957677292343545,0.8969948056281148
temporal,0.75,business_rule,sigmoid,MESOS,151,0.5827814569536424,0.13287248422861747,0.8598489742216551,0.8749098124098125,-1.4786324367809232,1.3476390692889395
temporal,0.75,business_rule,sigmoid,MULE,262,0.22519083969465647,0.09494962244277531,0.626480748357863,0.9140853302162478,-0.5021556859305927,1.1911826168796797
temporal,0.75,business_rule,sigmoid,NEXUS,34,0.4411764705882353,0.06962357719658738,0.9198958448958447,0.9543859649122807,-0.1999583968559286,1.332520131572302
temporal,0.75,business_rule,sigmoid,TIDOC,105,0.6285714285714286,0.09537099344955086,0.8339652291816345,0.8479020979020979,0.45741170061301517,0.7445171642586815
temporal,0.75,business_rule,sigmoid,TIMOB,1047,0.6838586437440306,0.033219326836770945,0.9553612665153295,0.9565309119141251,0.5608471223418053,0.9603203607201107
temporal,0.75,business_rule,sigmoid,TISTUD,85,0.4,0.05909747264085983,0.7975869345139434,0.9273356401384083,-0.0076299289173283255,0.9507000624473249
temporal,0.75,business_rule,sigmoid,XD,247,0.2550607287449393,0.10853483365628519,0.7780220840931777,0.9507418909592822,1.6187515283065506,1.4669948862142415
temporal,0.75,dynamic_catboost,raw,APIKIT,38,0.3157894736842105,0.12962767494051056,0.9425888439046336,0.9647435897435899,-1.928491594107633,0.9480277071887895
temporal,0.75,dynamic_catboost,raw,COMPASS,83,0.4819277108433735,0.02652453395830242,0.9975434981684982,0.9976744186046512,1.7560115834185774,1.226237396413866
temporal,0.75,dynamic_catboost,raw,CONFCLOUD,55,0.8363636363636363,0.020589743018612324,0.9567833947449829,0.9009661835748792,0.45525292578690785,1.0147872631873018
temporal,0.75,dynamic_catboost,raw,CONFSERVER,233,0.7725321888412017,0.08001416302536017,0.9261234019634508,0.8431865828092243,0.9151066305361735,0.6277449542856561
temporal,0.75,dynamic_catboost,raw,DM,786,0.6119592875318066,0.08375350565467286,0.9613305455398483,0.9486861388500732,0.8141507163680346,0.8551741927198236
temporal,0.75,dynamic_catboost,raw,INDY,73,0.3972602739726027,0.14724830656345206,0.8025264374126544,0.8636363636363636,-0.07810108200291624,1.1072033138743262
temporal,0.75,dynamic_catboost,raw,IS,94,0.574468085106383,0.22376083715885967,0.7500790971978165,0.7152777777777778,0.14205861130804917,0.45381317701005575
temporal,0.75,dynamic_catboost,raw,MESOS,151,0.5827814569536424,0.15277714130132292,0.7377671720362721,0.7693001443001444,-0.38845273356673987,0.48045334761057984
temporal,0.75,dynamic_catboost,raw,MULE,262,0.22519083969465647,0.08396423607985201,0.8155148632577915,0.9397177924355014,0.1597838546021829,1.2560993167212273
temporal,0.75,dynamic_catboost,raw,NEXUS,34,0.4411764705882353,0.08117983874480887,0.8023466457289986,0.9122807017543859,-0.3514113453494161,0.7333652300915212
temporal,0.75,dynamic_catboost,raw,TIDOC,105,0.6285714285714286,0.11155995597731737,0.9241229619819384,0.8881118881118881,0.26342392138314963,0.5037367437120982
temporal,0.75,dynamic_catboost,raw,TIMOB,1047,0.6838586437440306,0.08082885890999977,0.9711466045383654,0.9640078313558034,2.0205319496534733,1.198363802393096
temporal,0.75,dynamic_catboost,raw,TISTUD,85,0.4,0.061448558147579685,0.9276639220108689,0.9625144175317185,0.12422029028591768,0.9509648140889301
temporal,0.75,dynamic_catboost,raw,XD,247,0.2550607287449393,0.09422693105276872,0.8161627367519413,0.9497066942719117,1.3311341208759166,1.0164304113565354
temporal,0.75,dynamic_catboost,sigmoid,APIKIT,38,0.3157894736842105,0.0918362318584054,0.9425888439046336,0.9647435897435899,-0.9323651450324496,1.308711695336106
temporal,0.75,dynamic_catboost,sigmoid,COMPASS,83,0.4819277108433735,0.026303230248881485,0.9975434981684982,0.9976744186046512,1.9887071927211908,0.9571134949829058
temporal,0.75,dynamic_catboost,sigmoid,CONFCLOUD,55,0.8363636363636363,0.02801368024039927,0.9567833947449829,0.9009661835748792,0.6580215339820694,1.3969070244259434
temporal,0.75,dynamic_catboost,sigmoid,CONFSERVER,233,0.7725321888412017,0.09277235083671886,0.9261234019634508,0.8431865828092243,1.0895656006954721,0.908381589195528
temporal,0.75,dynamic_catboost,sigmoid,DM,786,0.6119592875318066,0.07299081996922688,0.9613305455398483,0.9486861388500732,0.09260989573810723,1.0087304156469552
temporal,0.75,dynamic_catboost,sigmoid,INDY,73,0.3972602739726027,0.15073825064860358,0.8025264374126544,0.8636363636363636,0.3593048918331662,1.25124244017116
temporal,0.75,dynamic_catboost,sigmoid,IS,94,0.574468085106383,0.2325001372158109,0.7500790971978165,0.7152777777777778,0.6836242163689181,1.0929726524924863
temporal,0.75,dynamic_catboost,sigmoid,MESOS,151,0.5827814569536424,0.145332178178034,0.7377671720362721,0.7693001443001444,-0.2425331472970204,0.617242286870348
temporal,0.75,dynamic_catboost,sigmoid,MULE,262,0.22519083969465647,0.08497043482821345,0.8155148632577915,0.9397177924355014,-0.02245258649718844,1.4472148165740926
temporal,0.75,dynamic_catboost,sigmoid,NEXUS,34,0.4411764705882353,0.0816256934132795,0.8023466457289986,0.9122807017543859,0.13285867385289585,0.63810152682264
temporal,0.75,dynamic_catboost,sigmoid,TIDOC,105,0.6285714285714286,0.10161501816306938,0.9241229619819384,0.8881118881118881,0.005097649018353348,0.8526343012037984
temporal,0.75,dynamic_catboost,sigmoid,TIMOB,1047,0.6838586437440306,0.03719595944900683,0.9711466045383654,0.9640078313558034,0.3176980655647581,1.0052864824227274
temporal,0.75,dynamic_catboost,sigmoid,TISTUD,85,0.4,0.06692511142292806,0.9276639220108689,0.9625144175317185,0.031899713984233774,1.7331234334872556
temporal,0.75,dynamic_catboost,sigmoid,XD,247,0.2550607287449393,0.08752608282001043,0.8161627367519413,0.9497066942719117,1.1982136160155334,1.1467068844418076
temporal,0.75,dynamic_no_cohort,raw,APIKIT,38,0.3157894736842105,0.11736468068774487,0.9089879540537437,0.9551282051282052,-1.3837513449777137,0.8061017358238665
temporal,0.75,dynamic_no_cohort,raw,COMPASS,83,0.4819277108433735,0.031609725440601415,0.9908730158730159,0.9866279069767442,2.055398629790675,1.2374198614637455
temporal,0.75,dynamic_no_cohort,raw,CONFCLOUD,55,0.8363636363636363,0.018678088213025155,0.9598889848070946,0.9033816425120772,-0.2937663613900383,1.0497126024211842
temporal,0.75,dynamic_no_cohort,raw,CONFSERVER,233,0.7725321888412017,0.07025729378420312,0.9403720854720216,0.8632075471698113,0.8069908642395265,0.6801819363345442
temporal,0.75,dynamic_no_cohort,raw,DM,786,0.6119592875318066,0.08928582041100519,0.946454402493043,0.9390920554854981,0.8761777316743566,0.7786456314408864
temporal,0.75,dynamic_no_cohort,raw,INDY,73,0.3972602739726027,0.14118113278057956,0.8051611210926017,0.8879310344827587,-0.5849447206236529,1.0999679026557616
temporal,0.75,dynamic_no_cohort,raw,IS,94,0.574468085106383,0.2367304451509838,0.7233333768738079,0.686574074074074,0.174989773373677,0.40615637097261126
temporal,0.75,dynamic_no_cohort,raw,MESOS,151,0.5827814569536424,0.149775617424436,0.7199236338228981,0.7711038961038961,-0.21350895925410493,0.4788353876934921
temporal,0.75,dynamic_no_cohort,raw,MULE,262,0.22519083969465647,0.08202369588660646,0.8218576321854254,0.9442264339984971,0.3458937952656964,1.3573261306261557
temporal,0.75,dynamic_no_cohort,raw,NEXUS,34,0.4411764705882353,0.08576079254287382,0.7902492061315591,0.8982456140350877,-0.004596564186442816,0.718109504416509
temporal,0.75,dynamic_no_cohort,raw,TIDOC,105,0.6285714285714286,0.10372223611807414,0.9305638205718616,0.9009324009324009,0.07334927210990481,0.5434869504099449
temporal,0.75,dynamic_no_cohort,raw,TIMOB,1047,0.6838586437440306,0.10497769628863839,0.9620807144036321,0.9529021586862226,2.3263073956718423,1.1542604689165883
temporal,0.75,dynamic_no_cohort,raw,TISTUD,85,0.4,0.0640759212093029,0.9553024775680754,0.9780853517877739,1.332058666455021,1.1313654027381452
temporal,0.75,dynamic_no_cohort,raw,XD,247,0.2550607287449393,0.08924293114085961,0.863989695517609,0.9604037267080745,1.3825273443643404,0.9907944979170342
temporal,0.75,dynamic_no_cohort,sigmoid,APIKIT,38,0.3157894736842105,0.08465146647770164,0.9089879540537437,0.9551282051282052,-0.5578811580835201,1.1341988758042174
temporal,0.75,dynamic_no_cohort,sigmoid,COMPASS,83,0.4819277108433735,0.022010954090740976,0.9908730158730159,0.9866279069767442,1.509271475154232,1.0292401427802376
temporal,0.75,dynamic_no_cohort,sigmoid,CONFCLOUD,55,0.8363636363636363,0.022003181145735268,0.9598889848070946,0.9033816425120772,0.09200262724921494,1.4052657591710638
temporal,0.75,dynamic_no_cohort,sigmoid,CONFSERVER,233,0.7725321888412017,0.07865161817725201,0.9403720854720216,0.8632075471698113,0.8836884285428839,0.9732508655581235
temporal,0.75,dynamic_no_cohort,sigmoid,DM,786,0.6119592875318066,0.07665715297905512,0.946454402493043,0.9390920554854981,0.07051489385062279,0.9054626307511402
temporal,0.75,dynamic_no_cohort,sigmoid,INDY,73,0.3972602739726027,0.14502031819769867,0.8051611210926017,0.8879310344827587,0.4175155848355903,1.6294419029793858
temporal,0.75,dynamic_no_cohort,sigmoid,IS,94,0.574468085106383,0.23230006716445778,0.7233333768738079,0.686574074074074,0.5137763891916343,0.8901916762282156
temporal,0.75,dynamic_no_cohort,sigmoid,MESOS,151,0.5827814569536424,0.1443773193297707,0.7199236338228981,0.7711038961038961,-0.1340539591817449,0.598219887241322
temporal,0.75,dynamic_no_cohort,sigmoid,MULE,262,0.22519083969465647,0.08235939825779433,0.8218576321854254,0.9442264339984971,-0.0787733139147619,1.545011810599158
temporal,0.75,dynamic_no_cohort,sigmoid,NEXUS,34,0.4411764705882353,0.0877188473132763,0.7902492061315591,0.8982456140350877,0.15756151735117044,0.8067985802640029
temporal,0.75,dynamic_no_cohort,sigmoid,TIDOC,105,0.6285714285714286,0.09867591821105166,0.9305638205718616,0.9009324009324009,0.07374465183968043,0.8691145140653883
temporal,0.75,dynamic_no_cohort,sigmoid,TIMOB,1047,0.6838586437440306,0.039904633533521604,0.9620807144036321,0.9529021586862226,0.6827886307832938,0.9330772898962133
temporal,0.75,dynamic_no_cohort,sigmoid,TISTUD,85,0.4,0.06426749655829225,0.9553024775680754,0.9780853517877739,1.2482624574370513,1.6737355196461403
temporal,0.75,dynamic_no_cohort,sigmoid,XD,247,0.2550607287449393,0.07840697554847748,0.863989695517609,0.9604037267080745,1.1266162591978865,1.302803714184985
temporal,0.75,frequency,raw,APIKIT,38,0.3157894736842105,0.21865979777786324,0.3157894736842105,0.5,,
temporal,0.75,frequency,raw,COMPASS,83,0.4819277108433735,0.2646157546854083,0.4819277108433735,0.5,,
temporal,0.75,frequency,raw,CONFCLOUD,55,0.8363636363636363,0.18673883770990396,0.8363636363636363,0.5,,
temporal,0.75,frequency,raw,CONFSERVER,233,0.7725321888412017,0.19810985822895574,0.7725321888412017,0.5,,
temporal,0.75,frequency,raw,DM,786,0.6119592875318066,0.24695427833745734,0.6119592875318066,0.5,,
temporal,0.75,frequency,raw,INDY,73,0.3972602739726027,0.25144072476722756,0.3972602739726027,0.5,,
temporal,0.75,frequency,raw,IS,94,0.574468085106383,0.25244001810774097,0.574468085106383,0.5,,
temporal,0.75,frequency,raw,MESOS,151,0.5827814569536424,0.24434567764104612,0.5827814569536424,0.5,,
temporal,0.75,frequency,raw,MULE,262,0.22519083969465647,0.17585078782763344,0.22519083969465647,0.5,,
temporal,0.75,frequency,raw,NEXUS,34,0.4411764705882353,0.2900133781578507,0.4411764705882353,0.5,,
temporal,0.75,frequency,raw,TIDOC,105,0.6285714285714286,0.30556170612792194,0.6285714285714286,0.5,,
temporal,0.75,frequency,raw,TIMOB,1047,0.6838586437440306,0.3386308246463003,0.6838586437440306,0.5,,
temporal,0.75,frequency,raw,TISTUD,85,0.4,0.2565007601295526,0.4,0.5,,
temporal,0.75,frequency,raw,XD,247,0.2550607287449393,0.1935044270800163,0.2550607287449393,0.5,,
temporal,0.75,frequency,sigmoid,APIKIT,38,0.3157894736842105,0.22455076026832413,0.3157894736842105,0.5,,
temporal,0.75,frequency,sigmoid,COMPASS,83,0.4819277108433735,0.2509797889039767,0.4819277108433735,0.5,,
temporal,0.75,frequency,sigmoid,CONFCLOUD,55,0.8363636363636363,0.14519007416341886,0.8363636363636363,0.5,,
temporal,0.75,frequency,sigmoid,CONFSERVER,233,0.7725321888412017,0.1757645184109742,0.7725321888412017,0.5,,
temporal,0.75,frequency,sigmoid,DM,786,0.6119592875318066,0.23812022600398133,0.6119592875318066,0.5,,
temporal,0.75,frequency,sigmoid,INDY,73,0.3972602739726027,0.240247168179473,0.3972602739726027,0.5,,
temporal,0.75,frequency,sigmoid,IS,94,0.574468085106383,0.2948414355849603,0.574468085106383,0.5,,
temporal,0.75,frequency,sigmoid,MESOS,151,0.5827814569536424,0.271092694104261,0.5827814569536424,0.5,,
temporal,0.75,frequency,sigmoid,MULE,262,0.22519083969465647,0.19476738718184222,0.22519083969465647,0.5,,
temporal,0.75,frequency,sigmoid,NEXUS,34,0.4411764705882353,0.2775838398265689,0.4411764705882353,0.5,,
temporal,0.75,frequency,sigmoid,TIDOC,105,0.6285714285714286,0.23857209524243891,0.6285714285714286,0.5,,
temporal,0.75,frequency,sigmoid,TIMOB,1047,0.6838586437440306,0.2169458731307702,0.6838586437440306,0.5,,
temporal,0.75,frequency,sigmoid,TISTUD,85,0.4,0.2471598377261648,0.4,0.5,,
temporal,0.75,frequency,sigmoid,XD,247,0.2550607287449393,0.19481721898205176,0.2550607287449393,0.5,,
temporal,0.75,static_catboost,raw,APIKIT,38,0.3157894736842105,0.15496847745690728,0.7269444239083708,0.8525641025641025,-0.6486935055237414,0.5423238005691594
temporal,0.75,static_catboost,raw,COMPASS,83,0.4819277108433735,0.16987087594129893,0.7713061230033954,0.8261627906976744,0.05264385292400171,0.7704823396135541
temporal,0.75,static_catboost,raw,CONFCLOUD,55,0.8363636363636363,0.2440841336849579,0.8426420085147485,0.4879227053140096,1.6315257499856675,-7.659032999736762e-07
temporal,0.75,static_catboost,raw,CONFSERVER,233,0.7725321888412017,0.21311277578275242,0.8526901079811239,0.630188679245283,1.0180861473617928,0.36624680387511854
temporal,0.75,static_catboost,raw,DM,786,0.6119592875318066,0.20603692963803943,0.8140470832356387,0.7265737364098019,0.25145427792278213,0.7049390550890021
temporal,0.75,static_catboost,raw,INDY,73,0.3972602739726027,0.25345823570100334,0.4869066390172686,0.5744514106583072,-0.38177900779254637,0.3234356977899661
temporal,0.75,static_catboost,raw,IS,94,0.574468085106383,0.3893484911514493,0.5375930403454043,0.4189814814814815,0.08545637514634549,-0.20729317785916535
temporal,0.75,static_catboost,raw,MESOS,151,0.5827814569536424,0.25410913921665446,0.7034509325272482,0.6051587301587302,0.08874404848756934,0.3752584596935597
temporal,0.75,static_catboost,raw,MULE,262,0.22519083969465647,0.16462603332976794,0.4051603027713494,0.6327961927026801,0.03296385798296803,0.800853601904419
temporal,0.75,static_catboost,raw,NEXUS,34,0.4411764705882353,0.312395215252013,0.4804095037851843,0.5087719298245614,-0.1592607389793708,0.05786745984185138
temporal,0.75,static_catboost,raw,TIDOC,105,0.6285714285714286,0.24858847404401618,0.6802161343495392,0.5813908313908314,0.2827516231699784,0.3029967549355847
temporal,0.75,static_catboost,raw,TIMOB,1047,0.6838586437440306,0.22598392177203735,0.8382728012631047,0.7595550135867272,1.2623674018364575,0.9188869912715982
temporal,0.75,static_catboost,raw,TISTUD,85,0.4,0.19473415151496562,0.6877738372744091,0.7505767012687428,-0.16072584411456886,0.9093209618814359
temporal,0.75,static_catboost,raw,XD,247,0.2550607287449393,0.19810633644153938,0.37212359218725494,0.632116977225673,-0.49167754902361877,0.3592552046490561
temporal,0.75,static_catboost,sigmoid,APIKIT,38,0.3157894736842105,0.16434581808871135,0.7269444239083708,0.8525641025641025,0.8162249444083287,1.6241785165684923
temporal,0.75,static_catboost,sigmoid,COMPASS,83,0.4819277108433735,0.16495918926700007,0.7713061230033954,0.8261627906976744,-0.13114474237299306,1.138427053162162
temporal,0.75,static_catboost,sigmoid,CONFCLOUD,55,0.8363636363636363,0.16611355786900733,0.8426420085147485,0.4879227053140096,1.6307918472822795,0.00041761416876813376
temporal,0.75,static_catboost,sigmoid,CONFSERVER,233,0.7725321888412017,0.17259700888010476,0.8526901079811239,0.630188679245283,-0.18077615876344053,1.445092008088066
temporal,0.75,static_catboost,sigmoid,DM,786,0.6119592875318066,0.1989546795202744,0.8140470832356387,0.7265737364098019,-0.0026577793327479363,1.0424263364463426
temporal,0.75,static_catboost,sigmoid,INDY,73,0.3972602739726027,0.23774195759490283,0.4869066390172686,0.5744514106583072,0.09866561725405183,0.8709390985988569
temporal,0.75,static_catboost,sigmoid,IS,94,0.574468085106383,0.30137583944743934,0.5375930403454043,0.4189814814814815,-0.6856488712720308,-1.5641137547937016
temporal,0.75,static_catboost,sigmoid,MESOS,151,0.5827814569536424,0.2675026200517261,0.7034509325272482,0.6051587301587302,-0.7644445069283612,0.9444190269194012
temporal,0.75,static_catboost,sigmoid,MULE,262,0.22519083969465647,0.17435905674607802,0.4051603027713494,0.6327961927026801,-0.029325614674949017,1.7365160553378725
temporal,0.75,static_catboost,sigmoid,NEXUS,34,0.4411764705882353,0.27387941754333406,0.4804095037851843,0.5087719298245614,0.5169742519129322,0.7758458862952606
temporal,0.75,static_catboost,sigmoid,TIDOC,105,0.6285714285714286,0.24022552191418325,0.6802161343495392,0.5813908313908314,-0.22933841666148222,0.5962545329328719
temporal,0.75,static_catboost,sigmoid,TIMOB,1047,0.6838586437440306,0.16001451367165678,0.8382728012631047,0.7595550135867272,0.15205541086641838,0.8231258261621135
temporal,0.75,static_catboost,sigmoid,TISTUD,85,0.4,0.20799479373998767,0.6877738372744091,0.7505767012687428,-0.16303944123978975,2.4696128770971786
temporal,0.75,static_catboost,sigmoid,XD,247,0.2550607287449393,0.18850874411270646,0.37212359218725494,0.632116977225673,1.0990064465420715,1.461326041470844
temporal,0.75,static_lr,raw,APIKIT,38,0.3157894736842105,0.162419474422493,0.7539936914936917,0.8557692307692308,-0.4936397465991183,0.6249479799395822
temporal,0.75,static_lr,raw,COMPASS,83,0.4819277108433735,0.1490025940504499,0.7493891576333701,0.8505813953488373,-0.5490984263329822,1.1016692351384167
temporal,0.75,static_lr,raw,CONFCLOUD,55,0.8363636363636363,0.21652418026598502,0.8288976442097533,0.4565217391304348,1.827854490714536,-0.10639038027321118
temporal,0.75,static_lr,raw,CONFSERVER,233,0.7725321888412017,0.1856623163780363,0.8642200141431764,0.6305031446540881,0.7429844578650379,0.3917026526838953
temporal,0.75,static_lr,raw,DM,786,0.6119592875318066,0.18774955337762858,0.837291630328688,0.7706008656828329,0.21417305004819617,1.1075223810733987
temporal,0.75,static_lr,raw,INDY,73,0.3972602739726027,0.2205195566450434,0.545419868251487,0.6567398119122257,0.14509654975602213,1.1485105600161303
temporal,0.75,static_lr,raw,IS,94,0.574468085106383,0.2941252244252921,0.6011038327223565,0.5425925925925926,0.30635535303235056,-0.028876158407235918
temporal,0.75,static_lr,raw,MESOS,151,0.5827814569536424,0.2807030643199205,0.5600473884178067,0.4646464646464646,0.4004954357491423,-0.11516736305793533
temporal,0.75,static_lr,raw,MULE,262,0.22519083969465647,0.15746672136773254,0.4311351886010711,0.7031810971027803,0.4889939534467048,1.4322429922168327
temporal,0.75,static_lr,raw,NEXUS,34,0.4411764705882353,0.23468839787597884,0.6598908583744131,0.7157894736842105,0.8874070635709218,1.0504073730041132
temporal,0.75,static_lr,raw,TIDOC,105,0.6285714285714286,0.24206013291944886,0.6505521954781888,0.5481740481740481,0.3915834501350137,0.34391864790345
temporal,0.75,static_lr,raw,TIMOB,1047,0.6838586437440306,0.18581509134275975,0.8552695962117494,0.7789456362132695,0.9006361050162243,0.9914379738668049
temporal,0.75,static_lr,raw,TISTUD,85,0.4,0.23304032236765462,0.5279918219315793,0.6839677047289503,-0.33274616308909627,0.28383712135419276
temporal,0.75,static_lr,raw,XD,247,0.2550607287449393,0.19280331931476505,0.34452584320357704,0.6620082815734989,-0.18394641263567432,0.4213574137210518
temporal,0.75,static_lr,sigmoid,APIKIT,38,0.3157894736842105,0.16790655930281698,0.7539936914936917,0.8557692307692308,1.1299807640085036,1.7665266350999225
temporal,0.75,static_lr,sigmoid,COMPASS,83,0.4819277108433735,0.15102651166643669,0.7493891576333701,0.8505813953488373,-0.6130084139303646,1.5222493295559043
temporal,0.75,static_lr,sigmoid,CONFCLOUD,55,0.8363636363636363,0.17718170685061643,0.8288976442097533,0.4565217391304348,2.292101796654009,-0.6536890619245717
temporal,0.75,static_lr,sigmoid,CONFSERVER,233,0.7725321888412017,0.17048372617193028,0.8642200141431764,0.6305031446540881,-3.790120764749951,4.208923127979427
temporal,0.75,static_lr,sigmoid,DM,786,0.6119592875318066,0.18892576697094599,0.837291630328688,0.7706008656828329,0.0725684893420498,1.4046137053044037
temporal,0.75,static_lr,sigmoid,INDY,73,0.3972602739726027,0.2319818553448507,0.545419868251487,0.6567398119122257,1.8066400651814376,3.4827610839645704
temporal,0.75,static_lr,sigmoid,IS,94,0.574468085106383,0.3185562301149812,0.6011038327223565,0.5425925925925926,0.2693497858170686,-0.0679568463558338
temporal,0.75,static_lr,sigmoid,MESOS,151,0.5827814569536424,0.2715719611067178,0.5600473884178067,0.4646464646464646,0.7667606625562078,-0.4101048282906041
temporal,0.75,static_lr,sigmoid,MULE,262,0.22519083969465647,0.18092067681735968,0.4311351886010711,0.7031810971027803,-0.08119960023970882,2.6339853922130505
temporal,0.75,static_lr,sigmoid,NEXUS,34,0.4411764705882353,0.23372128372210077,0.6598908583744131,0.7157894736842105,1.1026596149816523,1.4368353753393133
temporal,0.75,static_lr,sigmoid,TIDOC,105,0.6285714285714286,0.23717636096223282,0.6505521954781888,0.5481740481740481,-0.09369831236126785,0.534137949841026
temporal,0.75,static_lr,sigmoid,TIMOB,1047,0.6838586437440306,0.15436741560766867,0.8552695962117494,0.7789456362132695,-0.3091713381439266,0.9961739953091053
temporal,0.75,static_lr,sigmoid,TISTUD,85,0.4,0.2288782390963266,0.5279918219315793,0.6839677047289503,-0.3107248780319922,1.3993359164021015
temporal,0.75,static_lr,sigmoid,XD,247,0.2550607287449393,0.18574472632530978,0.34452584320357704,0.6620082815734989,1.1497814527968153,1.2344117174571896
