experiment,landmark,model,scenario,n,prevalence,brier,ap,roc_auc,calibration_intercept,calibration_slope,sprints,sprints_with_positive,recall_macro_sprint,precision_macro_sprint,false_alerts_per_sprint,realized_budget,recall_micro,precision_micro,lead_days_macro_sprint,recall_macro_project,precision_macro_project
cross_project,0.0,business_rule,raw_ranking,18322,0.47211003165593274,0.25793206395156115,0.46723671325795724,0.5007898671811128,-0.1461260374269911,0.31373836510454506,1962,1656,0.3615320032159138,0.5108827660050901,1.163098878695209,0.3855169494350484,0.26416184971098267,0.50032844317933,14.116292417271472,0.36649397318329857,0.49259733007495105
cross_project,0.0,business_rule,floor,18322,0.47211003165593274,0.2526306052138583,0.4699704852393123,0.5062658015270824,-0.10477278448493157,0.413367981390363,1962,1656,0.1200574675733426,0.4756948484701788,0.7436289500509684,0.09851741082979427,0.16589595375722543,0.4958534899792674,15.726009590858075,0.1256511761438401,0.463675647076712
cross_project,0.0,business_rule,active_only,17134,0.5045523520485584,0.26759799703953124,0.46995904315004183,0.4377425595032281,0.04301349910548222,-0.2778659038468452,1935,1656,0.35207163132616515,0.5187442732403973,1.1049095607235142,0.39325244285149735,0.2529786003470214,0.5056647398843931,14.113938776512175,0.3556784014655174,0.5002590239331657
cross_project,0.0,business_rule,exclude_cancelled_removed,15881,0.43555191738555504,0.25753446928820883,0.4152144885668902,0.48021166799787135,-0.25444449099694877,0.28385564534581004,1890,1448,0.37705063773317404,0.46624155532885686,1.1433862433862434,0.4015813689969066,0.27483012866849793,0.46799606105366814,14.15904149404346,0.37394231669502664,0.43793472846887704
cross_project,0.0,business_rule,unseen_issue_ids,18322,0.47211003165593274,0.2526306052138583,0.4699704852393123,0.5062658015270824,-0.10477278448493157,0.413367981390363,1962,1656,0.3615320032159138,0.5108827660050901,1.163098878695209,0.3855169494350484,0.26416184971098267,0.50032844317933,14.116292417271472,0.36649397318329857,0.49259733007495105
cross_project,0.0,business_rule,closed_only_label,18322,0.8601681039187862,0.26318680433007585,0.8708019921936989,0.5202260339519015,1.8355072092645588,0.28698860488070704,1962,1856,0.37591923487175843,0.8264608918660905,0.32823649337410804,0.3855169494350484,0.2489213197969543,0.8589883950076637,14.069593775750283,0.36729163434111767,0.8146156811283662
cross_project,0.0,dynamic_catboost,raw_ranking,18322,0.47211003165593274,0.22585034342875565,0.6525912073530712,0.6933395547363941,0.17756669088449986,0.6716064343361606,1962,1656,0.439477653911132,0.6025245354373796,0.8955147808358818,0.3855169494350484,0.3248554913294798,0.6152835559448215,14.02724256848333,0.4423047695544756,0.576079432070583
cross_project,0.0,dynamic_catboost,floor,18322,0.47211003165593274,0.2243314492541731,0.649532511012718,0.6806534744235191,-0.07949379493973824,0.7295144308166303,1962,1656,0.161650579854224,0.6013211727088379,0.54638124362895,0.09851741082979427,0.21063583815028902,0.6295784381478922,15.546960857318162,0.16155831296472933,0.565572878636318
cross_project,0.0,dynamic_catboost,active_only,17134,0.5045523520485584,0.23938018830322275,0.6496448786704905,0.6366329276801652,-0.04302871491823473,0.605274848061062,1935,1656,0.42729064866044464,0.6122385352230313,0.8397932816537468,0.39325244285149735,0.31231925968768076,0.6242774566473989,14.045575470859985,0.4292855372934431,0.5845441651206318
cross_project,0.0,dynamic_catboost,exclude_cancelled_removed,15881,0.43555191738555504,0.22944586582323426,0.5950238519370711,0.6638193417494372,-0.21994694282379207,0.675069206324206,1890,1448,0.4324524357279901,0.5269030822205425,0.964021164021164,0.4015813689969066,0.3238398149486772,0.551452486459872,14.097246605586678,0.4255618869598436,0.48925098966124214
cross_project,0.0,dynamic_catboost,unseen_issue_ids,18322,0.47211003165593274,0.2243314492541731,0.649532511012718,0.6806534744235191,-0.07949379493973824,0.7295144308166303,1962,1656,0.439477653911132,0.6025245354373796,0.8955147808358818,0.3855169494350484,0.3248554913294798,0.6152835559448215,14.02724256848333,0.4423047695544756,0.576079432070583
cross_project,0.0,dynamic_catboost,closed_only_label,18322,0.8601681039187862,0.2879786482918561,0.883288614506503,0.5660984240579814,1.8692067839784032,0.22985916820788777,1962,1856,0.39997191486963335,0.8652468326780253,0.25076452599388377,0.3855169494350484,0.2585659898477157,0.8922706371797678,13.997877566482112,0.4003523561080683,0.8593415478099989
cross_project,0.0,dynamic_no_cohort,raw_ranking,18322,0.47211003165593274,0.22075169581614126,0.6671289398217498,0.703919549668431,0.18016727674734004,0.7333842186965779,1962,1656,0.4412190864636526,0.6038919668506824,0.9021406727828746,0.3855169494350484,0.32335260115606934,0.6124370483906284,14.052742422915205,0.44152814635258963,0.575961486708034
cross_project,0.0,dynamic_no_cohort,floor,18322,0.47211003165593274,0.22027296706507832,0.6624410948762897,0.6924107189814349,-0.05944776816734665,0.7601763777440754,1962,1656,0.16045766095668496,0.6003586208211759,0.5530071355759429,0.09851741082979427,0.20913294797687862,0.625086385625432,15.511019093018563,0.16091844536379626,0.5677170084265825
cross_project,0.0,dynamic_no_cohort,active_only,17134,0.5045523520485584,0.23509629857709727,0.6625588397511182,0.650029531634209,-0.03123813043725283,0.6526718077099477,1935,1656,0.4302629714413744,0.615166392608253,0.841343669250646,0.39325244285149735,0.3119722382880278,0.6235838150289017,14.05790744012564,0.4287042130231322,0.5848486731461575
cross_project,0.0,dynamic_no_cohort,exclude_cancelled_removed,15881,0.43555191738555504,0.22521713941237748,0.608280570207192,0.675357406042979,-0.20112402664239173,0.7075401037836897,1890,1448,0.43239325852835636,0.5268388475134507,0.9714285714285714,0.4015813689969066,0.32181581610524795,0.5480059084194978,14.087819380306,0.42301682308684535,0.4864523975965023
cross_project,0.0,dynamic_no_cohort,unseen_issue_ids,18322,0.47211003165593274,0.22027296706507832,0.6624410948762897,0.6924107189814349,-0.05944776816734665,0.7601763777440754,1962,1656,0.4412190864636526,0.6038919668506824,0.9021406727828746,0.3855169494350484,0.32335260115606934,0.6124370483906284,14.052742422915205,0.44152814635258963,0.575961486708034
cross_project,0.0,dynamic_no_cohort,closed_only_label,18322,0.8601681039187862,0.2893096943509464,0.8904920907102915,0.5959957272831742,1.8981476162087094,0.28283475131737307,1962,1856,0.40145985183170824,0.8672121498956361,0.24821610601427116,0.3855169494350484,0.25888324873096447,0.8933654477775345,14.001513084588826,0.4002642167257545,0.8601234802493591
cross_project,0.0,frequency,raw_ranking,18322,0.47211003165593274,0.2542354143548449,0.4143939355761647,0.41315000215149383,-0.6245600118524526,-2.717077053782071,1962,1656,0.3472035536162294,0.4949707770426425,1.2099898063200816,0.3855169494350484,0.25352601156069365,0.48018392818042477,14.070311915358532,0.3412729887146906,0.4697428638382733
cross_project,0.0,frequency,floor,18322,0.47211003165593274,0.26031707132914567,0.45926044010146044,0.4731637597594152,-0.11275441475106186,-0.4351081842215323,1962,1656,0.10819907342265683,0.45273335083907773,0.7859327217125383,0.09851741082979427,0.15630057803468209,0.4671734623358673,15.753484170703755,0.10443526452241489,0.426085042708832
cross_project,0.0,frequency,active_only,17134,0.5045523520485584,0.2600236791767252,0.4940815327333519,0.4761213453452946,0.016491869549348122,-0.40833819196255133,1935,1656,0.3507511138601943,0.5181475042327754,1.1059431524547803,0.39325244285149735,0.25274725274725274,0.5052023121387283,14.057522668909144,0.34290147891047335,0.49022821431687225
cross_project,0.0,frequency,exclude_cancelled_removed,15881,0.43555191738555504,0.26165133290891246,0.4158072475250717,0.45652861070807255,-0.26303563932457164,-0.5628951177096495,1890,1448,0.3540632124427761,0.44385402516354894,1.211111111111111,0.4015813689969066,0.2563249963857164,0.4364844903988183,14.124354217588351,0.3402299372840562,0.41166834043653333
cross_project,0.0,frequency,unseen_issue_ids,18322,0.47211003165593274,0.26031707132914567,0.45926044010146044,0.4731637597594152,-0.11275441475106186,-0.4351081842215323,1962,1656,0.3472035536162294,0.4949707770426425,1.2099898063200816,0.3855169494350484,0.25352601156069365,0.48018392818042477,14.070311915358532,0.3412729887146906,0.4697428638382733
cross_project,0.0,frequency,closed_only_label,18322,0.8601681039187862,0.25587395623819076,0.8976272316629639,0.6390779976382664,1.8179864823487897,-0.17585962385596587,1962,1856,0.3709609679340886,0.8225486938025165,0.34505606523955146,0.3855169494350484,0.2468274111675127,0.8517626450624042,14.047052319705271,0.361195970741128,0.8105571179223691
cross_project,0.0,static_catboost,raw_ranking,18322,0.47211003165593274,0.22574001758880338,0.6524073145633624,0.6930882483015152,0.17266274115485986,0.6711061225571385,1962,1656,0.4371756369600011,0.5993544130012018,0.9067278287461774,0.3855169494350484,0.3223121387283237,0.6104663893146486,14.071048827312215,0.4356326018694405,0.5702592455265868
cross_project,0.0,static_catboost,floor,18322,0.47211003165593274,0.22405584420059682,0.6490393595078228,0.6809652497884364,-0.0901381761772202,0.737148900204799,1962,1656,0.1615037612059287,0.5976816208754535,0.5545361875637105,0.09851741082979427,0.20878612716763006,0.6240497581202488,15.612661156400968,0.16213368632138506,0.5629628150778072
cross_project,0.0,static_catboost,active_only,17134,0.5045523520485584,0.2390945988735632,0.6491487527696826,0.6369785455692295,-0.05329902414131875,0.6151396330895839,1935,1656,0.42620764654411875,0.6103602598951435,0.8485788113695091,0.39325244285149735,0.3103528050896472,0.6203468208092485,14.078616113674,0.42374900393739123,0.5801284225269766
cross_project,0.0,static_catboost,exclude_cancelled_removed,15881,0.43555191738555504,0.22967627258677384,0.5934581036180344,0.6630458914997532,-0.2294705283167563,0.6795313226899878,1890,1448,0.4313915952830147,0.5257382535160312,0.9746031746031746,0.4015813689969066,0.32094838802949255,0.5465288035450517,14.085619629087699,0.42272218970835934,0.487400873020392
cross_project,0.0,static_catboost,unseen_issue_ids,18322,0.47211003165593274,0.22405584420059682,0.6490393595078228,0.6809652497884364,-0.0901381761772202,0.737148900204799,1962,1656,0.4371756369600011,0.5993544130012018,0.9067278287461774,0.3855169494350484,0.3223121387283237,0.6104663893146486,14.071048827312215,0.4356326018694405,0.5702592455265868
cross_project,0.0,static_catboost,closed_only_label,18322,0.8601681039187862,0.2840093147582623,0.8850648801266043,0.5751084277432368,1.8787822959267049,0.26467030734069963,1962,1856,0.4014544777461236,0.8665926411339255,0.2492354740061162,0.3855169494350484,0.258756345177665,0.8929275235384279,14.00410167931907,0.4022460781158482,0.8605327505930214
cross_project,0.0,static_lr,raw_ranking,18322,0.47211003165593274,0.23127659562241357,0.6433407493350896,0.667673517979317,0.13660399700802836,0.5663722455369111,1962,1656,0.4352360741180159,0.5997489952000655,0.9342507645259939,0.3855169494350484,0.3160693641618497,0.5986424348587694,14.021327393002673,0.43595343247851065,0.5725864812412726
cross_project,0.0,static_lr,floor,18322,0.47211003165593274,0.22587255976213985,0.6473417066076136,0.6652044755853258,-0.10251083258612109,0.7570685193520938,1962,1656,0.16005565245629155,0.5985415661186586,0.5779816513761468,0.09851741082979427,0.20346820809248556,0.608154803040774,15.51485804494829,0.16147384896266267,0.5682305027132114
cross_project,0.0,static_lr,active_only,17134,0.5045523520485584,0.24088078462473617,0.6476475208241202,0.6195610404809926,-0.07299939415000327,0.6504907871417281,1935,1656,0.42447022459159145,0.6106524770090662,0.8739018087855297,0.39325244285149735,0.3046847888953152,0.6090173410404625,14.037048137366371,0.4256977388241046,0.5832809182678854
cross_project,0.0,static_lr,exclude_cancelled_removed,15881,0.43555191738555504,0.23178502805113674,0.5896511605576716,0.6467807683596094,-0.24187928224782634,0.7021569005909282,1890,1448,0.42382358336632786,0.5192774817774818,1.006878306878307,0.4015813689969066,0.3121295359259795,0.5315115706548498,14.13956551881494,0.41381257331895177,0.480728475748204
cross_project,0.0,static_lr,unseen_issue_ids,18322,0.47211003165593274,0.22587255976213985,0.6473417066076136,0.6652044755853258,-0.10251083258612109,0.7570685193520938,1962,1656,0.4352360741180159,0.5997489952000655,0.9342507645259939,0.3855169494350484,0.3160693641618497,0.5986424348587694,14.021327393002673,0.43595343247851065,0.5725864812412726
cross_project,0.0,static_lr,closed_only_label,18322,0.8601681039187862,0.27404726750109454,0.8921391743997589,0.5831164530803584,1.8890574228996329,0.24483696401871904,1962,1856,0.40050005829936663,0.8666351148002525,0.2533129459734964,0.3855169494350484,0.258248730964467,0.8911758265820013,13.997877303031258,0.3987396450457343,0.8576854587579713
cross_project,0.25,business_rule,raw_ranking,18322,0.47211003165593274,0.20359084800665178,0.5715022740313805,0.6858412938605928,-0.01247624847107671,0.6367303862309904,1962,1656,0.42846347564048565,0.5810929740211086,0.9796126401630989,0.3855169494350484,0.30578034682080923,0.5791548062185242,10.563525649641578,0.44136992381382745,0.5631283742509003
cross_project,0.25,business_rule,floor,18322,0.47211003165593274,0.2087510032770693,0.5705002627904654,0.6752922684873085,-0.04469912279533398,0.751627012958064,1962,1656,0.15086681910811803,0.5609632853685718,0.6258919469928644,0.09851741082979427,0.19260115606936415,0.5756738078783691,11.710759748599003,0.15952127109919148,0.5522267992300498
cross_project,0.25,business_rule,active_only,14586,0.5925545043192102,0.26124285477122394,0.5705347468835109,0.4721666546060069,0.4523603178801041,-0.16228150193432472,1871,1656,0.38657121152324403,0.6097221933004937,0.8075895243185462,0.4049039545834365,0.26541710054379264,0.6028909329829172,10.534398504471646,0.39275833071718363,0.5909115412123267
cross_project,0.25,business_rule,exclude_cancelled_removed,15881,0.43555191738555504,0.21544068737368607,0.525694319434272,0.6629356647188565,-0.20717388608216605,0.7017433964778415,1890,1448,0.4458088655805168,0.5309581144898605,0.9788359788359788,0.4015813689969066,0.3197918172618187,0.5445593303791236,10.615935545626769,0.4547696858890719,0.4996343833177179
cross_project,0.25,business_rule,unseen_issue_ids,18322,0.47211003165593274,0.2087510032770693,0.5705002627904654,0.6752922684873085,-0.04469912279533398,0.751627012958064,1962,1656,0.42846347564048565,0.5810929740211086,0.9796126401630989,0.3855169494350484,0.30578034682080923,0.5791548062185242,10.563525649641578,0.44136992381382745,0.5631283742509003
cross_project,0.25,business_rule,closed_only_label,18322,0.8601681039187862,0.2772524836813479,0.9181238019086657,0.6716889045082959,2.0347201924592877,0.3623202179264867,1962,1856,0.39384121115255405,0.8525724883905312,0.2716615698267074,0.3855169494350484,0.25596446700507614,0.8832931902780818,10.554468636645668,0.39220591514067743,0.8454832583001008
cross_project,0.25,dynamic_catboost,raw_ranking,18322,0.47211003165593274,0.17874151078861938,0.7499413976422262,0.8029260734759057,0.19394257072021642,0.8169762370613014,1962,1656,0.47865978950008115,0.6467526215997164,0.7940876656472987,0.3855169494350484,0.3478612716763006,0.6588570177359316,10.4942050867009,0.4826448170193465,0.6197028315604548
cross_project,0.25,dynamic_catboost,floor,18322,0.47211003165593274,0.17857187335673466,0.7490150458939209,0.7985750357387035,-0.0009677069500964534,0.8609002131115947,1962,1656,0.18689686431743366,0.6662994959030202,0.4796126401630989,0.09851741082979427,0.22578034682080925,0.6748445058742225,11.510110342289432,0.19281691222918687,0.6439950589698679
cross_project,0.25,dynamic_catboost,active_only,14586,0.5925545043192102,0.22373704380293094,0.7491915418173072,0.6729713157405005,0.09338139310313463,0.6771663282562134,1871,1656,0.4345617434654554,0.684921174792901,0.6274719401389631,0.4049039545834365,0.3044081916001388,0.6914586070959264,10.502083839401386,0.434107100813279,0.6564835080741861
cross_project,0.25,dynamic_catboost,exclude_cancelled_removed,15881,0.43555191738555504,0.18535660329543097,0.6976021494113951,0.7847995599895929,-0.13881178687628776,0.8249466524564569,1890,1448,0.46785623274653176,0.5635663895187705,0.8915343915343915,0.4015813689969066,0.3436460893450918,0.5851797144263909,10.546028628596329,0.4663770593579345,0.5247757241577722
cross_project,0.25,dynamic_catboost,unseen_issue_ids,18322,0.47211003165593274,0.17857187335673466,0.7490150458939209,0.7985750357387035,-0.0009677069500964534,0.8609002131115947,1962,1656,0.47865978950008115,0.6467526215997164,0.7940876656472987,0.3855169494350484,0.3478612716763006,0.6588570177359316,10.4942050867009,0.4826448170193465,0.6197028315604548
cross_project,0.25,dynamic_catboost,closed_only_label,18322,0.8601681039187862,0.2997562707572903,0.9265624498033287,0.7055680420000238,2.1546530314969217,0.3256976675995515,1962,1856,0.40691948620631874,0.8779774040095141,0.2217125382262997,0.3855169494350484,0.2621827411167513,0.904751477994307,10.490120957201938,0.4072764812735565,0.8709219786170571
cross_project,0.25,dynamic_no_cohort,raw_ranking,18322,0.47211003165593274,0.1779023068725478,0.7504994648300716,0.8031339257113077,0.17229563317874647,0.8299956189961218,1962,1656,0.4741981537536646,0.6404143002766857,0.8129459734964322,0.3855169494350484,0.34358381502890173,0.650755419312459,10.541611871391888,0.47791312477759196,0.611708981224278
cross_project,0.25,dynamic_no_cohort,floor,18322,0.47211003165593274,0.17900915884548582,0.7459598233472695,0.7966588615250745,-0.015523940568339145,0.8649289811449112,1962,1656,0.18496116433260223,0.6593380946024118,0.48980632008154945,0.09851741082979427,0.22346820809248555,0.6679336558396682,11.470387579020304,0.18982528182173206,0.6383250733240554
cross_project,0.25,dynamic_no_cohort,active_only,14586,0.5925545043192102,0.2242764843384187,0.7461266979353627,0.669813768811344,0.08311063861105988,0.6764031282371654,1871,1656,0.43214792515376904,0.6803910873258816,0.6402993051843934,0.4049039545834365,0.30163137799375217,0.6851511169513798,10.524130717193486,0.4308195154398013,0.6500555011895636
cross_project,0.25,dynamic_no_cohort,exclude_cancelled_removed,15881,0.43555191738555504,0.18614987340323097,0.6921475764815361,0.7820601878059843,-0.14860671427834596,0.8269727422835363,1890,1448,0.46100044735447127,0.5565205341395817,0.9068783068783068,0.4015813689969066,0.3394535203122741,0.5780403741999015,10.555415555387814,0.45409672939034834,0.513560740149111
cross_project,0.25,dynamic_no_cohort,unseen_issue_ids,18322,0.47211003165593274,0.17900915884548582,0.7459598233472695,0.7966588615250745,-0.015523940568339145,0.8649289811449112,1962,1656,0.4741981537536646,0.6404143002766857,0.8129459734964322,0.3855169494350484,0.34358381502890173,0.650755419312459,10.541611871391888,0.47791312477759196,0.611708981224278
cross_project,0.25,dynamic_no_cohort,closed_only_label,18322,0.8601681039187862,0.2982420233723728,0.9245250162707085,0.7017246029434492,2.1519115954791666,0.3253468488068482,1962,1856,0.4075563143566167,0.876579413620698,0.22324159021406728,0.3855169494350484,0.261992385786802,0.904094591635647,10.49742140195849,0.40932743087551005,0.8711394352736008
cross_project,0.25,frequency,raw_ranking,18322,0.47211003165593274,0.2542354143548449,0.4143939355761647,0.41315000215149383,-0.6245600118524526,-2.717077053782071,1962,1656,0.3472035536162294,0.4949707770426425,1.2099898063200816,0.3855169494350484,0.25352601156069365,0.48018392818042477,10.5527339365189,0.3412729887146906,0.4697428638382733
cross_project,0.25,frequency,floor,18322,0.47211003165593274,0.26031707132914567,0.45926044010146044,0.4731637597594152,-0.11275441475106186,-0.4351081842215323,1962,1656,0.10819907342265683,0.45273335083907773,0.7859327217125383,0.09851741082979427,0.15630057803468209,0.4671734623358673,11.815113128027816,0.10443526452241489,0.426085042708832
cross_project,0.25,frequency,active_only,14586,0.5925545043192102,0.26100970817021607,0.5774736631619861,0.46788805036640563,0.3753689742286028,-0.5425097916171211,1871,1656,0.3722605716164644,0.596855147643496,0.826296098343132,0.4049039545834365,0.26136758070114546,0.5936925098554533,10.591070263732835,0.36486943427242985,0.56862173953139
cross_project,0.25,frequency,exclude_cancelled_removed,15881,0.43555191738555504,0.26165133290891246,0.4158072475250717,0.45652861070807255,-0.26303563932457164,-0.5628951177096495,1890,1448,0.3540632124427761,0.44385402516354894,1.211111111111111,0.4015813689969066,0.2563249963857164,0.4364844903988183,10.59326566319126,0.3402299372840562,0.41166834043653333
cross_project,0.25,frequency,unseen_issue_ids,18322,0.47211003165593274,0.26031707132914567,0.45926044010146044,0.4731637597594152,-0.11275441475106186,-0.4351081842215323,1962,1656,0.3472035536162294,0.4949707770426425,1.2099898063200816,0.3855169494350484,0.25352601156069365,0.48018392818042477,10.5527339365189,0.3412729887146906,0.4697428638382733
cross_project,0.25,frequency,closed_only_label,18322,0.8601681039187862,0.25587395623819076,0.8976272316629639,0.6390779976382664,1.8179864823487897,-0.17585962385596587,1962,1856,0.3709609679340886,0.8225486938025165,0.34505606523955146,0.3855169494350484,0.2468274111675127,0.8517626450624042,10.535289239778953,0.361195970741128,0.8105571179223691
cross_project,0.25,static_catboost,raw_ranking,18322,0.47211003165593274,0.22574001758880338,0.6524073145633624,0.6930882483015152,0.17266274115485986,0.6711061225571385,1962,1656,0.4371756369600011,0.5993544130012018,0.9067278287461774,0.3855169494350484,0.3223121387283237,0.6104663893146486,10.553286620484162,0.4356326018694405,0.5702592455265868
cross_project,0.25,static_catboost,floor,18322,0.47211003165593274,0.22405584420059682,0.6490393595078228,0.6809652497884364,-0.0901381761772202,0.737148900204799,1962,1656,0.1615037612059287,0.5976816208754535,0.5545361875637105,0.09851741082979427,0.20878612716763006,0.6240497581202488,11.709495867300724,0.16213368632138506,0.5629628150778072
cross_project,0.25,static_catboost,active_only,14586,0.5925545043192102,0.23716042751198976,0.7200823046231184,0.6328995155858865,0.3015820142124389,0.584880876254225,1871,1656,0.4305159958687792,0.6781182829285449,0.6242650988776055,0.4049039545834365,0.3051023950017355,0.693035479632063,10.53599996760539,0.42601831855359507,0.6445822148152455
cross_project,0.25,static_catboost,exclude_cancelled_removed,15881,0.43555191738555504,0.22967627258677384,0.5934581036180344,0.6630458914997532,-0.2294705283167563,0.6795313226899878,1890,1448,0.4313915952830147,0.5257382535160312,0.9746031746031746,0.4015813689969066,0.32094838802949255,0.5465288035450517,10.564214721815775,0.42272218970835934,0.487400873020392
cross_project,0.25,static_catboost,unseen_issue_ids,18322,0.47211003165593274,0.22405584420059682,0.6490393595078228,0.6809652497884364,-0.0901381761772202,0.737148900204799,1962,1656,0.4371756369600011,0.5993544130012018,0.9067278287461774,0.3855169494350484,0.3223121387283237,0.6104663893146486,10.553286620484162,0.4356326018694405,0.5702592455265868
cross_project,0.25,static_catboost,closed_only_label,18322,0.8601681039187862,0.2840093147582623,0.8850648801266043,0.5751084277432368,1.8787822959267049,0.26467030734069963,1962,1856,0.4014544777461236,0.8665926411339255,0.2492354740061162,0.3855169494350484,0.258756345177665,0.8929275235384279,10.503076259489303,0.4022460781158482,0.8605327505930214
cross_project,0.25,static_lr,raw_ranking,18322,0.47211003165593274,0.23127659562241357,0.6433407493350896,0.667673517979317,0.13660399700802836,0.5663722455369111,1962,1656,0.4352360741180159,0.5997489952000655,0.9342507645259939,0.3855169494350484,0.3160693641618497,0.5986424348587694,10.515995544752005,0.43595343247851065,0.5725864812412726
cross_project,0.25,static_lr,floor,18322,0.47211003165593274,0.22587255976213985,0.6473417066076136,0.6652044755853258,-0.10251083258612109,0.7570685193520938,1962,1656,0.16005565245629155,0.5985415661186586,0.5779816513761468,0.09851741082979427,0.20346820809248556,0.608154803040774,11.636143533711216,0.16147384896266267,0.5682305027132114
cross_project,0.25,static_lr,active_only,14586,0.5925545043192102,0.23658520070389003,0.7206455582259699,0.621838917126797,0.28463788444636506,0.6385370760143783,1871,1656,0.43230347986505296,0.6826354134611752,0.635489043292357,0.4049039545834365,0.30267268309614714,0.6875164257555848,10.532220410783976,0.4313636516348004,0.6523523410054655
cross_project,0.25,static_lr,exclude_cancelled_removed,15881,0.43555191738555504,0.23178502805113674,0.5896511605576716,0.6467807683596094,-0.24187928224782634,0.7021569005909282,1890,1448,0.42382358336632786,0.5192774817774818,1.006878306878307,0.4015813689969066,0.3121295359259795,0.5315115706548498,10.604674139111205,0.41381257331895177,0.480728475748204
cross_project,0.25,static_lr,unseen_issue_ids,18322,0.47211003165593274,0.22587255976213985,0.6473417066076136,0.6652044755853258,-0.10251083258612109,0.7570685193520938,1962,1656,0.4352360741180159,0.5997489952000655,0.9342507645259939,0.3855169494350484,0.3160693641618497,0.5986424348587694,10.515995544752005,0.43595343247851065,0.5725864812412726
cross_project,0.25,static_lr,closed_only_label,18322,0.8601681039187862,0.27404726750109454,0.8921391743997589,0.5831164530803584,1.8890574228996329,0.24483696401871904,1962,1856,0.40050005829936663,0.8666351148002525,0.2533129459734964,0.3855169494350484,0.258248730964467,0.8911758265820013,10.498407977273443,0.3987396450457343,0.8576854587579713
cross_project,0.5,business_rule,raw_ranking,18322,0.47211003165593274,0.15778873047366784,0.6910532045286522,0.8081787126416998,0.13717120379293996,0.7618417717003931,1962,1656,0.48254167487891,0.642784613732626,0.8007135575942915,0.3855169494350484,0.34635838150289017,0.6560105101817385,7.048281261659578,0.4968952113547065,0.6249551237510228
cross_project,0.5,business_rule,floor,18322,0.47211003165593274,0.16331154305288947,0.6833367549800824,0.792983906825973,-0.009679460615417702,0.7878794997455613,1962,1656,0.1867834902708989,0.6519111749728489,0.4908256880733945,0.09851741082979427,0.22323699421965318,0.6672425708362129,7.718057506389308,0.19920951262227232,0.6384372110445539
cross_project,0.5,business_rule,active_only,12697,0.6796881153028275,0.23377137352833033,0.6835814340330502,0.5100954721052726,0.7495285330850507,0.0029733506139277156,1830,1652,0.4111233186558531,0.6916538728423975,0.5650273224043716,0.42269545043436585,0.27555040556199306,0.6969519343493552,7.0304233597137324,0.41730553727921726,0.6725228705310611
cross_project,0.5,business_rule,exclude_cancelled_removed,15881,0.43555191738555504,0.17035678953549163,0.6421843735314129,0.7857697637126182,-0.16730464616365737,0.7467241214415126,1890,1448,0.49833066757523303,0.582146052066687,0.8417989417989418,0.4015813689969066,0.3572357958652595,0.6083210241260463,7.091992162826586,0.5101327444409662,0.5491858687682122
cross_project,0.5,business_rule,unseen_issue_ids,18322,0.47211003165593274,0.16331154305288947,0.6833367549800824,0.792983906825973,-0.009679460615417702,0.7878794997455613,1962,1656,0.48254167487891,0.642784613732626,0.8007135575942915,0.3855169494350484,0.34635838150289017,0.6560105101817385,7.048281261659578,0.4968952113547065,0.6249551237510228
cross_project,0.5,business_rule,closed_only_label,18322,0.8601681039187862,0.2985089729133307,0.9352590987673136,0.7059173487361159,2.166799074751269,0.3197109925906739,1962,1856,0.4091795897289206,0.8751595796320567,0.2252803261977574,0.3855169494350484,0.26173857868020306,0.9032187431574338,7.0050482458530565,0.4119934892163881,0.8707255759186155
cross_project,0.5,dynamic_catboost,raw_ranking,18322,0.47211003165593274,0.13741385569466197,0.8362154457996411,0.8766511520054314,0.197554967898161,0.8898755767257128,1962,1656,0.5228321369767621,0.6959127278316881,0.6462793068297655,0.3855169494350484,0.3813872832369942,0.7223560324063937,6.998348895113601,0.5352153085802238,0.6707885823951993
cross_project,0.5,dynamic_catboost,floor,18322,0.47211003165593274,0.1380831080283859,0.831313135283623,0.8729566067595155,-0.004048830425311832,0.917989744991461,1962,1656,0.21550855003745018,0.7385507370749661,0.3567787971457696,0.09851741082979427,0.2536416184971098,0.7581202487906012,7.670166542135489,0.2230704370415356,0.7106795745322116
cross_project,0.5,dynamic_catboost,active_only,12697,0.6796881153028275,0.1976188910684835,0.8320054599873516,0.7015614471507235,0.1424450342471987,0.7438824874324124,1830,1652,0.4520275238233984,0.7614905889496054,0.40327868852459015,0.42269545043436585,0.30984936268829666,0.783704572098476,7.006816582155106,0.4551569225916169,0.7324203573218228
cross_project,0.5,dynamic_catboost,exclude_cancelled_removed,15881,0.43555191738555504,0.14469665494584247,0.7930440569645684,0.8639700078646553,-0.1347250365372359,0.89907334705308,1890,1448,0.5170600926921691,0.6119891660367851,0.7534391534391535,0.4015813689969066,0.38137921064045105,0.6494337764647957,7.036572389128839,0.5254418830655768,0.5714877225404005
cross_project,0.5,dynamic_catboost,unseen_issue_ids,18322,0.47211003165593274,0.1380831080283859,0.831313135283623,0.8729566067595155,-0.004048830425311832,0.917989744991461,1962,1656,0.5228321369767621,0.6959127278316881,0.6462793068297655,0.3855169494350484,0.3813872832369942,0.7223560324063937,6.998348895113601,0.5352153085802238,0.6707885823951993
cross_project,0.5,dynamic_catboost,closed_only_label,18322,0.8601681039187862,0.31604910861419266,0.9391501036109994,0.7338610084126851,2.3075502151922436,0.3059484313713897,1962,1856,0.41856557439950737,0.8917764914324546,0.1946992864424057,0.3855169494350484,0.2655456852791878,0.9163564703306328,6.976443335851112,0.42176319982173194,0.885936384489692
cross_project,0.5,dynamic_no_cohort,raw_ranking,18322,0.47211003165593274,0.1396377520374646,0.8291576836773538,0.8730125515760887,0.2222054725850856,0.8670822817970396,1962,1656,0.5173834147896516,0.6908997871536099,0.6585117227319062,0.3855169494350484,0.3786127167630058,0.7171009415371141,7.000332090944095,0.5280170734678749,0.6649093513204531
cross_project,0.5,dynamic_no_cohort,floor,18322,0.47211003165593274,0.14030176274454792,0.822073099041937,0.8682502916469446,0.0253988630413672,0.9083060565623161,1962,1656,0.20901230418212244,0.7279168653177464,0.37104994903160043,0.09851741082979427,0.25040462427745663,0.7484450587422253,7.685210887526653,0.2166969576573619,0.7039650810468011
cross_project,0.5,dynamic_no_cohort,active_only,12697,0.6796881153028275,0.20082455267303476,0.8226869760543083,0.6899482765645313,0.19298285231176707,0.7028809989121118,1830,1652,0.44717930248141347,0.7555835284933645,0.41530054644808745,0.42269545043436585,0.3073001158748552,0.7772567409144197,7.009003501680683,0.44946364598726474,0.7272513036476648
cross_project,0.5,dynamic_no_cohort,exclude_cancelled_removed,15881,0.43555191738555504,0.14772103513915344,0.7750367478710734,0.8565596135525992,-0.0891116316524972,0.8784661519875979,1890,1448,0.5118750762616869,0.6069503042518916,0.7671957671957672,0.4015813689969066,0.37762035564551105,0.6430329886755293,7.038541021685598,0.5182594198808275,0.5677617143336898
cross_project,0.5,dynamic_no_cohort,unseen_issue_ids,18322,0.47211003165593274,0.14030176274454792,0.822073099041937,0.8682502916469446,0.0253988630413672,0.9083060565623161,1962,1656,0.5173834147896516,0.6908997871536099,0.6585117227319062,0.3855169494350484,0.3786127167630058,0.7171009415371141,7.000332090944095,0.5280170734678749,0.6649093513204531
cross_project,0.5,dynamic_no_cohort,closed_only_label,18322,0.8601681039187862,0.3181063171785959,0.9356398472475604,0.7249824157839886,2.2921662224692803,0.30073686548966794,1962,1856,0.4197294808984581,0.8928140624241542,0.19215086646279306,0.3855169494350484,0.26586294416243655,0.9174512809283993,6.97374888624412,0.42443078425307157,0.8880674019433134
cross_project,0.5,frequency,raw_ranking,18322,0.47211003165593274,0.2542354143548449,0.4143939355761647,0.41315000215149383,-0.6245600118524526,-2.717077053782071,1962,1656,0.3472035536162294,0.4949707770426425,1.2099898063200816,0.3855169494350484,0.25352601156069365,0.48018392818042477,7.035155957679266,0.3412729887146906,0.4697428638382733
cross_project,0.5,frequency,floor,18322,0.47211003165593274,0.26031707132914567,0.45926044010146044,0.4731637597594152,-0.11275441475106186,-0.4351081842215323,1962,1656,0.10819907342265683,0.45273335083907773,0.7859327217125383,0.09851741082979427,0.15630057803468209,0.4671734623358673,7.876742085351878,0.10443526452241489,0.426085042708832
cross_project,0.5,frequency,active_only,12697,0.6796881153028275,0.2610304062237713,0.6630878484457856,0.4641774466561115,0.7540532690406281,-0.565305083270818,1830,1652,0.3976625002742194,0.6752437331945528,0.6027322404371585,0.42269545043436585,0.26755504055619933,0.6767291910902696,7.022950401664156,0.39261630517602564,0.644461178994273
cross_project,0.5,frequency,exclude_cancelled_removed,15881,0.43555191738555504,0.26165133290891246,0.4158072475250717,0.45652861070807255,-0.26303563932457164,-0.5628951177096495,1890,1448,0.3540632124427761,0.44385402516354894,1.211111111111111,0.4015813689969066,0.2563249963857164,0.4364844903988183,7.062177108794176,0.3402299372840562,0.41166834043653333
cross_project,0.5,frequency,unseen_issue_ids,18322,0.47211003165593274,0.26031707132914567,0.45926044010146044,0.4731637597594152,-0.11275441475106186,-0.4351081842215323,1962,1656,0.3472035536162294,0.4949707770426425,1.2099898063200816,0.3855169494350484,0.25352601156069365,0.48018392818042477,7.035155957679266,0.3412729887146906,0.4697428638382733
cross_project,0.5,frequency,closed_only_label,18322,0.8601681039187862,0.25587395623819076,0.8976272316629639,0.6390779976382664,1.8179864823487897,-0.17585962385596587,1962,1856,0.3709609679340886,0.8225486938025165,0.34505606523955146,0.3855169494350484,0.2468274111675127,0.8517626450624042,7.0235261598526355,0.361195970741128,0.8105571179223691
cross_project,0.5,static_catboost,raw_ranking,18322,0.47211003165593274,0.22574001758880338,0.6524073145633624,0.6930882483015152,0.17266274115485986,0.6711061225571385,1962,1656,0.4371756369600011,0.5993544130012018,0.9067278287461774,0.3855169494350484,0.3223121387283237,0.6104663893146486,7.035524413656107,0.4356326018694405,0.5702592455265868
cross_project,0.5,static_catboost,floor,18322,0.47211003165593274,0.22405584420059682,0.6490393595078228,0.6809652497884364,-0.0901381761772202,0.737148900204799,1962,1656,0.1615037612059287,0.5976816208754535,0.5545361875637105,0.09851741082979427,0.20878612716763006,0.6240497581202488,7.806330578200484,0.16213368632138506,0.5629628150778072
cross_project,0.5,static_catboost,active_only,12697,0.6796881153028275,0.23409854280108222,0.787213988430534,0.6321657429253514,0.6792345732217522,0.5685462894426777,1830,1652,0.43865529787730295,0.7394398907103825,0.4453551912568306,0.42269545043436585,0.30092699884125146,0.761137162954279,7.009852966972385,0.4348768643586484,0.7055332419124526
cross_project,0.5,static_catboost,exclude_cancelled_removed,15881,0.43555191738555504,0.22967627258677384,0.5934581036180344,0.6630458914997532,-0.2294705283167563,0.6795313226899878,1890,1448,0.4313915952830147,0.5257382535160312,0.9746031746031746,0.4015813689969066,0.32094838802949255,0.5465288035450517,7.042809814543849,0.42272218970835934,0.487400873020392
cross_project,0.5,static_catboost,unseen_issue_ids,18322,0.47211003165593274,0.22405584420059682,0.6490393595078228,0.6809652497884364,-0.0901381761772202,0.737148900204799,1962,1656,0.4371756369600011,0.5993544130012018,0.9067278287461774,0.3855169494350484,0.3223121387283237,0.6104663893146486,7.035524413656107,0.4356326018694405,0.5702592455265868
cross_project,0.5,static_catboost,closed_only_label,18322,0.8601681039187862,0.2840093147582623,0.8850648801266043,0.5751084277432368,1.8787822959267049,0.26467030734069963,1962,1856,0.4014544777461236,0.8665926411339255,0.2492354740061162,0.3855169494350484,0.258756345177665,0.8929275235384279,7.002050839659535,0.4022460781158482,0.8605327505930214
cross_project,0.5,static_lr,raw_ranking,18322,0.47211003165593274,0.23127659562241357,0.6433407493350896,0.667673517979317,0.13660399700802836,0.5663722455369111,1962,1656,0.4352360741180159,0.5997489952000655,0.9342507645259939,0.3855169494350484,0.3160693641618497,0.5986424348587694,7.010663696501337,0.43595343247851065,0.5725864812412726
cross_project,0.5,static_lr,floor,18322,0.47211003165593274,0.22587255976213985,0.6473417066076136,0.6652044755853258,-0.10251083258612109,0.7570685193520938,1962,1656,0.16005565245629155,0.5985415661186586,0.5779816513761468,0.09851741082979427,0.20346820809248556,0.608154803040774,7.757429022474145,0.16147384896266267,0.5682305027132114
cross_project,0.5,static_lr,active_only,12697,0.6796881153028275,0.2322494329950041,0.7884988957442831,0.6243169665917436,0.6639887787175914,0.6316023098933548,1830,1652,0.44365608917090754,0.7476643681151878,0.44699453551912566,0.42269545043436585,0.30057937427578213,0.7602579132473622,7.0072425720717355,0.44799297385460807,0.7205873356351369
cross_project,0.5,static_lr,exclude_cancelled_removed,15881,0.43555191738555504,0.23178502805113674,0.5896511605576716,0.6467807683596094,-0.24187928224782634,0.7021569005909282,1890,1448,0.42382358336632786,0.5192774817774818,1.006878306878307,0.4015813689969066,0.3121295359259795,0.5315115706548498,7.06978275940747,0.41381257331895177,0.480728475748204
cross_project,0.5,static_lr,unseen_issue_ids,18322,0.47211003165593274,0.22587255976213985,0.6473417066076136,0.6652044755853258,-0.10251083258612109,0.7570685193520938,1962,1656,0.4352360741180159,0.5997489952000655,0.9342507645259939,0.3855169494350484,0.3160693641618497,0.5986424348587694,7.010663696501337,0.43595343247851065,0.5725864812412726
cross_project,0.5,static_lr,closed_only_label,18322,0.8601681039187862,0.27404726750109454,0.8921391743997589,0.5831164530803584,1.8890574228996329,0.24483696401871904,1962,1856,0.40050005829936663,0.8666351148002525,0.2533129459734964,0.3855169494350484,0.258248730964467,0.8911758265820013,6.998938651515629,0.3987396450457343,0.8576854587579713
cross_project,0.75,business_rule,raw_ranking,18322,0.47211003165593274,0.10780417325444129,0.8163288764913071,0.9001165751086505,0.44691684396177295,0.9128448999682253,1962,1656,0.5437477335131069,0.7113275188963263,0.5973496432212029,0.3855169494350484,0.392485549132948,0.7433763958835121,3.504780434637913,0.562191313688799,0.689884895826781
cross_project,0.75,business_rule,floor,18322,0.47211003165593274,0.105158066590703,0.8102095514124208,0.8920128778859899,0.07615401913136916,0.8403578365603002,1962,1656,0.22206847208153582,0.7462932882095877,0.33741080530071355,0.09851741082979427,0.25803468208092484,0.7712508638562543,3.827647892981325,0.23807334239740627,0.7329482638845733
cross_project,0.75,business_rule,active_only,10905,0.7918386061439706,0.175024567147779,0.8105429924612351,0.5432277203982359,1.1705664102676216,0.10164464598715973,1780,1655,0.4338614787216237,0.7926656208959579,0.31910112359550563,0.44903128988391944,0.2868558193398958,0.813464696223317,3.516404917816306,0.440745154270775,0.7742266816569942
cross_project,0.75,business_rule,exclude_cancelled_removed,15881,0.43555191738555504,0.1096231388306378,0.7831643244092255,0.8905685711699705,-0.09242951676933735,0.8062264549881991,1890,1448,0.5680892477302324,0.6468308881007293,0.6666666666666666,0.4015813689969066,0.4050889113777649,0.689807976366322,3.525884101622562,0.5925974519511595,0.6106365228398171
cross_project,0.75,business_rule,unseen_issue_ids,18322,0.47211003165593274,0.105158066590703,0.8102095514124208,0.8920128778859899,0.07615401913136916,0.8403578365603002,1962,1656,0.5437477335131069,0.7113275188963263,0.5973496432212029,0.3855169494350484,0.392485549132948,0.7433763958835121,3.504780434637913,0.562191313688799,0.689884895826781
cross_project,0.75,business_rule,closed_only_label,18322,0.8601681039187862,0.32907551097589877,0.9407385898063574,0.6950064170005191,2.316088959084117,0.2937373338444915,1962,1856,0.4208800356986053,0.8929323819232077,0.18144750254842,0.3855169494350484,0.2671954314720812,0.9220494854390191,3.4930978070276852,0.4257160527893905,0.8888331188310313
cross_project,0.75,dynamic_catboost,raw_ranking,18322,0.47211003165593274,0.08886295746874442,0.9080826087240271,0.9372434642397816,0.13550136262447823,0.9081853093452057,1962,1656,0.5728362170611789,0.7431281469125505,0.5127420998980632,0.3855169494350484,0.41167630057803467,0.7797241077293628,3.496021220938618,0.5927782039847583,0.72069908651956
cross_project,0.75,dynamic_catboost,floor,18322,0.47211003165593274,0.09057314836192183,0.9006719588989233,0.9335109809855753,-0.012562705991137709,0.9369000368890825,1962,1656,0.24527272084778137,0.8038360953779455,0.2619775739041794,0.09851741082979427,0.2751445086705202,0.8223911541119557,3.7980300862012863,0.2606599519801039,0.7809955789429367
cross_project,0.75,dynamic_catboost,active_only,10905,0.7918386061439706,0.1507691250829359,0.9012383522993312,0.7212603914506326,0.23234026339149694,0.7573868940843094,1780,1655,0.46548670988279595,0.8447512038523275,0.22640449438202248,0.44903128988391944,0.30596409959467286,0.8676518883415435,3.4981000091668455,0.4739377040685353,0.8245540035359099
cross_project,0.75,dynamic_catboost,exclude_cancelled_removed,15881,0.43555191738555504,0.09648863927071963,0.8756173279293183,0.9286622821744949,-0.1420018994277476,0.9241215027324172,1890,1448,0.5786218802295575,0.6613382884017804,0.6333333333333333,0.4015813689969066,0.4141969061731965,0.705317577548006,3.5158132560281983,0.6050674099689369,0.6256598474555076
cross_project,0.75,dynamic_catboost,unseen_issue_ids,18322,0.47211003165593274,0.09057314836192183,0.9006719588989233,0.9335109809855753,-0.012562705991137709,0.9369000368890825,1962,1656,0.5728362170611789,0.7431281469125505,0.5127420998980632,0.3855169494350484,0.41167630057803467,0.7797241077293628,3.496021220938618,0.5927782039847583,0.72069908651956
cross_project,0.75,dynamic_catboost,closed_only_label,18322,0.8601681039187862,0.335337653013535,0.9510500178985053,0.7643569922768142,2.593635627644271,0.30178115816395207,1962,1856,0.4331729762212185,0.9093496674918693,0.1559633027522936,0.3855169494350484,0.2703680203045685,0.9329975914166849,3.4826305927647163,0.43870047149511215,0.9052214467842369
cross_project,0.75,dynamic_no_cohort,raw_ranking,18322,0.47211003165593274,0.09112453619597619,0.9031821468622527,0.9350257163279259,0.1995824801524846,0.8782157043890828,1962,1656,0.5710121114343054,0.7409516748966289,0.5234454638124363,0.3855169494350484,0.4092485549132948,0.7751259032187432,3.4967304701021114,0.5904664323225507,0.7184399033468463
cross_project,0.75,dynamic_no_cohort,floor,18322,0.47211003165593274,0.09272604781090323,0.8957266473575397,0.9308437501494093,0.027428351357632476,0.9196208610853923,1962,1656,0.24277506404082544,0.7935721278232292,0.2782874617737003,0.09851741082979427,0.2714450867052023,0.8113337940566689,3.805411645389076,0.2578715729578329,0.7696827144462386
cross_project,0.75,dynamic_no_cohort,active_only,10905,0.7918386061439706,0.15436987910468014,0.896295520651323,0.7100065811457826,0.3458048903118446,0.686791211651669,1780,1655,0.4658032726483593,0.8418673087212414,0.23707865168539327,0.44903128988391944,0.3037637521713955,0.8614121510673235,3.5012392941678,0.4760727228648428,0.8252592426898948
cross_project,0.75,dynamic_no_cohort,exclude_cancelled_removed,15881,0.43555191738555504,0.09866033343187848,0.8686551143029788,0.9253201100548565,-0.09292696966409393,0.904176084273843,1890,1448,0.5781580321717346,0.6602907953304777,0.6423280423280423,0.4015813689969066,0.41173919329188957,0.7011324470704087,3.51812871815042,0.6022125788307205,0.6249159598094275
cross_project,0.75,dynamic_no_cohort,unseen_issue_ids,18322,0.47211003165593274,0.09272604781090323,0.8957266473575397,0.9308437501494093,0.027428351357632476,0.9196208610853923,1962,1656,0.5710121114343054,0.7409516748966289,0.5234454638124363,0.3855169494350484,0.4092485549132948,0.7751259032187432,3.4967304701021114,0.5904664323225507,0.7184399033468463
cross_project,0.75,dynamic_no_cohort,closed_only_label,18322,0.8601681039187862,0.33711223534845275,0.9515734852996889,0.7729818273319147,2.6219183749129016,0.3160956949813124,1962,1856,0.43071376846298054,0.9062405951167418,0.16258919469928645,0.3855169494350484,0.26954314720812184,0.9301510838624918,3.4842601038624195,0.4368606900301296,0.9026567963216557
cross_project,0.75,frequency,raw_ranking,18322,0.47211003165593274,0.2542354143548449,0.4143939355761647,0.41315000215149383,-0.6245600118524526,-2.717077053782071,1962,1656,0.3472035536162294,0.4949707770426425,1.2099898063200816,0.3855169494350484,0.25352601156069365,0.48018392818042477,3.517577978839633,0.3412729887146906,0.4697428638382733
cross_project,0.75,frequency,floor,18322,0.47211003165593274,0.26031707132914567,0.45926044010146044,0.4731637597594152,-0.11275441475106186,-0.4351081842215323,1962,1656,0.10819907342265683,0.45273335083907773,0.7859327217125383,0.09851741082979427,0.15630057803468209,0.4671734623358673,3.938371042675939,0.10443526452241489,0.426085042708832
cross_project,0.75,frequency,active_only,10905,0.7918386061439706,0.2617929235056349,0.7741181506645091,0.4501820783666514,1.3479798436950943,-0.8590589145082993,1780,1655,0.4285694693775885,0.776669341894061,0.3646067415730337,0.44903128988391944,0.27747539085118705,0.786863711001642,3.512328145250735,0.4276591771062117,0.7471951028662167
cross_project,0.75,frequency,exclude_cancelled_removed,15881,0.43555191738555504,0.26165133290891246,0.4158072475250717,0.45652861070807255,-0.26303563932457164,-0.5628951177096495,1890,1448,0.3540632124427761,0.44385402516354894,1.211111111111111,0.4015813689969066,0.2563249963857164,0.4364844903988183,3.531088554397088,0.3402299372840562,0.41166834043653333
cross_project,0.75,frequency,unseen_issue_ids,18322,0.47211003165593274,0.26031707132914567,0.45926044010146044,0.4731637597594152,-0.11275441475106186,-0.4351081842215323,1962,1656,0.3472035536162294,0.4949707770426425,1.2099898063200816,0.3855169494350484,0.25352601156069365,0.48018392818042477,3.517577978839633,0.3412729887146906,0.4697428638382733
cross_project,0.75,frequency,closed_only_label,18322,0.8601681039187862,0.25587395623819076,0.8976272316629639,0.6390779976382664,1.8179864823487897,-0.17585962385596587,1962,1856,0.3709609679340886,0.8225486938025165,0.34505606523955146,0.3855169494350484,0.2468274111675127,0.8517626450624042,3.5117630799263178,0.361195970741128,0.8105571179223691
cross_project,0.75,static_catboost,raw_ranking,18322,0.47211003165593274,0.22574001758880338,0.6524073145633624,0.6930882483015152,0.17266274115485986,0.6711061225571385,1962,1656,0.4371756369600011,0.5993544130012018,0.9067278287461774,0.3855169494350484,0.3223121387283237,0.6104663893146486,3.5177622068280536,0.4356326018694405,0.5702592455265868
cross_project,0.75,static_catboost,floor,18322,0.47211003165593274,0.22405584420059682,0.6490393595078228,0.6809652497884364,-0.0901381761772202,0.737148900204799,1962,1656,0.1615037612059287,0.5976816208754535,0.5545361875637105,0.09851741082979427,0.20878612716763006,0.6240497581202488,3.903165289100242,0.16213368632138506,0.5629628150778072
cross_project,0.75,static_catboost,active_only,10905,0.7918386061439706,0.23016449613390075,0.8665697693705043,0.630581640643932,1.2643993484528921,0.5368596981543043,1780,1655,0.4562087859178276,0.8280430711610487,0.26235955056179777,0.44903128988391944,0.2985524030110017,0.8466338259441708,3.505630358645984,0.45609172590133623,0.7998276400118615
cross_project,0.75,static_catboost,exclude_cancelled_removed,15881,0.43555191738555504,0.22967627258677384,0.5934581036180344,0.6630458914997532,-0.2294705283167563,0.6795313226899878,1890,1448,0.4313915952830147,0.5257382535160312,0.9746031746031746,0.4015813689969066,0.32094838802949255,0.5465288035450517,3.5214049072719247,0.42272218970835934,0.487400873020392
cross_project,0.75,static_catboost,unseen_issue_ids,18322,0.47211003165593274,0.22405584420059682,0.6490393595078228,0.6809652497884364,-0.0901381761772202,0.737148900204799,1962,1656,0.4371756369600011,0.5993544130012018,0.9067278287461774,0.3855169494350484,0.3223121387283237,0.6104663893146486,3.5177622068280536,0.4356326018694405,0.5702592455265868
cross_project,0.75,static_catboost,closed_only_label,18322,0.8601681039187862,0.2840093147582623,0.8850648801266043,0.5751084277432368,1.8787822959267049,0.26467030734069963,1962,1856,0.4014544777461236,0.8665926411339255,0.2492354740061162,0.3855169494350484,0.258756345177665,0.8929275235384279,3.5010254198297677,0.4022460781158482,0.8605327505930214
cross_project,0.75,static_lr,raw_ranking,18322,0.47211003165593274,0.23127659562241357,0.6433407493350896,0.667673517979317,0.13660399700802836,0.5663722455369111,1962,1656,0.4352360741180159,0.5997489952000655,0.9342507645259939,0.3855169494350484,0.3160693641618497,0.5986424348587694,3.5053318482506683,0.43595343247851065,0.5725864812412726
cross_project,0.75,static_lr,floor,18322,0.47211003165593274,0.22587255976213985,0.6473417066076136,0.6652044755853258,-0.10251083258612109,0.7570685193520938,1962,1656,0.16005565245629155,0.5985415661186586,0.5779816513761468,0.09851741082979427,0.20346820809248556,0.608154803040774,3.8787145112370727,0.16147384896266267,0.5682305027132114
cross_project,0.75,static_lr,active_only,10905,0.7918386061439706,0.22770062130227922,0.8669435350702466,0.6220203607386188,1.2496366965153318,0.5873095582269026,1780,1655,0.46064880793071256,0.8332196361690744,0.25842696629213485,0.44903128988391944,0.29936305732484075,0.8489326765188834,3.5009230380186267,0.4651132481343958,0.808544362545903
cross_project,0.75,static_lr,exclude_cancelled_removed,15881,0.43555191738555504,0.23178502805113674,0.5896511605576716,0.6467807683596094,-0.24187928224782634,0.7021569005909282,1890,1448,0.42382358336632786,0.5192774817774818,1.006878306878307,0.4015813689969066,0.3121295359259795,0.5315115706548498,3.534891379703735,0.41381257331895177,0.480728475748204
cross_project,0.75,static_lr,unseen_issue_ids,18322,0.47211003165593274,0.22587255976213985,0.6473417066076136,0.6652044755853258,-0.10251083258612109,0.7570685193520938,1962,1656,0.4352360741180159,0.5997489952000655,0.9342507645259939,0.3855169494350484,0.3160693641618497,0.5986424348587694,3.5053318482506683,0.43595343247851065,0.5725864812412726
cross_project,0.75,static_lr,closed_only_label,18322,0.8601681039187862,0.27404726750109454,0.8921391743997589,0.5831164530803584,1.8890574228996329,0.24483696401871904,1962,1856,0.40050005829936663,0.8666351148002525,0.2533129459734964,0.3855169494350484,0.258248730964467,0.8911758265820013,3.4994693257578144,0.3987396450457343,0.8576854587579713
temporal,0.0,business_rule,raw_ranking,3293,0.5718190100212572,0.2315984435801277,0.5887487233546451,0.5542794243379547,0.3309308529228178,0.5439448389015981,397,336,0.4079577450632613,0.5930230698492663,0.818639798488665,0.41539151315603795,0.2788104089219331,0.6176470588235294,12.601856448054551,0.43603225038937177,0.558569360872708
temporal,0.0,business_rule,floor,3293,0.5718190100212572,0.20052431030106163,0.7162698250838957,0.7164826762786108,0.08701964747011035,0.961613855845514,397,336,0.11093845055453855,0.6028551273288115,0.4760705289672544,0.08452164253910148,0.17100371747211895,0.6301369863013698,13.336483262108263,0.10953093911067145,0.5170373218429941
temporal,0.0,business_rule,active_only,3008,0.6259973404255319,0.21651502483072027,0.7193534838082495,0.6513676756948132,0.23362463170192607,0.7386680612972162,391,336,0.4030826992349721,0.6059960215970446,0.7570332480818415,0.4300116564573824,0.2623473181093999,0.6253164556962025,12.58184673577563,0.43347733251988085,0.5745042743125844
temporal,0.0,business_rule,exclude_cancelled_removed,2829,0.5705196182396607,0.1977684532054283,0.7200449293372524,0.7233935574015431,-0.07376549603795544,1.1390215757927649,374,293,0.39746413308363093,0.5459838067458388,0.8021390374331551,0.4274971027558452,0.2757125154894672,0.5973154362416108,12.6249811982341,0.4243270394517052,0.4982344879280153
temporal,0.0,business_rule,unseen_issue_ids,3273,0.5698136266422242,0.2010506684971097,0.7134215035796525,0.7154094564952475,0.08211261624967246,0.9561113194692257,397,334,0.41731925312602697,0.5979708928071649,0.8136020151133502,0.41795244044099844,0.27989276139410185,0.6177514792899408,12.613629471422863,0.4482122521856972,0.5644777587146035
temporal,0.0,business_rule,closed_only_label,3293,0.8846037048284239,0.24822903876328106,0.8733905915012987,0.49839873886570185,2.013095132842606,0.19790001541131308,397,377,0.40842137523559807,0.8633021470552956,0.22670025188916876,0.41539151315603795,0.2608994164092001,0.8941176470588236,12.708777082032874,0.42818270265945546,0.8669686420302138
temporal,0.0,dynamic_catboost,raw_ranking,3293,0.5718190100212572,0.21760513605236784,0.7616907344150129,0.7407547184024286,0.46047752666831543,0.6436560394300297,397,336,0.45121882794682644,0.669857262804366,0.5969773299748111,0.41539151315603795,0.32554434413170474,0.7211764705882353,12.557314182783466,0.48242552522103777,0.6320621568642314
temporal,0.0,dynamic_catboost,floor,3293,0.5718190100212572,0.18866569757791862,0.8003733628437961,0.775141900468168,0.006189967838604568,0.9220532823203026,397,336,0.1414475146738566,0.7345152654363182,0.2770780856423174,0.08452164253910148,0.21295804567180032,0.7847358121330724,13.348000390812889,0.13308668672163762,0.6050486390297315
temporal,0.0,dynamic_catboost,active_only,3008,0.6259973404255319,0.2035187829099235,0.8015783228369613,0.7224226116716823,0.14730641358350507,0.7689553699732647,391,336,0.4389485815529737,0.6815917671416393,0.5345268542199488,0.4300116564573824,0.30855018587360594,0.7354430379746836,12.562505945585997,0.46755479421149276,0.6410828625605612
temporal,0.0,dynamic_catboost,exclude_cancelled_removed,2829,0.5705196182396607,0.18730908018802236,0.799628509106983,0.7770814529247683,-0.10147262645122647,0.9951267094738615,374,293,0.4305678018574659,0.5943615876102507,0.6443850267379679,0.4274971027558452,0.31226765799256506,0.676510067114094,12.668854966501053,0.45164824272267184,0.5382576121876138
temporal,0.0,dynamic_catboost,unseen_issue_ids,3273,0.5698136266422242,0.18921385615260466,0.799581193352844,0.7743472763831343,0.0030310052219046407,0.9199030866252709,397,334,0.451231346965554,0.6664387669425453,0.5969773299748111,0.41795244044099844,0.3260053619302949,0.7195266272189349,12.571455588965254,0.48314615344920553,0.6292406807963803
temporal,0.0,dynamic_catboost,closed_only_label,3293,0.8846037048284239,0.24327487575350176,0.9114151048404989,0.5961145138851248,1.983895189399651,0.3041313673242801,397,377,0.42276773012617647,0.8902512894326496,0.181360201511335,0.41539151315603795,0.26707861311362857,0.9152941176470588,12.690186492449747,0.44446405955228113,0.8911415586865036
temporal,0.0,dynamic_no_cohort,raw_ranking,3293,0.5718190100212572,0.2369985214823418,0.743889263513031,0.7265192860344327,0.6180648910029762,0.6367135182072616,397,336,0.4532697516245377,0.6689186757826557,0.6120906801007556,0.41539151315603795,0.3223579394583112,0.7141176470588235,12.656248475037538,0.4836814652294998,0.6334350218432167
temporal,0.0,dynamic_no_cohort,floor,3293,0.5718190100212572,0.1921346834188922,0.7824622740416226,0.7649090594079915,0.10463885528206691,0.9448830149632651,397,336,0.14378872359649025,0.7207871952608795,0.3022670025188917,0.08452164253910148,0.20764737121614446,0.7651663405088063,13.478138132122508,0.13577348259740976,0.6688227655927237
temporal,0.0,dynamic_no_cohort,active_only,3008,0.6259973404255319,0.2076424464609323,0.7834052433558405,0.7086235911960819,0.23559362033433587,0.7731862038745093,391,336,0.44217532593775577,0.6799019607843138,0.5473145780051151,0.4300116564573824,0.30589484864577804,0.7291139240506329,12.657171831695642,0.4715613420388399,0.6429307716702635
temporal,0.0,dynamic_no_cohort,exclude_cancelled_removed,2829,0.5705196182396607,0.19079201566342793,0.7771568839822908,0.7647276148515305,0.017699218265657613,1.0149554387036899,374,293,0.43404664595528164,0.5896092321226011,0.660427807486631,0.4274971027558452,0.30855018587360594,0.6684563758389261,12.638930413832199,0.4567501004839031,0.5358238151070777
temporal,0.0,dynamic_no_cohort,unseen_issue_ids,3273,0.5698136266422242,0.1927063390182808,0.7813859900440674,0.7639484447355593,0.1013839360313488,0.942145420029328,397,334,0.45204704663335143,0.6655001799208348,0.6095717884130982,0.41795244044099844,0.3233243967828418,0.7136094674556213,12.670918957860922,0.48275140287840557,0.6301839433008551
temporal,0.0,dynamic_no_cohort,closed_only_label,3293,0.8846037048284239,0.25558227224811475,0.9028031114368178,0.5751711926572353,2.0106689659113868,0.2772848985934685,397,377,0.41954651383955466,0.8897625044980209,0.18387909319899245,0.41539151315603795,0.266735324407827,0.9141176470588235,12.733413168866377,0.44038916176359816,0.8933381437700204
temporal,0.0,frequency,raw_ranking,3293,0.5718190100212572,0.26478930446981624,0.6570705779736188,0.6194056187689028,0.6240985985096354,0.7401248493128089,397,336,0.36247503505466483,0.554330912580283,0.9269521410579346,0.41539151315603795,0.25597450876261285,0.5670588235294117,12.566469515803398,0.38682839322319046,0.5281819230564158
temporal,0.0,frequency,floor,3293,0.5718190100212572,0.22272736573590687,0.6793298841719441,0.6598605288829128,0.06423154752961073,0.8778728733524098,397,336,0.09465859354366626,0.5317725695357274,0.5491183879093199,0.08452164253910148,0.15560276155071695,0.5733855185909981,13.662192094288947,0.09054217811613519,0.5295696496326748
temporal,0.0,frequency,active_only,3008,0.6259973404255319,0.21841824844018445,0.7226038891187868,0.6564704077417832,0.28643890346053963,0.8386917446149074,391,336,0.366833416576306,0.5805677343401129,0.7928388746803069,0.4300116564573824,0.2549123738714817,0.6075949367088608,12.646943756023683,0.39263572201991453,0.5538922633567498
temporal,0.0,frequency,exclude_cancelled_removed,2829,0.5705196182396607,0.21805006138152971,0.6825192318773116,0.6694613999928608,-0.08355142754926692,1.1258524760626287,374,293,0.3582602535222192,0.5084629719656457,0.8983957219251337,0.4274971027558452,0.2534076827757125,0.548993288590604,12.662095770386614,0.3909210398222324,0.47370504088038423
temporal,0.0,frequency,unseen_issue_ids,3273,0.5698136266422242,0.22339452830627998,0.6754033393736412,0.6582729100658056,0.06052980904514476,0.8693064671277918,397,334,0.36141721892260986,0.5508674365097538,0.9269521410579346,0.41795244044099844,0.25576407506702414,0.5644970414201184,12.582127612934904,0.3885259031214728,0.5265344687223583
temporal,0.0,frequency,closed_only_label,3293,0.8846037048284239,0.2387661901381457,0.865660464188138,0.4180014273583031,2.151856107979234,-0.34667344454288995,397,377,0.3953303077194778,0.8478019671344609,0.2619647355163728,0.41539151315603795,0.25609337452797803,0.8776470588235294,12.7411514888468,0.41875826442337927,0.8585798153539198
temporal,0.0,static_catboost,raw_ranking,3293,0.5718190100212572,0.21877612722408513,0.7633070461269851,0.7399810924923635,0.49467785529533337,0.6590458879485332,397,336,0.4446287856133834,0.6644956219263524,0.6171284634760705,0.41539151315603795,0.32129580456718004,0.711764705882353,12.572331371625863,0.47687817986469094,0.6271427025900626
temporal,0.0,static_catboost,floor,3293,0.5718190100212572,0.18941328090936005,0.7908108784308413,0.7713114352756842,0.027688103532941388,0.8816942369560997,397,336,0.14378558396165417,0.7454801777170198,0.2770780856423174,0.08452164253910148,0.21295804567180032,0.7847358121330724,13.341344214437367,0.1367861458295358,0.6873757652118996
temporal,0.0,static_catboost,active_only,3008,0.6259973404255319,0.20480751339398634,0.7918416566366834,0.7170656753407683,0.16253692195424302,0.7336607456195284,391,336,0.43529559728347345,0.6797771282426014,0.5447570332480819,0.4300116564573824,0.3064259160913436,0.730379746835443,12.577538895187704,0.465582283931058,0.6400107335817606
temporal,0.0,static_catboost,exclude_cancelled_removed,2829,0.5705196182396607,0.18677338074467692,0.7937358844173289,0.7769718155440308,-0.07604040433568734,0.9668675671465943,374,293,0.4239732194189155,0.5907901590388221,0.660427807486631,0.4274971027558452,0.30855018587360594,0.6684563758389261,12.663111543962662,0.447588406143197,0.53518770798989
temporal,0.0,static_catboost,unseen_issue_ids,3273,0.5698136266422242,0.1900226171329852,0.7896697724527817,0.7705036710943212,0.02413742804682012,0.8786158633079972,397,334,0.44161704366926696,0.6585582343768742,0.6196473551637279,0.41795244044099844,0.32117962466487937,0.7088757396449704,12.581639435882801,0.475270759157667,0.622660096954105
temporal,0.0,static_catboost,closed_only_label,3293,0.8846037048284239,0.24851991719956879,0.9061674642286995,0.5861528176775616,1.9911894629973113,0.2725702989409538,397,377,0.42276337072194975,0.8904162168645796,0.17884130982367757,0.41539151315603795,0.26742190181943015,0.9164705882352941,12.70329613095238,0.44153627285699815,0.8871057069954081
temporal,0.0,static_lr,raw_ranking,3293,0.5718190100212572,0.19557897472021918,0.7824514340411193,0.771648531278366,0.3710308277071138,0.6886929673665944,397,336,0.44994852080866027,0.6610841229858861,0.6297229219143576,0.41539151315603795,0.3186404673393521,0.7058823529411765,12.502832813681028,0.4727038276954721,0.6101410925295114
temporal,0.0,static_lr,floor,3293,0.5718190100212572,0.18584053221209465,0.799790343976306,0.7784092835109209,-0.02096979724869224,0.8618109810415683,397,336,0.1402916902249014,0.7103243686138423,0.3198992443324937,0.08452164253910148,0.20392989909718534,0.7514677103718199,13.328792135681434,0.1316435080638368,0.6529834119907649
temporal,0.0,static_lr,active_only,3008,0.6259973404255319,0.2011134429457801,0.8012148080670674,0.7262887826753996,0.08481608803360434,0.7501438757278815,391,336,0.4358563032631993,0.6709546137295498,0.5703324808184144,0.4300116564573824,0.30111524163568776,0.7177215189873418,12.511816650702427,0.452754931255532,0.6171186224950415
temporal,0.0,static_lr,exclude_cancelled_removed,2829,0.5705196182396607,0.18353662433229903,0.8000849232522407,0.7827364470349463,-0.16798799051223498,1.000755351991071,374,293,0.44427146893488056,0.6022958770284973,0.6336898395721925,0.4274971027558452,0.31474597273853777,0.6818791946308724,12.622940421520312,0.4718898137445186,0.5441519604371027
temporal,0.0,static_lr,unseen_issue_ids,3273,0.5698136266422242,0.18646956613499444,0.7980058036973721,0.7773542225201071,-0.02450707227586164,0.8642700819126655,397,334,0.4458404551405546,0.6535274479229138,0.6372795969773299,0.41795244044099844,0.31742627345844504,0.7005917159763314,12.535511963853889,0.47041842258116756,0.6048667909048137
temporal,0.0,static_lr,closed_only_label,3293,0.8846037048284239,0.25009869161455783,0.9032489909107829,0.5439310170379605,1.996578690250354,0.17642457885196902,397,377,0.4183106186250541,0.8851715245292072,0.16876574307304787,0.41539151315603795,0.2687950566426365,0.9211764705882353,12.639564118435985,0.4373312800906935,0.8799302244813447
temporal,0.25,business_rule,raw_ranking,3293,0.5718190100212572,0.17669429713139098,0.7175019957707982,0.7522660760895357,0.5338369138289585,0.9180772162770087,397,336,0.47635730148455413,0.6746171684458837,0.6020151133501259,0.41539151315603795,0.3244822092405735,0.7188235294117648,9.502606721479005,0.5216729125703317,0.6509546013512405
temporal,0.25,business_rule,floor,3293,0.5718190100212572,0.15029585769909498,0.8211628126709399,0.8354913127158637,0.12178465886178284,1.0426501271229653,397,336,0.14855043310790025,0.7086968733021364,0.32997481108312343,0.08452164253910148,0.201805629314923,0.7436399217221135,10.21612363114316,0.15877506739152913,0.7038571274915812
temporal,0.25,business_rule,active_only,2616,0.7198012232415902,0.188582874090694,0.8211628126709399,0.6835508198217846,0.3935438791289588,0.7304779730201852,375,336,0.4337211967950949,0.7170349206349206,0.4746666666666667,0.433264250422813,0.2782793414763675,0.7464387464387464,9.497447827787258,0.46752479889703974,0.6910845989624353
temporal,0.25,business_rule,exclude_cancelled_removed,2829,0.5705196182396607,0.1464180072817246,0.8285863448857885,0.8423878511583316,-0.127504156147233,1.2128800241857385,374,293,0.47983088243334304,0.6283613445378151,0.6042780748663101,0.4274971027558452,0.3215613382899628,0.6966442953020134,9.475810596955128,0.531046924354327,0.5866535258552666
temporal,0.25,business_rule,unseen_issue_ids,3273,0.5698136266422242,0.1507041560205904,0.8193800090640477,0.8350600932244698,0.11900096785084674,1.0392162195400514,397,334,0.4731642131862927,0.6695344048618608,0.6070528967254408,0.41795244044099844,0.32386058981233246,0.714792899408284,9.513568614384587,0.5204913631567836,0.6468439398452588
temporal,0.25,business_rule,closed_only_label,3293,0.8846037048284239,0.2595763734822599,0.9203923935742172,0.6787486223282202,2.2335740105961754,0.34752779248330157,397,377,0.4235603090808947,0.8873245771860381,0.163727959697733,0.41539151315603795,0.26948163405423964,0.9235294117647059,9.585637621866296,0.44227917337095896,0.8903584189548496
temporal,0.25,dynamic_catboost,raw_ranking,3293,0.5718190100212572,0.16496337305276185,0.8421809694358835,0.8471640621763219,0.6652514442245068,0.8202692761728898,397,336,0.5022418005477824,0.7127873735556355,0.5012594458438288,0.41539151315603795,0.34572490706319703,0.7658823529411765,9.543842461917563,0.5421992645829502,0.6710879384476459
temporal,0.25,dynamic_catboost,floor,3293,0.5718190100212572,0.142784337778521,0.8689641577912282,0.8636505048907168,0.08368176161930445,0.9784000976301278,397,336,0.16799861606219352,0.7597744360902254,0.2367758186397985,0.08452164253910148,0.2214551248008497,0.8160469667318982,10.292922617487772,0.16969242583875568,0.6894877514888018
temporal,0.25,dynamic_catboost,active_only,2616,0.7198012232415902,0.17752889979715766,0.8694710949664255,0.7401710863118633,0.36861644778048197,0.7131629361486977,375,336,0.46212867222058546,0.7638539682539682,0.3626666666666667,0.433264250422813,0.3005841741901221,0.8062678062678063,9.532787568306011,0.48959622285118864,0.7172108293933815
temporal,0.25,dynamic_catboost,exclude_cancelled_removed,2829,0.5705196182396607,0.14075792400841797,0.8741498404813579,0.8675756370441761,-0.03428914552455538,1.0360908171004786,374,293,0.4886059978148125,0.6475012732365673,0.5320855614973262,0.4274971027558452,0.3382899628252788,0.7328859060402685,9.553412319762511,0.53723061068327,0.5843925611758236
temporal,0.25,dynamic_catboost,unseen_issue_ids,3273,0.5698136266422242,0.1431765141328793,0.8689827817823752,0.8635754326102851,0.08020599298314278,0.9774749751666829,397,334,0.5015815778930639,0.7081094318499859,0.5037783375314862,0.41795244044099844,0.34584450402144773,0.7633136094674556,9.571725429518398,0.5428730467460148,0.6676506988329968
temporal,0.25,dynamic_catboost,closed_only_label,3293,0.8846037048284239,0.2627638968453816,0.9412030114898465,0.7148409127866009,2.203772887966773,0.41038743437804165,397,377,0.4287669298073181,0.9021290632121867,0.1385390428211587,0.41539151315603795,0.2729145211122554,0.9352941176470588,9.573341822581881,0.44974157365916984,0.9015527357736588
temporal,0.25,dynamic_no_cohort,raw_ranking,3293,0.5718190100212572,0.17002307756297955,0.8322722107064282,0.8388483369302796,0.6934469118425975,0.823790715576649,397,336,0.4877341115649706,0.6998360721282636,0.5214105793450882,0.41539151315603795,0.34147636749867233,0.7564705882352941,9.549544956140352,0.5279745821858086,0.6612131260401746
temporal,0.25,dynamic_no_cohort,floor,3293,0.5718190100212572,0.14437935175823952,0.8632701873250923,0.8574778816058577,0.04677803574694195,0.9951176513064757,397,336,0.17195458148053602,0.7948934837092732,0.22670025188916876,0.08452164253910148,0.22357939458311205,0.8238747553816047,10.202244551121153,0.17317867591094988,0.7428002128369775
temporal,0.25,dynamic_no_cohort,active_only,2616,0.7198012232415902,0.17879088293003073,0.8638332825312531,0.7285039040340114,0.359123220459192,0.7075470638047551,375,336,0.4529302572970476,0.7588126984126984,0.37066666666666664,0.433264250422813,0.2989909718534254,0.801994301994302,9.557315689599482,0.47927544739366834,0.7148506894698494
temporal,0.25,dynamic_no_cohort,exclude_cancelled_removed,2829,0.5705196182396607,0.14266840831048236,0.8680583383363296,0.8606891346805983,-0.06894359454030366,1.0482193512857452,374,293,0.47081456560822216,0.635246371275783,0.5588235294117647,0.4274971027558452,0.33209417596034696,0.7194630872483222,9.571975485030263,0.5023063819563299,0.5704262622056426
temporal,0.25,dynamic_no_cohort,unseen_issue_ids,3273,0.5698136266422242,0.1447649732890763,0.8631389852283631,0.8573435215086521,0.04435260443508363,0.9942838668684543,397,334,0.48748141234487047,0.6964175762664427,0.5214105793450882,0.41795244044099844,0.3420911528150134,0.7550295857988165,9.560635951296911,0.5286228431328758,0.6583916499723232
temporal,0.25,dynamic_no_cohort,closed_only_label,3293,0.8846037048284239,0.2566177151484437,0.9384669516981105,0.7096920338952427,2.175895668296929,0.4243631029700642,397,377,0.42396379196372935,0.8960417416336811,0.15113350125944586,0.41539151315603795,0.2711980775832475,0.9294117647058824,9.550066183241253,0.44296107448872046,0.8960988219787078
temporal,0.25,frequency,raw_ranking,3293,0.5718190100212572,0.26478930446981624,0.6570705779736188,0.6194056187689028,0.6240985985096354,0.7401248493128089,397,336,0.36247503505466483,0.554330912580283,0.9269521410579346,0.41539151315603795,0.25597450876261285,0.5670588235294117,9.424852136852548,0.38682839322319046,0.5281819230564158
temporal,0.25,frequency,floor,3293,0.5718190100212572,0.22272736573590687,0.6793298841719441,0.6598605288829128,0.06423154752961073,0.8778728733524098,397,336,0.09465859354366626,0.5317725695357274,0.5491183879093199,0.08452164253910148,0.15560276155071695,0.5733855185909981,10.246644070716709,0.09054217811613519,0.5295696496326748
temporal,0.25,frequency,active_only,2616,0.7198012232415902,0.20685391637524148,0.7988904385260962,0.6546695898319058,0.7146880428057769,0.8295008878833958,375,336,0.39249864266500517,0.6638243386243387,0.5813333333333334,0.433264250422813,0.257036643653744,0.6894586894586895,9.52731686827957,0.4250333777673369,0.6329921587874704
temporal,0.25,frequency,exclude_cancelled_removed,2829,0.5705196182396607,0.21805006138152971,0.6825192318773116,0.6694613999928608,-0.08355142754926692,1.1258524760626287,374,293,0.3582602535222192,0.5084629719656457,0.8983957219251337,0.4274971027558452,0.2534076827757125,0.548993288590604,9.49657182778996,0.3909210398222324,0.47370504088038423
temporal,0.25,frequency,unseen_issue_ids,3273,0.5698136266422242,0.22339452830627998,0.6754033393736412,0.6582729100658056,0.06052980904514476,0.8693064671277918,397,334,0.36141721892260986,0.5508674365097538,0.9269521410579346,0.41795244044099844,0.25576407506702414,0.5644970414201184,9.436595709701178,0.3885259031214728,0.5265344687223583
temporal,0.25,frequency,closed_only_label,3293,0.8846037048284239,0.2387661901381457,0.865660464188138,0.4180014273583031,2.151856107979234,-0.34667344454288995,397,377,0.3953303077194778,0.8478019671344609,0.2619647355163728,0.41539151315603795,0.25609337452797803,0.8776470588235294,9.5558636166351,0.41875826442337927,0.8585798153539198
temporal,0.25,static_catboost,raw_ranking,3293,0.5718190100212572,0.21877612722408513,0.7633070461269851,0.7399810924923635,0.49467785529533337,0.6590458879485332,397,336,0.4446287856133834,0.6644956219263524,0.6171284634760705,0.41539151315603795,0.32129580456718004,0.711764705882353,9.429248528719397,0.47687817986469094,0.6271427025900626
temporal,0.25,static_catboost,floor,3293,0.5718190100212572,0.18941328090936005,0.7908108784308413,0.7713114352756842,0.027688103532941388,0.8816942369560997,397,336,0.14378558396165417,0.7454801777170198,0.2770780856423174,0.08452164253910148,0.21295804567180032,0.7847358121330724,10.006008160828024,0.1367861458295358,0.6873757652118996
temporal,0.25,static_catboost,active_only,2616,0.7198012232415902,0.1932207459462883,0.849954455657424,0.7052543074061812,0.588039454600103,0.6916987834514825,375,336,0.4395691363335107,0.7509682539682538,0.37866666666666665,0.433264250422813,0.29739776951672864,0.7977207977207977,9.37322181270764,0.4641481072255678,0.7049743991159421
temporal,0.25,static_catboost,exclude_cancelled_removed,2829,0.5705196182396607,0.18677338074467692,0.7937358844173289,0.7769718155440308,-0.07604040433568734,0.9668675671465943,374,293,0.4239732194189155,0.5907901590388221,0.660427807486631,0.4274971027558452,0.30855018587360594,0.6684563758389261,9.497333657971996,0.447588406143197,0.53518770798989
temporal,0.25,static_catboost,unseen_issue_ids,3273,0.5698136266422242,0.1900226171329852,0.7896697724527817,0.7705036710943212,0.02413742804682012,0.8786158633079972,397,334,0.44161704366926696,0.6585582343768742,0.6196473551637279,0.41795244044099844,0.32117962466487937,0.7088757396449704,9.436229576912101,0.475270759157667,0.622660096954105
temporal,0.25,static_catboost,closed_only_label,3293,0.8846037048284239,0.24851991719956879,0.9061674642286995,0.5861528176775616,1.9911894629973113,0.2725702989409538,397,377,0.42276337072194975,0.8904162168645796,0.17884130982367757,0.41539151315603795,0.26742190181943015,0.9164705882352941,9.527472098214286,0.44153627285699815,0.8871057069954081
temporal,0.25,static_lr,raw_ranking,3293,0.5718190100212572,0.19557897472021918,0.7824514340411193,0.771648531278366,0.3710308277071138,0.6886929673665944,397,336,0.44994852080866027,0.6610841229858861,0.6297229219143576,0.41539151315603795,0.3186404673393521,0.7058823529411765,9.377124610260772,0.4727038276954721,0.6101410925295114
temporal,0.25,static_lr,floor,3293,0.5718190100212572,0.18584053221209465,0.799790343976306,0.7784092835109209,-0.02096979724869224,0.8618109810415683,397,336,0.1402916902249014,0.7103243686138423,0.3198992443324937,0.08452164253910148,0.20392989909718534,0.7514677103718199,9.996594101761076,0.1316435080638368,0.6529834119907649
temporal,0.25,static_lr,active_only,2616,0.7198012232415902,0.18635243722442243,0.8514397755328197,0.7159817973553856,0.5208199534686482,0.7021565478752535,375,336,0.4506082755680109,0.7516835978835978,0.3973333333333333,0.433264250422813,0.2936802973977695,0.7877492877492878,9.369145556478406,0.4694097915679574,0.6948548860242971
temporal,0.25,static_lr,exclude_cancelled_removed,2829,0.5705196182396607,0.18353662433229903,0.8000849232522407,0.7827364470349463,-0.16798799051223498,1.000755351991071,374,293,0.44427146893488056,0.6022958770284973,0.6336898395721925,0.4274971027558452,0.31474597273853777,0.6818791946308724,9.467205316140232,0.4718898137445186,0.5441519604371027
temporal,0.25,static_lr,unseen_issue_ids,3273,0.5698136266422242,0.18646956613499444,0.7980058036973721,0.7773542225201071,-0.02450707227586164,0.8642700819126655,397,334,0.4458404551405546,0.6535274479229138,0.6372795969773299,0.41795244044099844,0.31742627345844504,0.7005917159763314,9.401633972890416,0.47041842258116756,0.6048667909048137
temporal,0.25,static_lr,closed_only_label,3293,0.8846037048284239,0.25009869161455783,0.9032489909107829,0.5439310170379605,1.996578690250354,0.17642457885196902,397,377,0.4183106186250541,0.8851715245292072,0.16876574307304787,0.41539151315603795,0.2687950566426365,0.9211764705882353,9.479673088826988,0.4373312800906935,0.8799302244813447
temporal,0.5,business_rule,raw_ranking,3293,0.5718190100212572,0.1407457466299777,0.8110128698046417,0.8467303570957768,0.6204696339490796,1.0507414115671794,397,336,0.5122575986663639,0.7228299548198793,0.48614609571788414,0.41539151315603795,0.34891131173659057,0.7729411764705882,6.315103239256884,0.5597814746674075,0.7025308868489146
temporal,0.5,business_rule,floor,3293,0.5718190100212572,0.12187246994769053,0.8631859266271136,0.8796444861263338,0.17937391133029346,0.9863768842318045,397,336,0.17422807430812548,0.7895388821704611,0.23425692695214106,0.08452164253910148,0.2219861922464153,0.8180039138943248,6.739683480261698,0.18895949202365103,0.7949180902437204
temporal,0.5,business_rule,active_only,2415,0.7780538302277433,0.16432757132365858,0.8636999897197647,0.6871316316236805,0.5052410486396022,0.6938796235936593,367,335,0.4532693967593152,0.782986246269625,0.3188010899182561,0.44795781341940194,0.28738690792974986,0.821917808219178,6.309720160826676,0.49028896288786805,0.7623946506302549
temporal,0.5,business_rule,exclude_cancelled_removed,2829,0.5705196182396607,0.1185051028929069,0.8672035427369422,0.8843672393307531,-0.06782040697520596,1.1081068270976784,374,293,0.5194632258199525,0.6719908211218372,0.5,0.4274971027558452,0.34572490706319703,0.748993288590604,6.3013293862773025,0.5950725248820283,0.6290906720424128
temporal,0.5,business_rule,unseen_issue_ids,3273,0.5698136266422242,0.12217905185398238,0.86134255593755,0.8793142974652692,0.1788588319050825,0.9840818086166583,397,334,0.5127724961795703,0.7202660829235137,0.48866498740554154,0.41795244044099844,0.3490616621983914,0.770414201183432,6.3241553158866255,0.561238611523498,0.7000813549110392
temporal,0.5,business_rule,closed_only_label,3293,0.8846037048284239,0.26307182795767287,0.9451644476317461,0.7710490180136231,2.5926263830685823,0.43260197970481495,397,377,0.4331932829833786,0.909020031186278,0.11335012594458438,0.41539151315603795,0.2763474081702712,0.9470588235294117,6.363413432267884,0.4536556115259781,0.9121797712710976
temporal,0.5,dynamic_catboost,raw_ranking,3293,0.5718190100212572,0.12787905345967293,0.8763587636076424,0.8894313811896664,0.5736258829997137,0.8654495593053496,397,336,0.5335986433609892,0.7531646075726681,0.42317380352644834,0.41539151315603795,0.3621879978757302,0.8023529411764706,6.298255370082816,0.5767958460004613,0.715723219067746
temporal,0.5,dynamic_catboost,floor,3293,0.5718190100212572,0.1136932210218418,0.8999722772220984,0.9028278399867422,0.09022375934628055,1.0259546120690115,397,336,0.18196679044506506,0.8415350877192983,0.17632241813602015,0.08452164253910148,0.2342007434944238,0.863013698630137,6.682595904249626,0.18295084334254633,0.7911164281437392
temporal,0.5,dynamic_catboost,active_only,2415,0.7780538302277433,0.1516318813935532,0.9006792096562249,0.7487032638828212,0.43810864708589886,0.7444897056708872,367,335,0.4779124997510841,0.8284222135720773,0.2452316076294278,0.44795781341940194,0.30175625332623734,0.863013698630137,6.269778084472485,0.506665760277196,0.7831872133307122
temporal,0.5,dynamic_catboost,exclude_cancelled_removed,2829,0.5705196182396607,0.112545033965861,0.9021955471947258,0.9042065058311788,-0.0489630800385638,1.0686478799448134,374,293,0.5285291409438881,0.6847370766488413,0.45989304812834225,0.4274971027558452,0.3550185873605948,0.7691275167785235,6.321783312289562,0.5950511522967038,0.627257411446689
temporal,0.5,dynamic_catboost,unseen_issue_ids,3273,0.5698136266422242,0.1140265579878401,0.8990497403813064,0.9027331373385329,0.08886050498424529,1.025917604489598,397,334,0.531134784420337,0.7472272200231898,0.4256926952141058,0.41795244044099844,0.36246648793565683,0.8,6.302629183356554,0.5754438827449233,0.7112406134317885
temporal,0.5,dynamic_catboost,closed_only_label,3293,0.8846037048284239,0.2617165012136542,0.9587860957751505,0.7852647839991327,2.447735040180295,0.45090293754875793,397,377,0.4414257458350089,0.9226640278277558,0.10075566750629723,0.41539151315603795,0.2780638516992791,0.9529411764705882,6.320298601752021,0.4594365443921826,0.9174849663983798
temporal,0.5,dynamic_no_cohort,raw_ranking,3293,0.5718190100212572,0.13830228772592365,0.8739428551695518,0.8844596859545844,0.7469798953336731,0.8643033184288035,397,336,0.54232543201402,0.7527597856942945,0.4156171284634761,0.41539151315603795,0.363781200212427,0.8058823529411765,6.285768238152748,0.5875932047735536,0.7173675811967651
temporal,0.5,dynamic_no_cohort,floor,3293,0.5718190100212572,0.11551764124296787,0.8965805846867837,0.8985582083818262,0.07836434741467571,1.0658908410944252,397,336,0.18399427498031354,0.838907496012759,0.17884130982367757,0.08452164253910148,0.23366967604885822,0.8610567514677103,6.738769312553832,0.18789405146065916,0.7861456079155656
temporal,0.5,dynamic_no_cohort,active_only,2415,0.7780538302277433,0.15373731413652653,0.8972706933723694,0.7373056881637581,0.43998298125792795,0.7632948618682132,367,335,0.48405137061416,0.8281497340080446,0.24250681198910082,0.44795781341940194,0.30228845130388504,0.8645357686453576,6.283841862367098,0.5172682769985795,0.7874837918057247
temporal,0.5,dynamic_no_cohort,exclude_cancelled_removed,2829,0.5705196182396607,0.1150772010077337,0.8995951997566378,0.8992182599782765,-0.06172773511681415,1.1189641322342325,374,293,0.5360605207115047,0.6852654698242934,0.4625668449197861,0.4274971027558452,0.3543990086741016,0.7677852348993288,6.304868047198823,0.6052507844897529,0.6269209150395813
temporal,0.5,dynamic_no_cohort,unseen_issue_ids,3273,0.5698136266422242,0.11579983911603425,0.8969812119127761,0.8985909700219352,0.07605342075709022,1.0673098380226738,397,334,0.5399092231205762,0.7468223981448163,0.4181360201511335,0.41795244044099844,0.3640750670241287,0.8035502958579882,6.290024617583883,0.5865250780518522,0.7128849755608077
temporal,0.5,dynamic_no_cohort,closed_only_label,3293,0.8846037048284239,0.2576381031135362,0.9599539915626708,0.7883128263501185,2.4548493427474587,0.47097916809082707,397,377,0.4390112725982545,0.9200551757226821,0.10831234256926953,0.41539151315603795,0.27703398558187436,0.9494117647058824,6.318518612362362,0.4585608969428881,0.9167769635832236
temporal,0.5,frequency,raw_ranking,3293,0.5718190100212572,0.26478930446981624,0.6570705779736188,0.6194056187689028,0.6240985985096354,0.7401248493128089,397,336,0.36247503505466483,0.554330912580283,0.9269521410579346,0.41539151315603795,0.25597450876261285,0.5670588235294117,6.283234757901699,0.38682839322319046,0.5281819230564158
temporal,0.5,frequency,floor,3293,0.5718190100212572,0.22272736573590687,0.6793298841719441,0.6598605288829128,0.06423154752961073,0.8778728733524098,397,336,0.09465859354366626,0.5317725695357274,0.5491183879093199,0.08452164253910148,0.15560276155071695,0.5733855185909981,6.831096047144474,0.09054217811613519,0.5295696496326748
temporal,0.5,frequency,active_only,2415,0.7780538302277433,0.1999670503543901,0.842558085140491,0.6504789781798829,1.0289719539451347,0.8050756539656494,367,335,0.42538886041713897,0.7348600839064053,0.4305177111716621,0.44795781341940194,0.2655667908461948,0.7595129375951294,6.300912251078133,0.4591672705051969,0.7046573782494375
temporal,0.5,frequency,exclude_cancelled_removed,2829,0.5705196182396607,0.21805006138152971,0.6825192318773116,0.6694613999928608,-0.08355142754926692,1.1258524760626287,374,293,0.3582602535222192,0.5084629719656457,0.8983957219251337,0.4274971027558452,0.2534076827757125,0.548993288590604,6.331047885193307,0.3909210398222324,0.47370504088038423
temporal,0.5,frequency,unseen_issue_ids,3273,0.5698136266422242,0.22339452830627998,0.6754033393736412,0.6582729100658056,0.06052980904514476,0.8693064671277918,397,334,0.36141721892260986,0.5508674365097538,0.9269521410579346,0.41795244044099844,0.25576407506702414,0.5644970414201184,6.291063806467452,0.3885259031214728,0.5265344687223583
temporal,0.5,frequency,closed_only_label,3293,0.8846037048284239,0.2387661901381457,0.865660464188138,0.4180014273583031,2.151856107979234,-0.34667344454288995,397,377,0.3953303077194778,0.8478019671344609,0.2619647355163728,0.41539151315603795,0.25609337452797803,0.8776470588235294,6.3705757444234,0.41875826442337927,0.8585798153539198
temporal,0.5,static_catboost,raw_ranking,3293,0.5718190100212572,0.21877612722408513,0.7633070461269851,0.7399810924923635,0.49467785529533337,0.6590458879485332,397,336,0.4446287856133834,0.6644956219263524,0.6171284634760705,0.41539151315603795,0.32129580456718004,0.711764705882353,6.286165685812931,0.47687817986469094,0.6271427025900626
temporal,0.5,static_catboost,floor,3293,0.5718190100212572,0.18941328090936005,0.7908108784308413,0.7713114352756842,0.027688103532941388,0.8816942369560997,397,336,0.14378558396165417,0.7454801777170198,0.2770780856423174,0.08452164253910148,0.21295804567180032,0.7847358121330724,6.670672107218683,0.1367861458295358,0.6873757652118996
temporal,0.5,static_catboost,active_only,2415,0.7780538302277433,0.18470211754347934,0.8801628858167149,0.6968367979156903,0.9072788415481972,0.6580173766545492,367,335,0.4519855921173016,0.7960393149085246,0.28337874659400547,0.44795781341940194,0.29430548163916975,0.8417047184170472,6.266762001482691,0.4797557072462147,0.752692242146671
temporal,0.5,static_catboost,exclude_cancelled_removed,2829,0.5705196182396607,0.18677338074467692,0.7937358844173289,0.7769718155440308,-0.07604040433568734,0.9668675671465943,374,293,0.4239732194189155,0.5907901590388221,0.660427807486631,0.4274971027558452,0.30855018587360594,0.6684563758389261,6.331555771981331,0.447588406143197,0.53518770798989
temporal,0.5,static_catboost,unseen_issue_ids,3273,0.5698136266422242,0.1900226171329852,0.7896697724527817,0.7705036710943212,0.02413742804682012,0.8786158633079972,397,334,0.44161704366926696,0.6585582343768742,0.6196473551637279,0.41795244044099844,0.32117962466487937,0.7088757396449704,6.2908197179414005,0.475270759157667,0.622660096954105
temporal,0.5,static_catboost,closed_only_label,3293,0.8846037048284239,0.24851991719956879,0.9061674642286995,0.5861528176775616,1.9911894629973113,0.2725702989409538,397,377,0.42276337072194975,0.8904162168645796,0.17884130982367757,0.41539151315603795,0.26742190181943015,0.9164705882352941,6.35164806547619,0.44153627285699815,0.8871057069954081
temporal,0.5,static_lr,raw_ranking,3293,0.5718190100212572,0.19557897472021918,0.7824514340411193,0.771648531278366,0.3710308277071138,0.6886929673665944,397,336,0.44994852080866027,0.6610841229858861,0.6297229219143576,0.41539151315603795,0.3186404673393521,0.7058823529411765,6.251416406840514,0.4727038276954721,0.6101410925295114
temporal,0.5,static_lr,floor,3293,0.5718190100212572,0.18584053221209465,0.799790343976306,0.7784092835109209,-0.02096979724869224,0.8618109810415683,397,336,0.1402916902249014,0.7103243686138423,0.3198992443324937,0.08452164253910148,0.20392989909718534,0.7514677103718199,6.664396067840717,0.1316435080638368,0.6529834119907649
temporal,0.5,static_lr,active_only,2415,0.7780538302277433,0.1762529203868295,0.8797816503776794,0.7072106868531213,0.841489340677475,0.667465987621798,367,335,0.46129932834862386,0.8013829419142772,0.29155313351498635,0.44795781341940194,0.2927088877062267,0.837138508371385,6.237725562920875,0.48404529633830834,0.7506107552359615
temporal,0.5,static_lr,exclude_cancelled_removed,2829,0.5705196182396607,0.18353662433229903,0.8000849232522407,0.7827364470349463,-0.16798799051223498,1.000755351991071,374,293,0.44427146893488056,0.6022958770284973,0.6336898395721925,0.4274971027558452,0.31474597273853777,0.6818791946308724,6.311470210760156,0.4718898137445186,0.5441519604371027
temporal,0.5,static_lr,unseen_issue_ids,3273,0.5698136266422242,0.18646956613499444,0.7980058036973721,0.7773542225201071,-0.02450707227586164,0.8642700819126655,397,334,0.4458404551405546,0.6535274479229138,0.6372795969773299,0.41795244044099844,0.31742627345844504,0.7005917159763314,6.267755981926944,0.47041842258116756,0.6048667909048137
temporal,0.5,static_lr,closed_only_label,3293,0.8846037048284239,0.25009869161455783,0.9032489909107829,0.5439310170379605,1.996578690250354,0.17642457885196902,397,377,0.4183106186250541,0.8851715245292072,0.16876574307304787,0.41539151315603795,0.2687950566426365,0.9211764705882353,6.319782059217992,0.4373312800906935,0.8799302244813447
temporal,0.75,business_rule,raw_ranking,3293,0.5718190100212572,0.09804734599448361,0.9082996121702824,0.9255392594433962,1.025487263334431,1.2315652990146382,397,336,0.545397855891119,0.763351125504778,0.37279596977329976,0.41539151315603795,0.372809346787042,0.8258823529411765,3.1541077293113426,0.5964800851461047,0.7346616213488945
temporal,0.75,business_rule,floor,3293,0.5718190100212572,0.07182448622794019,0.9395377867615109,0.9474582208110643,0.26139746006877573,1.0024683803395795,397,336,0.18989695535614734,0.8565726817042607,0.15113350125944586,0.08452164253910148,0.23951141795007966,0.8825831702544031,3.3522662569178374,0.19371629992997766,0.8238200931478242
temporal,0.75,business_rule,active_only,2150,0.8730232558139535,0.10708804849956893,0.9404199086819043,0.7385899484993784,0.6848986053215165,0.7329646518390787,355,335,0.4693899401398502,0.8689201877934272,0.16901408450704225,0.4637602568304522,0.29088971763452315,0.900990099009901,3.1386551457014766,0.5129641199982939,0.8465889176603686
temporal,0.75,business_rule,exclude_cancelled_removed,2829,0.5705196182396607,0.07055233045584056,0.9411265975439673,0.9493212681220392,-0.010187212233508422,1.0545196220746698,374,293,0.5557819633332294,0.7092245989304813,0.40641711229946526,0.4274971027558452,0.3674101610904585,0.7959731543624161,3.1318117544813497,0.6481133297173011,0.6604882312047644
temporal,0.75,business_rule,unseen_issue_ids,3273,0.5698136266422242,0.07207838229980441,0.9387444631668316,0.9471971728003901,0.2620745838350225,1.0002247074259887,397,334,0.5461483634925635,0.7608322338171206,0.37531486146095716,0.41795244044099844,0.3731903485254692,0.8236686390532545,3.1585094660687334,0.5978750259271532,0.732234080966262
temporal,0.75,business_rule,closed_only_label,3293,0.8846037048284239,0.2802802268768888,0.968440001479117,0.8610886768930565,3.0602032862402213,0.45270687808499116,397,377,0.43462547148453257,0.9127383951061534,0.10075566750629723,0.41539151315603795,0.2780638516992791,0.9529411764705882,3.1643348871131405,0.45624299980861993,0.9125338148688502
temporal,0.75,dynamic_catboost,raw_ranking,3293,0.5718190100212572,0.09024685912832053,0.9161940616245059,0.9346090251334259,0.784405454429428,0.8385724809609462,397,336,0.5455263981458868,0.7700471792411339,0.3501259445843829,0.41539151315603795,0.37758895379713225,0.8364705882352941,3.142693593623011,0.5861743129874454,0.7292237412170889
temporal,0.75,dynamic_catboost,floor,3293,0.5718190100212572,0.07378176573171913,0.9479778934617336,0.9506099742752436,0.2721731595477611,0.9761039556774406,397,336,0.18905598101639845,0.8645175438596491,0.12846347607052896,0.08452164253910148,0.24429102496016994,0.9001956947162426,3.3752594914136522,0.19021267947893228,0.8042354964098662
temporal,0.75,dynamic_catboost,active_only,2150,0.8730232558139535,0.10845689076449756,0.9489121863188928,0.755207144125631,0.8660112926265819,0.6164829499230802,355,335,0.46781411424883557,0.8758215962441314,0.15211267605633802,0.4637602568304522,0.29408630793819923,0.9108910891089109,3.1393026070968117,0.5022943399500013,0.8401994559856407
temporal,0.75,dynamic_catboost,exclude_cancelled_removed,2829,0.5705196182396607,0.07346465770080061,0.9495662079323481,0.9511680205608334,0.12115552635029167,0.9899603956020544,374,293,0.5501236821630028,0.708957219251337,0.39037433155080214,0.4274971027558452,0.3711276332094176,0.8040268456375839,3.1299424325611716,0.6369097236195608,0.6544350708573086
temporal,0.75,dynamic_catboost,unseen_issue_ids,3273,0.5698136266422242,0.0739829843995715,0.9475067814544695,0.9505445710455764,0.2679370815884699,0.9736140905432262,397,334,0.5462822816337024,0.7675282875534765,0.3526448362720403,0.41795244044099844,0.3780160857908847,0.834319526627219,3.147073278811437,0.5873857783667645,0.7267962008344565
temporal,0.75,dynamic_catboost,closed_only_label,3293,0.8846037048284239,0.2832245084138156,0.9677510873121248,0.8198782228485735,2.783205043170793,0.403476280467496,397,377,0.4366110388512252,0.9215545160129542,0.0906801007556675,0.41539151315603795,0.27943700652248543,0.9576470588235294,3.158086920352758,0.45536906302648106,0.9195175023521636
temporal,0.75,dynamic_no_cohort,raw_ranking,3293,0.5718190100212572,0.09794484736179426,0.9116543115608918,0.9289441173922706,0.9287338180031519,0.8223429077433707,397,336,0.5483591308893337,0.7668146015753069,0.3677581863979849,0.41539151315603795,0.37387148167817313,0.8282352941176471,3.1524037452980322,0.5861030407222955,0.7214450408480226
temporal,0.75,dynamic_no_cohort,floor,3293,0.5718190100212572,0.07306007894263676,0.9403909722275532,0.9463785719935369,0.28831965851024166,0.9647756188857969,397,336,0.18932588307201476,0.859078947368421,0.14609571788413098,0.08452164253910148,0.24057355284121085,0.8864970645792564,3.379558990767657,0.19333209879733118,0.8039193236672227
temporal,0.75,dynamic_no_cohort,active_only,2150,0.8730232558139535,0.1075822930248141,0.9412021184810405,0.7318796458380902,0.8650888204633636,0.617831916486528,355,335,0.47687646980372844,0.8784507042253522,0.15774647887323945,0.4637602568304522,0.2930207778369739,0.9075907590759076,3.1514483748831634,0.511613277444422,0.8402937280974101
temporal,0.75,dynamic_no_cohort,exclude_cancelled_removed,2829,0.5705196182396607,0.0738553800963283,0.9428316406023296,0.9459168999648141,0.1546263032372413,0.9752593555100233,374,293,0.553005745113325,0.7020944741532976,0.41711229946524064,0.4274971027558452,0.3649318463444858,0.7906040268456376,3.1416380030752777,0.6375625916043616,0.6438613621586
temporal,0.75,dynamic_no_cohort,unseen_issue_ids,3273,0.5698136266422242,0.07325404287308462,0.9397339072957026,0.9462879676456253,0.2868456097606983,0.9630893675421809,397,334,0.5483788676823843,0.761776818199992,0.37279596977329976,0.41795244044099844,0.37372654155495977,0.8248520710059172,3.161224176712089,0.5871924984796071,0.717785973371794
temporal,0.75,dynamic_no_cohort,closed_only_label,3293,0.8846037048284239,0.28156936596747223,0.9728598810378339,0.8461560698863534,3.0145010960745027,0.4586163502430495,397,377,0.4398898481645172,0.9257526688257167,0.08312342569269521,0.41539151315603795,0.2804668726398902,0.9611764705882353,3.1590130749397773,0.4569885819580846,0.9216771368206437
temporal,0.75,frequency,raw_ranking,3293,0.5718190100212572,0.26478930446981624,0.6570705779736188,0.6194056187689028,0.6240985985096354,0.7401248493128089,397,336,0.36247503505466483,0.554330912580283,0.9269521410579346,0.41539151315603795,0.25597450876261285,0.5670588235294117,3.1416173789508495,0.38682839322319046,0.5281819230564158
temporal,0.75,frequency,floor,3293,0.5718190100212572,0.22272736573590687,0.6793298841719441,0.6598605288829128,0.06423154752961073,0.8778728733524098,397,336,0.09465859354366626,0.5317725695357274,0.5491183879093199,0.08452164253910148,0.15560276155071695,0.5733855185909981,3.415548023572237,0.09054217811613519,0.5295696496326748
temporal,0.75,frequency,active_only,2150,0.8730232558139535,0.18743854249676564,0.9118319311270527,0.6522781072594604,1.704900260552401,0.8200541422938223,355,335,0.4565883359213822,0.8368745808182427,0.23943661971830985,0.4637602568304522,0.2775705913692062,0.8597359735973598,3.149673247782572,0.49821589553180473,0.8105654629945178
temporal,0.75,frequency,exclude_cancelled_removed,2829,0.5705196182396607,0.21805006138152971,0.6825192318773116,0.6694613999928608,-0.08355142754926692,1.1258524760626287,374,293,0.3582602535222192,0.5084629719656457,0.8983957219251337,0.4274971027558452,0.2534076827757125,0.548993288590604,3.1655239425966535,0.3909210398222324,0.47370504088038423
temporal,0.75,frequency,unseen_issue_ids,3273,0.5698136266422242,0.22339452830627998,0.6754033393736412,0.6582729100658056,0.06052980904514476,0.8693064671277918,397,334,0.36141721892260986,0.5508674365097538,0.9269521410579346,0.41795244044099844,0.25576407506702414,0.5644970414201184,3.145531903233726,0.3885259031214728,0.5265344687223583
temporal,0.75,frequency,closed_only_label,3293,0.8846037048284239,0.2387661901381457,0.865660464188138,0.4180014273583031,2.151856107979234,-0.34667344454288995,397,377,0.3953303077194778,0.8478019671344609,0.2619647355163728,0.41539151315603795,0.25609337452797803,0.8776470588235294,3.1852878722117,0.41875826442337927,0.8585798153539198
temporal,0.75,static_catboost,raw_ranking,3293,0.5718190100212572,0.21877612722408513,0.7633070461269851,0.7399810924923635,0.49467785529533337,0.6590458879485332,397,336,0.4446287856133834,0.6644956219263524,0.6171284634760705,0.41539151315603795,0.32129580456718004,0.711764705882353,3.1430828429064657,0.47687817986469094,0.6271427025900626
temporal,0.75,static_catboost,floor,3293,0.5718190100212572,0.18941328090936005,0.7908108784308413,0.7713114352756842,0.027688103532941388,0.8816942369560997,397,336,0.14378558396165417,0.7454801777170198,0.2770780856423174,0.08452164253910148,0.21295804567180032,0.7847358121330724,3.3353360536093417,0.1367861458295358,0.6873757652118996
temporal,0.75,static_catboost,active_only,2150,0.8730232558139535,0.1659332868190508,0.940636528969074,0.7066943001945665,1.5740505782408905,0.7000085683224969,355,335,0.469959619216992,0.874413145539906,0.15492957746478872,0.4637602568304522,0.29355354288758656,0.9092409240924092,3.131087826045683,0.5029857264786496,0.833325888616031
temporal,0.75,static_catboost,exclude_cancelled_removed,2829,0.5705196182396607,0.18677338074467692,0.7937358844173289,0.7769718155440308,-0.07604040433568734,0.9668675671465943,374,293,0.4239732194189155,0.5907901590388221,0.660427807486631,0.4274971027558452,0.30855018587360594,0.6684563758389261,3.1657778859906656,0.447588406143197,0.53518770798989
temporal,0.75,static_catboost,unseen_issue_ids,3273,0.5698136266422242,0.1900226171329852,0.7896697724527817,0.7705036710943212,0.02413742804682012,0.8786158633079972,397,334,0.44161704366926696,0.6585582343768742,0.6196473551637279,0.41795244044099844,0.32117962466487937,0.7088757396449704,3.1454098589707002,0.475270759157667,0.622660096954105
temporal,0.75,static_catboost,closed_only_label,3293,0.8846037048284239,0.24851991719956879,0.9061674642286995,0.5861528176775616,1.9911894629973113,0.2725702989409538,397,377,0.42276337072194975,0.8904162168645796,0.17884130982367757,0.41539151315603795,0.26742190181943015,0.9164705882352941,3.175824032738095,0.44153627285699815,0.8871057069954081
temporal,0.75,static_lr,raw_ranking,3293,0.5718190100212572,0.19557897472021918,0.7824514340411193,0.771648531278366,0.3710308277071138,0.6886929673665944,397,336,0.44994852080866027,0.6610841229858861,0.6297229219143576,0.41539151315603795,0.3186404673393521,0.7058823529411765,3.125708203420257,0.4727038276954721,0.6101410925295114
temporal,0.75,static_lr,floor,3293,0.5718190100212572,0.18584053221209465,0.799790343976306,0.7784092835109209,-0.02096979724869224,0.8618109810415683,397,336,0.1402916902249014,0.7103243686138423,0.3198992443324937,0.08452164253910148,0.20392989909718534,0.7514677103718199,3.3321980339203585,0.1316435080638368,0.6529834119907649
temporal,0.75,static_lr,active_only,2150,0.8730232558139535,0.15543690500783805,0.9423483878436159,0.724367268320385,1.50006195936277,0.7245803153062501,355,335,0.4678949426000766,0.8685446009389671,0.15774647887323945,0.4637602568304522,0.2930207778369739,0.9075907590759076,3.1255419476984967,0.4943811076170621,0.8199192239846466
temporal,0.75,static_lr,exclude_cancelled_removed,2829,0.5705196182396607,0.18353662433229903,0.8000849232522407,0.7827364470349463,-0.16798799051223498,1.000755351991071,374,293,0.44427146893488056,0.6022958770284973,0.6336898395721925,0.4274971027558452,0.31474597273853777,0.6818791946308724,3.155735105380078,0.4718898137445186,0.5441519604371027
temporal,0.75,static_lr,unseen_issue_ids,3273,0.5698136266422242,0.18646956613499444,0.7980058036973721,0.7773542225201071,-0.02450707227586164,0.8642700819126655,397,334,0.4458404551405546,0.6535274479229138,0.6372795969773299,0.41795244044099844,0.31742627345844504,0.7005917159763314,3.133877990963472,0.47041842258116756,0.6048667909048137
temporal,0.75,static_lr,closed_only_label,3293,0.8846037048284239,0.25009869161455783,0.9032489909107829,0.5439310170379605,1.996578690250354,0.17642457885196902,397,377,0.4183106186250541,0.8851715245292072,0.16876574307304787,0.41539151315603795,0.2687950566426365,0.9211764705882353,3.159891029608996,0.4373312800906935,0.8799302244813447
